acc_x, acc_y, angular_z, stamp, 
0.003815948963165283, 0.0016263723373413086, 9.19343596433371e-05, 1791227462006550826, 
-0.003369629383087158, 0.0036374330520629883, 9.423461470022709e-05, 1791227462036594987, 
0.0162961483001709, 0.008548617362976074, 9.443675304434657e-05, 1791227462066732615, 
-0.0016213655471801758, -0.018594324588775635, 9.416945358148471e-05, 1791227462096955774, 
0.012788176536560059, -0.004247784614562988, 9.515657696287499e-05, 1791227462126787124, 
0.0003209710121154785, -0.0004450678825378418, 9.121816098011e-05, 1791227462157906481, 
0.0002560615539550781, 0.01378333568572998, 8.794353570370412e-05, 1791227462190184610, 
-0.0177038311958313, -0.006084263324737549, 0.00010600632238812443, 1791227462217033049, 
-0.0067596435546875, 0.011772692203521729, 9.469663258416603e-05, 1791227462247088034, 
0.011398375034332275, -0.016861796379089355, 9.533012250435036e-05, 1791227462277099620, 
0.0005514025688171387, -0.001233518123626709, 9.54788032728937e-05, 1791227462307220556, 
-0.022537529468536377, 0.018666088581085205, 9.603543605204768e-05, 1791227462337244508, 
-0.023977696895599365, 0.0003871917724609375, 9.586277968696449e-05, 1791227462367400290, 
0.0176694393157959, 0.009047925472259521, 9.385943833371787e-05, 1791227462398358547, 
-0.027193725109100342, -0.013099253177642822, 9.296851182497344e-05, 1791227462429773801, 
-0.006866157054901123, -5.036592483520508e-05, 0.00010551852944696938, 1791227462457523296, 
-0.02643352746963501, 0.010517776012420654, 9.7849528910785e-05, 1791227462487600010, 
0.0329892635345459, 0.015626072883605957, 9.757855204595331e-05, 1791227462517683930, 
0.01523202657699585, -0.027354776859283447, 9.773838211570028e-05, 1791227462547794905, 
-0.03159463405609131, -0.007851958274841309, 9.774086034844134e-05, 1791227462577828877, 
-0.02400749921798706, 0.033944904804229736, 9.738447124124191e-05, 1791227462608125780, 
0.019258499145507812, -0.0005393624305725098, 9.855501845528025e-05, 1791227462638289673, 
0.004978656768798828, -0.018462955951690674, 9.235814935677276e-05, 1791227462670396789, 
0.003206193447113037, -0.02008378505706787, 0.00010130051677128445, 1791227462699669611, 
0.028289437294006348, 0.003082096576690674, 0.00010393681002437897, 1791227462728199924, 
0.0014289021492004395, 7.617473602294922e-05, 9.86646993870962e-05, 1791227462758179197, 
0.03174322843551636, 0.005535781383514404, 9.770505670832354e-05, 1791227462788224112, 
0.004210054874420166, -0.04691678285598755, 9.745767431801428e-05, 1791227462818268798, 
-0.03178173303604126, 0.03662329912185669, 9.662966772309828e-05, 1791227462848339570, 
-0.028419852256774902, 0.025211751461029053, 9.608391338938443e-05, 1791227462878503589, 
0.012888193130493164, -0.007153809070587158, 9.194030170108113e-05, 1791227462909946018, 
0.03245919942855835, -0.037473320960998535, 9.07037834291338e-05, 1791227462941817068, 
-0.023612797260284424, -0.02693885564804077, 0.00011151596985430683, 1791227462967673207, 
-0.005563616752624512, 0.025795817375183105, 9.300683507985223e-05, 1791227462998674933, 
-0.0038470029830932617, 0.014686405658721924, 8.073625321196414e-05, 1791227463022391643, 
0.02667391300201416, 0.0144386887550354, 0.00010872682182546508, 1791227463048842543, 
-0.013016760349273682, -0.023353755474090576, 9.617386025914348e-05, 1791227463078823371, 
-0.03080660104751587, -0.019144415855407715, 8.382968626755481e-05, 1791227463101753776, 
-0.012740135192871094, 0.0008589625358581543, 0.00010542425075730976, 1791227463129033294, 
0.023095786571502686, -0.006593227386474609, 9.57814301657646e-05, 1791227463159059187, 
0.006883859634399414, -0.04931527376174927, 9.563938085924266e-05, 1791227463189129681, 
0.006510794162750244, -0.015318334102630615, 9.496947911446626e-05, 1791227463219255393, 
0.017166972160339355, 0.017379403114318848, 9.460098308148693e-05, 1791227463249262186, 
-0.004603445529937744, 0.010326683521270752, 9.467627761888326e-05, 1791227463279323808, 
0.0036672353744506836, -0.012302041053771973, 9.127148576558199e-05, 1791227463310261936, 
-0.01628023386001587, -0.015095353126525879, 8.911867437530852e-05, 1791227463341696605, 
-0.029156148433685303, 0.013394832611083984, 0.00010003554880771856, 1791227463369626349, 
0.012240409851074219, 0.009723007678985596, 9.650856985253429e-05, 1791227463398654015, 
0.019661426544189453, -0.009626328945159912, 8.853680106828249e-05, 1791227463430295276, 
-0.004137575626373291, -0.010545492172241211, 9.353496316239457e-05, 1791227463460325374, 
-0.003967940807342529, 0.0224265456199646, 9.333833633104223e-05, 1791227463490338915, 
-0.0254400372505188, 0.014820694923400879, 9.329042279163202e-05, 1791227463520447723, 
-0.00014591217041015625, 0.005445659160614014, 9.351743299724227e-05, 1791227463550563094, 
0.008981883525848389, -0.016021907329559326, 9.070182433543422e-05, 1791227463581859749, 
-0.007249951362609863, -0.012648522853851318, 9.267746089235733e-05, 1791227463612569650, 
0.02180725336074829, 0.025653302669525146, 0.00010187012552759734, 1791227463640435216, 
0.007615625858306885, 0.013052225112915039, 9.513366627407683e-05, 1791227463670430604, 
-0.0013165473937988281, -0.0033797025680541992, 9.474202024204194e-05, 1791227463700549985, 
-0.004573047161102295, -0.010102450847625732, 9.514145692339371e-05, 1791227463730542924, 
-0.020381391048431396, 0.0007341504096984863, 9.586990518638197e-05, 1791227463760541119, 
-0.01782757043838501, 0.02813553810119629, 9.96205287520932e-05, 1791227463789634264, 
0.0006681084632873535, -0.014872372150421143, 9.04103406711502e-05, 1791227463822020777, 
-0.018988847732543945, -0.02763545513153076, 9.121942540452108e-05, 1791227463854201678, 
-0.030972540378570557, -0.004987835884094238, 0.00011028326320387586, 1791227463880752109, 
-0.014496207237243652, 0.003742516040802002, 9.88119130877025e-05, 1791227463910686391, 
0.009213626384735107, -0.007007002830505371, 9.904387472202416e-05, 1791227463940776189, 
0.014849185943603516, -0.00451284646987915, 9.898216970479322e-05, 1791227463970809466, 
-0.008668601512908936, -0.03582972288131714, 9.886968718060443e-05, 1791227464000876893, 
0.0009325742721557617, 0.004658341407775879, 9.904812712721929e-05, 1791227464030965328, 
0.004558980464935303, 0.027693867683410645, 9.674838333121326e-05, 1791227464061768990, 
0.0006834268569946289, -0.03413146734237671, 9.305499623657919e-05, 1791227464093795334, 
-0.022339582443237305, -0.015169858932495117, 0.00010747606419221137, 1791227464121455100, 
-0.016998291015625, 0.014910697937011719, 9.981623126569261e-05, 1791227464151312081, 
-0.020267844200134277, 0.006186187267303467, 9.916914939160312e-05, 1791227464181363866, 
0.05315810441970825, -0.005522012710571289, 9.847701923048052e-05, 1791227464211626886, 
-0.022028028964996338, -0.011680006980895996, 9.940768916272914e-05, 1791227464241531675, 
-0.010279476642608643, -0.006683290004730225, 6.53426887952659e-05, 1791227464271747711, 
0.1849399209022522, 0.04386681318283081, 0.002299219135904177, 1791227464302218147, 
1.0118236541748047, 0.5778419971466064, 0.04941843216293232, 1791227464333869575, 
1.2223503589630127, -0.07610917091369629, 0.28399145192220593, 1791227464361714515, 
0.2955079674720764, 0.033473074436187744, 0.26958677170210954, 1791227464391732511, 
0.7538858652114868, -0.03692042827606201, 0.2888894649036298, 1791227464421830853, 
0.023507118225097656, 0.4950621724128723, 0.36670748053247937, 1791227464451847966, 
0.5489488244056702, 0.22139543294906616, 0.4352713760046749, 1791227464481904766, 
0.34678685665130615, -0.11428767442703247, 0.5506301550682128, 1791227464511986749, 
0.6686288118362427, 0.44236546754837036, 0.6108146395951148, 1791227464542112635, 
0.6331948041915894, 0.4870620369911194, 0.6407511534318678, 1791227464574143946, 
0.47397077083587646, -0.06061506271362305, 0.7585924066832318, 1791227464605010986, 
-0.12358003854751587, -0.1804407835006714, 0.9042299846049835, 1791227464632287088, 
-0.041755080223083496, 0.23998278379440308, 0.8007617204174957, 1791227464662299853, 
-0.1424214243888855, 0.32590562105178833, 0.761445228876457, 1791227464692342087, 
-0.14492535591125488, 0.184933602809906, 0.7887633979506868, 1791227464722499990, 
-0.0010776519775390625, -0.020268559455871582, 0.8181602084273131, 1791227464752551156, 
-0.1600598692893982, 0.030526340007781982, 0.7774346347825486, 1791227464782704001, 
0.10829633474349976, 0.44244205951690674, 0.7372509107063467, 1791227464814288153, 
0.09319537878036499, -0.07782012224197388, 0.7310703253498705, 1791227464845844635, 
-0.058161020278930664, 0.024262189865112305, 0.8844296451238964, 1791227464872880855, 
-0.1423768401145935, 0.36478549242019653, 0.7892347159607132, 1791227464902868170, 
0.3769092559814453, 0.2644084095954895, 0.8105925458981327, 1791227464932881728, 
0.09173285961151123, 0.05200803279876709, 0.822140538204082, 1791227464963011200, 
-0.4111812114715576, -0.12239521741867065, 0.833095769720405, 1791227464993053308, 
0.16235744953155518, 0.45630067586898804, 0.8580030644598448, 1791227465023138988, 
-0.0952225923538208, 0.10262596607208252, 0.8963161560937929, 1791227465052798142, 
-0.0483015775680542, 0.19043540954589844, 0.7597553670422296, 1791227465085906604, 
-0.2621157765388489, -0.06014096736907959, 0.889845935320154, 1791227465113356193, 
0.11047911643981934, -0.44154638051986694, 0.8488119131173706, 1791227465143371629, 
0.0857318639755249, 0.10474300384521484, 0.834268640486113, 1791227465173428993, 
-0.3984444737434387, 0.7836459875106812, 0.7937698440904021, 1791227465203534117, 
-0.5104120373725891, -0.12928307056427002, 0.7742004929777894, 1791227465233592552, 
-0.024449706077575684, -0.5297096371650696, 0.7611621588208175, 1791227465263679846, 
0.47197985649108887, 0.270857572555542, 0.7424455464232005, 1791227465293788024, 
-0.055149853229522705, 0.5386571288108826, 0.6881521708150645, 1791227465326286509, 
0.13307994604110718, -0.16621840000152588, 0.8228838543532646, 1791227465353998432, 
-0.06668871641159058, 0.042261600494384766, 0.7937102740009077, 1791227465383895830, 
0.020066440105438232, 0.34617966413497925, 0.7806166924788744, 1791227465413938759, 
-0.492212176322937, 0.04954719543457031, 0.7023311049529768, 1791227465436047025, 
0.20876353979110718, -0.2340417504310608, 0.8339741192269539, 1791227465474132332, 
0.08147460222244263, 0.4438384771347046, 0.7711860780971584, 1791227465504204078, 
-0.17236977815628052, 0.3121533989906311, 0.7689839911867073, 1791227465534271769, 
-0.18333423137664795, -0.08231252431869507, 0.7575651254276848, 1791227465565876463, 
-0.02106863260269165, 0.3334730863571167, 0.7806113506688477, 1791227465596825196, 
-0.13455694913864136, 0.18472075462341309, 0.8479225132013475, 1791227465624452938, 
-0.2685856819152832, -0.3560476303100586, 0.7867993609665224, 1791227465654790992, 
-0.09908866882324219, -0.35799306631088257, 0.8343035352625308, 1791227465684625777, 
0.24442756175994873, 0.6697237491607666, 0.8039341604045969, 1791227465714690595, 
6.264448165893555e-05, 0.34345734119415283, 0.7676015995545591, 1791227465745471203, 
-0.4634491205215454, -0.3362739086151123, 0.8041681250025625, 1791227465775492806, 
-0.09815150499343872, 0.01505887508392334, 0.7998562951863787, 1791227465806173191, 
0.04354846477508545, 0.011098980903625488, 0.7425743204129709, 1791227465838419533, 
-0.026628196239471436, -0.5064640045166016, 0.913049465253265, 1791227465864650125, 
0.039589524269104004, 0.36982643604278564, 0.7784008923081736, 1791227465895614981, 
-0.28014570474624634, 0.408677339553833, 0.7871057771749997, 1791227465925613391, 
-0.49292856454849243, -0.09600645303726196, 0.7477613480038404, 1791227465955616212, 
0.24521970748901367, -0.22027629613876343, 0.7604868417618358, 1791227465985561701, 
0.05143338441848755, 0.6911509037017822, 0.7944888071804885, 1791227466015571705, 
0.12553972005844116, 0.13060790300369263, 0.779305465721047, 1791227466046193300, 
-0.2278766632080078, -0.17053133249282837, 0.7582487407521151, 1791227466078280712, 
0.17502903938293457, 0.08022022247314453, 0.8836025796337292, 1791227466105703754, 
0.2810806632041931, 0.28194886445999146, 0.7853203421758214, 1791227466135723802, 
-0.21054989099502563, -0.13283270597457886, 0.7670821500358511, 1791227466165801389, 
0.10220009088516235, -0.012274563312530518, 0.7847432207732754, 1791227466195788310, 
-0.018756747245788574, 0.4234456419944763, 0.7702306517993003, 1791227466225960217, 
0.1286194920539856, 0.0942922830581665, 0.7688689513597414, 1791227466255809079, 
-0.8827164173126221, -0.05397254228591919, 0.775586113705213, 1791227466286314330, 
-0.40861374139785767, -0.08182913064956665, 0.773174741222571, 1791227466318005890, 
0.1988040804862976, 0.48741865158081055, 0.8555808354865104, 1791227466346113369, 
0.5669474601745605, -0.23369085788726807, 0.7907525289721244, 1791227466376113779, 
0.253412663936615, -0.19857102632522583, 0.8118334122752991, 1791227466406194423, 
0.20237761735916138, 0.4590519666671753, 0.8334560818770018, 1791227466436227926, 
-0.2778733968734741, 0.3089976906776428, 0.8441307734302872, 1791227466465289888, 
0.115287184715271, -0.18162357807159424, 0.775581978540825, 1791227466496326396, 
-0.46729743480682373, -0.12147516012191772, 0.804003915932205, 1791227466526423669, 
0.21194380521774292, 0.175592839717865, 0.7810018820193548, 1791227466558124363, 
-0.08821183443069458, 0.27519291639328003, 0.9121834862724801, 1791227466585654285, 
-0.1440224051475525, 0.14610695838928223, 0.8169921809127366, 1791227466615659875, 
-0.3549842834472656, -0.1660582423210144, 0.7851587178052443, 1791227466646705684, 
-0.42857587337493896, -0.03745239973068237, 0.8268703730760536, 1791227466676742491, 
-0.0351872444152832, 0.008224666118621826, 0.8267886520511195, 1791227466706793948, 
0.44004708528518677, 0.48054784536361694, 0.8153391017626765, 1791227466736863597, 
-0.024559736251831055, 0.24084657430648804, 0.784843692566152, 1791227466766929587, 
-0.016092360019683838, -0.22472363710403442, 0.7633200109328528, 1791227466798516041, 
-0.038928449153900146, -0.1589186191558838, 0.7931165049517879, 1791227466829854296, 
0.012394249439239502, 0.5563411116600037, 0.8907714477548727, 1791227466857186809, 
-0.08863401412963867, -0.0005182027816772461, 0.7648532363173051, 1791227466887277627, 
-0.11606693267822266, -0.16316628456115723, 0.8086635948579132, 1791227466916292249, 
0.08210283517837524, 0.21995645761489868, 0.7676575100695069, 1791227466947336903, 
-0.33413445949554443, 0.2092464566230774, 0.7847702316413184, 1791227466977396935, 
-0.38527387380599976, 0.006124675273895264, 0.7813343349384866, 1791227467007471258, 
-0.2762607932090759, -0.3325660824775696, 0.7818991435496142, 1791227467038285884, 
0.1298915147781372, 0.3952462077140808, 0.7469613422829084, 1791227467070041079, 
-0.11717957258224487, 0.05305516719818115, 0.8506313295243538, 1791227467097729464, 
0.041331350803375244, -0.231450617313385, 0.7988216762666921, 1791227467127726247, 
-0.10225176811218262, 0.0643797516822815, 0.8212192821455836, 1791227467157814654, 
-0.19344300031661987, 0.33989083766937256, 0.8323291801218393, 1791227467187833795, 
-0.1522136926651001, -0.24923062324523926, 0.823814758347943, 1791227467217895447, 
-0.232785165309906, -0.23135727643966675, 0.8147161485044976, 1791227467248023861, 
0.12411868572235107, 0.444175124168396, 0.7936781743737191, 1791227467278152171, 
-0.26706069707870483, 0.34764134883880615, 0.7359364786745831, 1791227467310619800, 
-0.4017449617385864, -0.24115991592407227, 0.8246793932536938, 1791227467339935561, 
-0.022532165050506592, -0.2657340168952942, 0.8635324481055937, 1791227467367356798, 
-0.2872229814529419, 0.7270176410675049, 0.7707197857801367, 1791227467398433675, 
-0.23330259323120117, -0.030030488967895508, 0.8120518481343686, 1791227467428485609, 
0.11438769102096558, 0.10591280460357666, 0.8152197011501215, 1791227467458682214, 
0.11612582206726074, 0.5949878692626953, 0.8084654884372965, 1791227467488695171, 
-0.1708981990814209, -0.2645356059074402, 0.7600203904750609, 1791227467518622419, 
-0.22662663459777832, -0.4089750051498413, 0.7556609847020921, 1791227467550066052, 
0.3138209581375122, 0.5043101906776428, 0.7808539422668698, 1791227467581834944, 
-0.12430757284164429, 0.3008521795272827, 0.9046780808722371, 1791227467608844441, 
0.2635400891304016, -0.1654224395751953, 0.7756686377247639, 1791227467638822750, 
-0.10325109958648682, -0.012468934059143066, 0.774510624979478, 1791227467668871828, 
-0.043534696102142334, 0.16946303844451904, 0.7950837621841872, 1791227467699052295, 
-0.6957527995109558, 0.16115546226501465, 0.7664147931326262, 1791227467729029578, 
-0.21323728561401367, -0.17386329174041748, 0.7688760996366919, 1791227467759195057, 
0.3566043972969055, 0.051268815994262695, 0.7707491882206395, 1791227467790173596, 
0.033227741718292236, 0.5748888850212097, 0.7524815301926184, 1791227467821797364, 
0.015057861804962158, -0.431479275226593, 0.8607575581108826, 1791227467849405433, 
0.11679905652999878, 0.043326616287231445, 0.7966041583425382, 1791227467879369029, 
-0.04753607511520386, 0.2724514603614807, 0.7784946894783341, 1791227467909471183, 
-0.13757526874542236, 0.02695012092590332, 0.7851088733975137, 1791227467939526261, 
-0.043212890625, -0.031772494316101074, 0.8057499452551943, 1791227467969590967, 
0.455321729183197, 0.1763972043991089, 0.8242096098358681, 1791227467999749037, 
0.07478010654449463, 0.32842856645584106, 0.7749721133268989, 1791227468030371095, 
-0.5657353401184082, -0.3065189719200134, 0.7343881061910853, 1791227468062039657, 
-0.6278239488601685, -0.2096017599105835, 0.8459110654757225, 1791227468089883889, 
-0.3665897846221924, 0.6946449279785156, 0.7840668532937783, 1791227468120583933, 
-0.07436978816986084, 0.3183722496032715, 0.8060784643264696, 1791227468150523707, 
0.15675288438796997, -0.3176485300064087, 0.8341287905584703, 1791227468180631794, 
0.39918631315231323, -0.07654154300689697, 0.8676935434850273, 1791227468210583909, 
0.004292130470275879, 0.32943910360336304, 0.8135018780730034, 1791227468240765791, 
-0.20003485679626465, 0.2850061058998108, 0.7686473618538634, 1791227468271087061, 
-0.018673717975616455, -0.15947717428207397, 0.7559637858659994, 1791227468302039788, 
-0.0890703797340393, -0.0344427227973938, 0.7863856884720156, 1791227468332222960, 
0.07437103986740112, 0.20568281412124634, 0.8456566912530155, 1791227468360755328, 
-0.4033745527267456, 0.23543065786361694, 0.8040099244612012, 1791227468390717007, 
-0.17477989196777344, -0.09667980670928955, 0.782309840495444, 1791227468420859755, 
-0.31191325187683105, 0.3391823172569275, 0.7841437794880044, 1791227468450880486, 
-0.2823594808578491, 0.06178957223892212, 0.7803535318237943, 1791227468481151561, 
-0.26635050773620605, -0.316566526889801, 0.799858417916131, 1791227468510946374, 
0.005172669887542725, 0.10767948627471924, 0.7575378543945738, 1791227468542065985, 
-0.0066950321197509766, 0.20256006717681885, 0.7329300670274942, 1791227468574225261, 
0.4421478509902954, 0.18057090044021606, 0.8900438885720586, 1791227468601039654, 
-0.5116990804672241, 0.011058449745178223, 0.7808795444085742, 1791227468631004930, 
0.18066507577896118, 0.1665114164352417, 0.7730619218720687, 1791227468661089644, 
-0.5083997249603271, -0.0232313871383667, 0.7843954033224496, 1791227468691171974, 
-0.2053120732307434, 0.06307286024093628, 0.7955638382470879, 1791227468721291011, 
-0.38889485597610474, -0.008517444133758545, 0.815463960756016, 1791227468751322472, 
-0.5197713971138, 0.1604100465774536, 0.8183816806493669, 1791227468781542768, 
0.4148412346839905, 0.4040312170982361, 0.7744423793904942, 1791227468814063131, 
-0.372903048992157, 0.06576937437057495, 0.9390025307622731, 1791227468840642841, 
-0.03415274620056152, -0.13819843530654907, 0.7936080814924475, 1791227468871593053, 
-0.10795038938522339, -0.1771615743637085, 0.8349401372171422, 1791227468900640055, 
0.1293199062347412, 0.23952287435531616, 0.7739837591149143, 1791227468931928852, 
0.22578060626983643, 0.3741539716720581, 0.8127760733568341, 1791227468961801644, 
-0.11121165752410889, 0.04677736759185791, 0.7834839313592228, 1791227468992107388, 
-0.4175402522087097, -0.19269078969955444, 0.7831780156340832, 1791227469022089589, 
-0.1726183295249939, -0.010917723178863525, 0.707813898513336, 1791227469054404282, 
0.16161507368087769, 0.09988713264465332, 0.7727278651745605, 1791227469084275154, 
-0.03311187028884888, -0.01766037940979004, 0.8202393349948449, 1791227469122256530, 
0.047811806201934814, 0.49883705377578735, 0.778802694527206, 1791227469152397198, 
0.1510959267616272, 0.06640112400054932, 0.7911511884078439, 1791227469182281527, 
0.05131036043167114, 0.037924885749816895, 0.7687040206771155, 1791227469214075749, 
0.14804154634475708, 0.0973426103591919, 0.8166247205430511, 1791227469245054058, 
-0.29759979248046875, 0.2616615295410156, 0.9038393880008246, 1791227469271987644, 
0.20821255445480347, 0.15562403202056885, 0.761709787003006, 1791227469302493242, 
-0.1702117919921875, -0.3368198275566101, 0.7883050170498346, 1791227469332560543, 
0.17274731397628784, 0.37638020515441895, 0.8206055358804808, 1791227469362704178, 
-0.36582493782043457, 0.3729243874549866, 0.7924470616154169, 1791227469392782101, 
0.11870890855789185, -0.06471747159957886, 0.7560826349820782, 1791227469422870394, 
-0.15055721998214722, -0.11487102508544922, 0.7369773447262133, 1791227469454094877, 
-0.00790935754776001, 0.4662834405899048, 0.7435568194300988, 1791227469486680367, 
-0.47855865955352783, -0.007079422473907471, 0.9211571794718644, 1791227469513017677, 
0.03834050893783569, -0.20830345153808594, 0.8098409449781182, 1791227469543021524, 
0.826702356338501, 0.09864002466201782, 0.7976550156029033, 1791227469573096407, 
0.8272541761398315, 0.5524923801422119, 0.7890325742993497, 1791227469603181006, 
-0.617344319820404, 0.18971842527389526, 0.7905508485728542, 1791227469633258797, 
-0.10792553424835205, -0.3138955235481262, 0.8214102221533516, 1791227469663312978, 
0.1076958179473877, 0.4250675439834595, 0.8121628587832281, 1791227469694081703, 
-0.6001095771789551, 0.709826648235321, 0.7631024942509665, 1791227469725675054, 
0.08702361583709717, -0.2088911533355713, 0.8602512135995181, 1791227469753566314, 
-0.4069332480430603, -0.24934613704681396, 0.8140039878646056, 1791227469783537496, 
0.8710685968399048, 0.3352302312850952, 0.7652233009068184, 1791227469813633639, 
-0.392093300819397, 0.30110275745391846, 0.7399243236331767, 1791227469843695099, 
-0.2596690058708191, -0.250468909740448, 0.7879647039204417, 1791227469873853027, 
-0.21563702821731567, -0.043257296085357666, 0.8394912851580574, 1791227469903846933, 
0.2078961730003357, 0.6518658399581909, 0.7738391087569614, 1791227469934835986, 
0.022573411464691162, -0.03696608543395996, 0.732646899923933, 1791227469966136306, 
-0.03578299283981323, -0.2636770009994507, 0.8577086850490779, 1791227469994058136, 
0.30957692861557007, 0.7518222332000732, 0.7963147561041328, 1791227470024074842, 
-0.21166729927062988, 0.24563473463058472, 0.763226496028307, 1791227470054240480, 
0.054350316524505615, -0.21465635299682617, 0.7848534248501794, 1791227470084239103, 
-0.17868834733963013, 0.14229774475097656, 0.7880346977386704, 1791227470114328671, 
0.24842160940170288, 0.17849218845367432, 0.7808194651352036, 1791227470144391551, 
0.11787015199661255, 0.39119619131088257, 0.7793775212881925, 1791227470174447593, 
-0.07344651222229004, -0.29897648096084595, 0.7545513204061485, 1791227470206121619, 
-0.3210309147834778, 0.33948320150375366, 0.7840760473849872, 1791227470237061340, 
-0.3446922302246094, 0.29324740171432495, 0.9141587729572582, 1791227470263653826, 
-0.185533344745636, -0.10185235738754272, 0.791682582297437, 1791227470294726421, 
0.30508679151535034, 0.15228497982025146, 0.8014318045852161, 1791227470324767996, 
0.13391578197479248, 0.4105466604232788, 0.7836308098873036, 1791227470354837589, 
-0.05605137348175049, 0.10396552085876465, 0.7992736152577916, 1791227470384886291, 
-0.08455371856689453, 0.07909977436065674, 0.8147116907838569, 1791227470414967878, 
-0.48077601194381714, 0.24416089057922363, 0.7498695037758265, 1791227470446583545, 
0.3229730725288391, -0.1284235119819641, 0.7395729964670557, 1791227470478393422, 
-0.11902642250061035, 0.1759932041168213, 0.9026427076867428, 1791227470505182027, 
0.29571717977523804, 0.45503532886505127, 0.8195995426656608, 1791227470535358577, 
-0.4570940136909485, 0.3666541576385498, 0.8131194377743055, 1791227470565298708, 
0.33473724126815796, -0.5193687081336975, 0.7924933861553033, 1791227470595368548, 
-0.5111398100852966, 0.055998265743255615, 0.7806895656930809, 1791227470625493644, 
-0.044325947761535645, 0.6871693134307861, 0.7899078921132647, 1791227470655604003, 
-0.47026675939559937, 0.510348916053772, 0.7803779176721266, 1791227470686169173, 
-0.11150532960891724, -0.1993544101715088, 0.7419803293276043, 1791227470718344073, 
-0.015184462070465088, 0.20663535594940186, 0.8751450330727527, 1791227470745844142, 
0.042230188846588135, 0.31105315685272217, 0.7891864674898872, 1791227470775788005, 
-0.2811371088027954, -0.07864272594451904, 0.7714780908268656, 1791227470805823877, 
-0.22949928045272827, 0.1064988374710083, 0.7635381333025217, 1791227470835880238, 
0.02844899892807007, 0.3593917489051819, 0.7858575604353364, 1791227470865928012, 
0.42490410804748535, 0.18218332529067993, 0.8273496054535705, 1791227470896013727, 
-0.1422710418701172, 0.08953744173049927, 0.8267717625727484, 1791227470926221891, 
0.2239648699760437, 0.07552152872085571, 0.7250713891560944, 1791227470959097994, 
-0.3957371115684509, 0.23874497413635254, 0.8679724005693401, 1791227470986338906, 
0.33442938327789307, 0.16427546739578247, 0.8291339709021761, 1791227471016284749, 
-0.19032526016235352, -0.09767508506774902, 0.8233135075842056, 1791227471046369013, 
-0.209661066532135, 0.47491174936294556, 0.7827091665361288, 1791227471076394356, 
0.2982172966003418, 0.3621320128440857, 0.7807763996302912, 1791227471106479215, 
-0.08165329694747925, -0.2132236361503601, 0.8156278763815528, 1791227471136542011, 
-0.28012412786483765, 0.07992178201675415, 0.8123079462763627, 1791227471166593239, 
-0.5488283038139343, 0.2077234983444214, 0.7502685621489906, 1791227471198604553, 
0.5988983511924744, 0.22092127799987793, 0.7725824305744453, 1791227471229312948, 
0.07148474454879761, 0.2984998822212219, 0.8577764527297465, 1791227471256898759, 
-0.09491091966629028, 0.27754032611846924, 0.7974615897203844, 1791227471286897290, 
-0.41591817140579224, -0.32090455293655396, 0.82679880960538, 1791227471316920963, 
0.01695692539215088, -0.08823180198669434, 0.8121947936425957, 1791227471346989530, 
0.18819141387939453, 0.621163547039032, 0.7904932255969233, 1791227471377081255, 
0.1967514157295227, 0.2875403165817261, 0.7876234400290686, 1791227471407156765, 
-0.3357638716697693, -0.11862850189208984, 0.77690614848503, 1791227471438314062, 
0.5413417816162109, 0.32374924421310425, 0.7440221129340737, 1791227471470858087, 
-0.20626360177993774, 0.371706485748291, 0.8758883996718854, 1791227471497374135, 
-0.34934520721435547, -0.20885950326919556, 0.7941259447261231, 1791227471527397230, 
0.08769577741622925, 0.06252670288085938, 0.7932702524477216, 1791227471557449320, 
0.3272819519042969, 0.4457680583000183, 0.7650148668738409, 1791227471587505369, 
0.03873920440673828, 0.18754130601882935, 0.7566527018599926, 1791227471617599800, 
-0.23929685354232788, -0.21597301959991455, 0.7973615600743836, 1791227471647702426, 
0.10571211576461792, -0.16882199048995972, 0.8019154626333312, 1791227471678538074, 
-0.7021311521530151, 0.9065940976142883, 0.7339925860385382, 1791227471710424285, 
-0.09667015075683594, -0.1302119493484497, 0.8443012606084949, 1791227471737890234, 
0.13586574792861938, -0.11328041553497314, 0.8195581104698861, 1791227471767898697, 
0.5322971343994141, 0.6978715062141418, 0.8083787627493753, 1791227471797973340, 
-0.09618747234344482, 0.23928624391555786, 0.7931936031144676, 1791227471828043194, 
-0.05396437644958496, -0.39620494842529297, 0.8058093767099238, 1791227471858110234, 
-0.18633848428726196, -0.13723939657211304, 0.8128871176996552, 1791227471888203023, 
0.16095149517059326, 0.7099962830543518, 0.778724113196495, 1791227471918835282, 
-0.05625569820404053, 0.2516013979911804, 0.7351832430712432, 1791227471950721907, 
-0.04892510175704956, -0.25859278440475464, 0.8095182029610928, 1791227471980975699, 
-0.014096736907958984, 0.11988162994384766, 0.89224343736344, 1791227472008394031, 
-0.19575119018554688, 0.5479496121406555, 0.7983733980476819, 1791227472038499999, 
-0.4287290573120117, -0.05568140745162964, 0.7890907833329617, 1791227472068538051, 
0.06821000576019287, 0.01372838020324707, 0.8223539789483266, 1791227472097664072, 
0.30409687757492065, 0.2609240412712097, 0.7437307494580333, 1791227472128739540, 
0.27939099073410034, 0.22632908821105957, 0.7713569358890605, 1791227472158826865, 
-0.01082688570022583, -0.0794416069984436, 0.7510667952201666, 1791227472190678662, 
-0.1928873062133789, 0.26755887269973755, 0.7720237801934314, 1791227472222231905, 
0.12288075685501099, 0.29926133155822754, 0.8779212082103495, 1791227472249026207, 
0.2304079532623291, 0.03946816921234131, 0.7757250768023343, 1791227472279117017, 
0.4098253846168518, 0.2141755223274231, 0.7929101471970056, 1791227472309423341, 
-0.09618997573852539, 0.3015468120574951, 0.8031516997985313, 1791227472339294860, 
0.16944271326065063, -0.09631359577178955, 0.7847665921256882, 1791227472369369149, 
0.08640575408935547, -0.4263979196548462, 0.7825436449884466, 1791227472399352731, 
0.11378175020217896, 0.6951103210449219, 0.7436943628235598, 1791227472430844168, 
-0.033694684505462646, 0.2514726519584656, 0.7316026492083489, 1791227472462270096, 
0.1431865096092224, -0.022247791290283203, 0.8544199624336375, 1791227472489543151, 
-0.15070128440856934, 0.4199746251106262, 0.8363566888838233, 1791227472518581266, 
0.1232956051826477, 0.18603038787841797, 0.779643224475096, 1791227472549695408, 
-0.1215064525604248, -0.3993925452232361, 0.8116519864144197, 1791227472579705895, 
-0.20291566848754883, 0.15039992332458496, 0.7976012126819351, 1791227472609822138, 
0.2036064863204956, 0.6186581254005432, 0.8011106589611079, 1791227472639884468, 
0.058403611183166504, 0.09563374519348145, 0.8277715998989224, 1791227472669651173, 
0.13647401332855225, -0.24604249000549316, 0.7690233654922305, 1791227472702270294, 
-0.2969866394996643, 0.07874912023544312, 0.8926154630551449, 1791227472730109028, 
0.3153247833251953, 0.19922363758087158, 0.7869889448090841, 1791227472760729335, 
-0.502640426158905, 0.3951418399810791, 0.8036870452032018, 1791227472790787547, 
0.5869365930557251, -0.005764305591583252, 0.8174671744415827, 1791227472820807930, 
-0.21126234531402588, 0.11578792333602905, 0.7927182007743421, 1791227472850866197, 
0.2259419560432434, 0.30854177474975586, 0.7738380772731194, 1791227472880848889, 
-0.006075799465179443, 0.15425777435302734, 0.7803811015815011, 1791227472910981804, 
0.013590037822723389, 0.05472517013549805, 0.7563184293723193, 1791227472942618306, 
-0.4102784991264343, -0.052369534969329834, 0.7984277840408524, 1791227472973130043, 
0.05540674924850464, 0.2909594774246216, 0.8764160967845697, 1791227473000984752, 
0.3025694489479065, 0.010227322578430176, 0.8026730279289279, 1791227473030955694, 
-0.272283673286438, 0.07771313190460205, 0.7062236714733524, 1791227473053239286, 
-0.006575584411621094, 0.22015047073364258, 0.8543410144046337, 1791227473081068402, 
-0.28110361099243164, 0.018958449363708496, 0.8015159171579773, 1791227473111098047, 
0.34695786237716675, -0.06748038530349731, 0.6922565455052957, 1791227473134227436, 
0.3256756067276001, 0.27766162157058716, 0.869294517304141, 1791227473161236066, 
-0.07323622703552246, 0.28849345445632935, 0.7847613169433063, 1791227473191167669, 
-0.26439887285232544, -0.14709621667861938, 0.7862320840381462, 1791227473221209348, 
-0.12555646896362305, 0.31792670488357544, 0.7862752064282542, 1791227473251226538, 
0.08617502450942993, 0.13626885414123535, 0.7863908519896462, 1791227473281272422, 
-0.15777403116226196, -0.034693360328674316, 0.8154596450183641, 1791227473311383403, 
-0.10749739408493042, 0.016930103302001953, 0.7919590545027057, 1791227473342572659, 
-0.1993865966796875, 0.33615392446517944, 0.7666092960101552, 1791227473374523099, 
0.2870579957962036, 0.328899085521698, 0.8675685629346102, 1791227473401526891, 
-0.3521053194999695, -0.39144355058670044, 0.8235185714758482, 1791227473431557715, 
0.25847089290618896, -0.0010473132133483887, 0.8750371072588847, 1791227473460594932, 
-0.010406732559204102, 0.43632006645202637, 0.7934579888389038, 1791227473491696518, 
0.21189647912979126, 0.4410884380340576, 0.8013122747999942, 1791227473521823011, 
-0.03735029697418213, -0.3066919445991516, 0.8087311712163502, 1791227473551890848, 
0.012838900089263916, -0.023823797702789307, 0.7790916403130167, 1791227473582826419, 
-0.313936710357666, 0.5374739766120911, 0.7434493653208183, 1791227473614345491, 
0.08944880962371826, 0.22919607162475586, 0.8421768314829361, 1791227473642049090, 
-0.37215256690979004, -0.2105732560157776, 0.7786065499721466, 1791227473672121786, 
-0.06726157665252686, 0.2633712887763977, 0.7879065911432405, 1791227473702160105, 
-0.3008228540420532, 0.018685758113861084, 0.7898345104697267, 1791227473732354853, 
0.472320020198822, 0.03451794385910034, 0.807261314676135, 1791227473762336289, 
0.09986209869384766, 0.33912193775177, 0.7605524165588113, 1791227473792395833, 
-0.11988258361816406, 0.018787741661071777, 0.7485592545920234, 1791227473822552087, 
-0.06302595138549805, -0.09845024347305298, 0.7352787449593373, 1791227473854298089, 
-0.09973114728927612, -0.061032235622406006, 0.7842589867701327, 1791227473885145253, 
0.34800106287002563, 0.3743721842765808, 0.8485300918477425, 1791227473912769540, 
-0.07399135828018188, 0.09955710172653198, 0.7737549964526882, 1791227473942835686, 
-0.17610883712768555, -0.2537035346031189, 0.8087180467910727, 1791227473972922280, 
0.12097591161727905, 0.5664869546890259, 0.8020990479724073, 1791227474002907108, 
0.11247628927230835, -0.012753725051879883, 0.7427884831654692, 1791227474032962843, 
-0.6170669198036194, -0.29276466369628906, 0.7652250267012394, 1791227474062979566, 
-0.0981934666633606, 0.48839765787124634, 0.769053181973211, 1791227474095053989, 
-0.14754271507263184, 0.38969600200653076, 0.7897178017966223, 1791227474126489131, 
-0.19437134265899658, -0.39930009841918945, 0.8966858305982066, 1791227474153263085, 
-0.12677204608917236, -0.21383953094482422, 0.8257012753205234, 1791227474183233130, 
0.4856811761856079, 0.8009287118911743, 0.8350006721370192, 1791227474213318635, 
0.16598880290985107, 0.34566807746887207, 0.8036680523869878, 1791227474243388221, 
-0.01102679967880249, -0.32092052698135376, 0.7969641938222833, 1791227474273437017, 
-0.2358185052871704, -0.6209418177604675, 0.8079080061725545, 1791227474303500568, 
-0.3647273778915405, 0.6389365792274475, 0.7853600476535278, 1791227474334316156, 
0.21454459428787231, 0.2914479970932007, 0.7227447503082693, 1791227474366423763, 
-0.20027798414230347, -0.06790655851364136, 0.8302753736176749, 1791227474393788557, 
-0.18335020542144775, 0.036338210105895996, 0.7584071611145276, 1791227474423780223, 
-0.5293492078781128, 0.17823582887649536, 0.7832583565639091, 1791227474453869627, 
-0.07499361038208008, 0.11176872253417969, 0.8380894574726928, 1791227474483914709, 
-0.1689351201057434, 0.2616475820541382, 0.8514598832168926, 1791227474513960628, 
0.2783362865447998, 0.009781420230865479, 0.7831428494841449, 1791227474543999017, 
0.40272289514541626, -0.23664146661758423, 0.7306412966088066, 1791227474574792922, 
0.06153237819671631, -0.036389172077178955, 0.7230293354091237, 1791227474606774455, 
0.12108153104782104, 0.44566482305526733, 0.8736836115791137, 1791227474634257949, 
-0.3542100191116333, 0.07658684253692627, 0.7776090252105764, 1791227474664355914, 
-0.0569838285446167, -0.15946125984191895, 0.7892131034682627, 1791227474694346264, 
-0.15844333171844482, 0.3102756142616272, 0.8217481846023279, 1791227474724488501, 
-0.041516125202178955, 0.09076416492462158, 0.8131279789294614, 1791227474754480232, 
-0.18799269199371338, 0.1211349368095398, 0.7893132165966638, 1791227474784520023, 
-0.22543543577194214, -0.25935685634613037, 0.8168516397888619, 1791227474813648955, 
-0.040314555168151855, 0.26401734352111816, 0.7462985645562268, 1791227474846377026, 
0.10130596160888672, 0.20685315132141113, 0.8121896861911159, 1791227474876756418, 
-0.1422330141067505, 0.18809789419174194, 0.8783279783067149, 1791227474904903733, 
0.5006256699562073, 0.03502136468887329, 0.8117852904916019, 1791227474934929479, 
-0.0801095962524414, -0.07623356580734253, 0.800983381193909, 1791227474964932285, 
0.2779896855354309, -0.01804828643798828, 0.7927625621185308, 1791227474995011165, 
-0.12481498718261719, 0.2739141583442688, 0.7909582865512425, 1791227475025052772, 
-0.32186704874038696, 0.3722970485687256, 0.7729118889562605, 1791227475055201648, 
-0.14256799221038818, -0.20327270030975342, 0.7881925647259648, 1791227475086382284, 
-0.21945160627365112, 0.015258610248565674, 0.777095584907144, 1791227475119021499, 
-0.1782861351966858, -0.009387373924255371, 0.9543548184647312, 1791227475145334965, 
-0.45231175422668457, 0.38569778203964233, 0.8090711271116272, 1791227475175517740, 
0.13207000494003296, 0.1492655873298645, 0.8008834345445512, 1791227475205440352, 
-0.20506048202514648, -0.3179522156715393, 0.808606720063728, 1791227475235525311, 
0.2740025520324707, 0.2542382478713989, 0.7906615197017186, 1791227475265570945, 
-0.12355548143386841, 0.28839051723480225, 0.7993220955054201, 1791227475294651916, 
0.17105895280838013, -0.1292514204978943, 0.7503573272109687, 1791227475325702847, 
-0.05975288152694702, -0.042039453983306885, 0.7224725935656808, 1791227475358624035, 
0.10843473672866821, 0.48823148012161255, 0.8565944182697296, 1791227475385962610, 
-0.4799741506576538, 0.1288183331489563, 0.767029199890163, 1791227475415940383, 
0.04212707281112671, -0.20889216661453247, 0.786733525457179, 1791227475446006094, 
-0.23722493648529053, -0.005583226680755615, 0.8010091658268972, 1791227475476055123, 
-0.31561189889907837, 0.6233059763908386, 0.8329120092146624, 1791227475506198448, 
-0.504318356513977, -0.03453284502029419, 0.8633414764307907, 1791227475536260118, 
0.4013349413871765, -0.16317731142044067, 0.8060018006095767, 1791227475566857361, 
-0.23287850618362427, 0.293113648891449, 0.7513148366160869, 1791227475598617769, 
0.039431989192962646, 0.16102248430252075, 0.8626426115791486, 1791227475626739929, 
0.3725457191467285, 0.07226496934890747, 0.8184611992007788, 1791227475656471062, 
-0.003797292709350586, -0.04912519454956055, 0.77861538882154, 1791227475686535948, 
-0.2630019783973694, -0.0745057463645935, 0.7663810561079273, 1791227475716550650, 
-0.07070714235305786, 0.10844624042510986, 0.8182967624678417, 1791227475745668170, 
-0.38499367237091064, 0.22861891984939575, 0.7813403960992877, 1791227475776745707, 
-0.1611320972442627, 0.1156737208366394, 0.8005729201636974, 1791227475806804235, 
-0.2645071744918823, -0.4053651690483093, 0.7366899326302007, 1791227475838961042, 
-0.05682164430618286, 0.02207028865814209, 0.8205515180933008, 1791227475869223911, 
-0.2496204376220703, 0.704928994178772, 0.8786011690827165, 1791227475897041114, 
-0.37945711612701416, 0.17615318298339844, 0.7821506240326496, 1791227475927079280, 
-0.23098498582839966, -0.4360339045524597, 0.7799011269783365, 1791227475957105652, 
0.08198893070220947, 0.04703378677368164, 0.7925304814036053, 1791227475987221012, 
0.4135357141494751, 0.6531705856323242, 0.7899805792339315, 1791227476017274441, 
-0.4865068197250366, 0.02474313974380493, 0.7811821121599736, 1791227476047400388, 
0.39289677143096924, -0.3436671495437622, 0.737763361767781, 1791227476079365928, 
-0.23270374536514282, 0.344635546207428, 0.7370207450690315, 1791227476111030583, 
-0.23493456840515137, -0.10285890102386475, 0.7768200155479122, 1791227476167583878, 
-0.0674138069152832, 0.05018836259841919, 0.8227410863853332, 1791227476196638514, 
-0.5364986658096313, 0.1147536039352417, 0.789439339519125, 1791227476257801313, 
0.0475538969039917, -0.347606360912323, 0.8117777974205437, 1791227476287945518, 
0.08725982904434204, 0.6710700392723083, 0.7675184118008676, 1791227476318944672, 
-0.05701035261154175, -0.015562474727630615, 0.7192445652123984, 1791227476350625052, 
0.07507592439651489, -0.4157247543334961, 0.8535241103571383, 1791227476378429135, 
0.15143513679504395, 0.1937311291694641, 0.8474771794190783, 1791227476408346925, 
0.3129817843437195, 0.7188718318939209, 0.8313902109187192, 1791227476438431064, 
-0.1056361198425293, 0.1469225287437439, 0.8079012530602472, 1791227476468294204, 
-0.46323055028915405, -0.3926880359649658, 0.8017894072199351, 1791227476498327066, 
-0.23004978895187378, 0.1297140121459961, 0.8018785542212324, 1791227476528468690, 
-0.27930665016174316, 0.39683234691619873, 0.7944864225616879, 1791227476558966993, 
0.024190247058868408, 0.2503891587257385, 0.7726036384154249, 1791227476591006359, 
-0.34184980392456055, -0.2671155333518982, 0.8412162744792225, 1791227476620690361, 
0.16775965690612793, 0.080222487449646, 0.8610784326968739, 1791227476648847419, 
-0.3632012605667114, 0.09224873781204224, 0.802873642227002, 1791227476678710531, 
-0.06808960437774658, 0.016363084316253662, 0.7667121628525667, 1791227476699660914, 
0.011786341667175293, -0.09631079435348511, 0.8050915067517448, 1791227476728939698, 
-0.44798803329467773, 0.126545250415802, 0.7794951490647759, 1791227476758892406, 
-0.16348731517791748, 0.12234753370285034, 0.7906200518154759, 1791227476788991133, 
-0.32187747955322266, 0.11981356143951416, 0.7898785240908256, 1791227476819203797, 
0.47361528873443604, 0.3526274561882019, 0.7859715434899598, 1791227476849112572, 
0.20539653301239014, 0.09486067295074463, 0.7907234421876771, 1791227476879371661, 
-0.004629194736480713, -0.24569404125213623, 0.7606683404701312, 1791227476911073526, 
-0.37080538272857666, 0.20409905910491943, 0.7604225278733023, 1791227476942498292, 
0.02709484100341797, 0.34113651514053345, 0.8657095580868188, 1791227476969430772, 
0.20885449647903442, -0.04212057590484619, 0.7801043378126166, 1791227476999453157, 
-0.3715425729751587, -0.21907520294189453, 0.6984069266926131, 1791227477022554275, 
-0.2716674208641052, -0.02225363254547119, 0.8759981441788308, 1791227477049616776, 
-0.1286172866821289, 0.6445244550704956, 0.7731065097458345, 1791227477079613714, 
0.6071056127548218, -0.11287695169448853, 0.7765054329178988, 1791227477109619957, 
-0.07255595922470093, -0.0865790843963623, 0.790669830775567, 1791227477139770131, 
0.10564303398132324, 0.5615935921669006, 0.8008354003152452, 1791227477169863650, 
-0.49529027938842773, 0.13363045454025269, 0.8147397814440174, 1791227477199928272, 
0.24066442251205444, -0.031140506267547607, 0.7814851307648825, 1791227477231253559, 
-0.1277848482131958, -0.15162163972854614, 0.7893782380368707, 1791227477262461288, 
-0.22281533479690552, 0.079761803150177, 0.8885838428144255, 1791227477290123457, 
-0.1519889235496521, 0.24545955657958984, 0.8163328233840322, 1791227477320231272, 
0.33789241313934326, 0.3044348955154419, 0.8031213772212941, 1791227477350183198, 
-0.2532317042350769, 0.03247535228729248, 0.7819570780791283, 1791227477380245778, 
-0.13260644674301147, -0.27343446016311646, 0.7747393879331833, 1791227477411020997, 
-0.7347111701965332, -0.01274573802947998, 0.8086259177035291, 1791227477441044725, 
-1.0912370681762695, 0.8070530891418457, 0.7879790705928156, 1791227477471088961, 
0.23119628429412842, 0.06994062662124634, 0.7288254200638191, 1791227477502491907, 
-0.3234902024269104, -0.40918558835983276, 0.8047580036181081, 1791227477532472435, 
-0.24603378772735596, 0.023432791233062744, 0.8596775953566775, 1791227477561091286, 
-0.17908424139022827, 0.6604992747306824, 0.8041579058246636, 1791227477591132704, 
-0.19793707132339478, 0.02617555856704712, 0.7649446709209603, 1791227477621145677, 
0.32516610622406006, -0.13971763849258423, 0.7923492759956348, 1791227477651175597, 
0.22692877054214478, 0.36685532331466675, 0.8142277253912513, 1791227477681176646, 
-0.09565699100494385, 0.29023605585098267, 0.7808941206044092, 1791227477711280820, 
-0.586197555065155, -0.06615930795669556, 0.7354324382379108, 1791227477742993475, 
-0.21803224086761475, -0.27015960216522217, 0.7473513932790028, 1791227477774529570, 
0.07671087980270386, 0.6513116359710693, 0.8780971409400116, 1791227477801477670, 
-0.27891457080841064, 0.26154428720474243, 0.776328378905921, 1791227477831422146, 
0.12014830112457275, 0.2905814051628113, 0.6689020483365078, 1791227477854827557, 
0.30354082584381104, 0.008462011814117432, 0.8893695265822464, 1791227477881494613, 
-0.20796668529510498, 0.3379133343696594, 0.798404504428758, 1791227477911435513, 
-0.32374107837677, 0.043138980865478516, 0.8114978472933138, 1791227477941479352, 
0.07005804777145386, 0.2531350255012512, 0.8261947215184718, 1791227477971575408, 
0.07391244173049927, 0.5932271480560303, 0.7888952607501809, 1791227478001572878, 
-0.4529855251312256, -0.25748080015182495, 0.7732004547745699, 1791227478031690081, 
-0.55689537525177, -0.29552149772644043, 0.7929054099204493, 1791227478062937966, 
0.386355459690094, 0.4289376735687256, 0.8034869938284723, 1791227478094565518, 
0.27084869146347046, 0.7930304408073425, 0.8745472068923114, 1791227478121943731, 
-0.27440720796585083, -0.21030741930007935, 0.7888400367483777, 1791227478151954635, 
0.24657320976257324, -0.45076143741607666, 0.81194772058384, 1791227478182013692, 
-0.04402434825897217, 0.44164782762527466, 0.7882320878253375, 1791227478212054324, 
0.12593358755111694, 0.586454451084137, 0.7583151696917326, 1791227478242391935, 
-0.22297650575637817, 0.09671348333358765, 0.8011474879403246, 1791227478272209505, 
-0.13530606031417847, -0.22779321670532227, 0.7974947136102288, 1791227478302587648, 
-0.02285325527191162, 0.2918998599052429, 0.7326155971771653, 1791227478334781828, 
-0.500298798084259, 0.3115798830986023, 0.8529067992051615, 1791227478362458112, 
0.025585949420928955, -0.14336884021759033, 0.8045792180701143, 1791227478392471263, 
-0.3127513527870178, 0.3986785411834717, 0.7920066631161776, 1791227478422571774, 
0.42361247539520264, 0.22201967239379883, 0.7711188805237424, 1791227478452578371, 
-0.18009132146835327, -0.2364211082458496, 0.7776894700653222, 1791227478482767901, 
0.13959169387817383, 0.260633647441864, 0.7893580217320643, 1791227478512791824, 
0.018212199211120605, 0.10366833209991455, 0.777199147119564, 1791227478542864783, 
-0.23152238130569458, 0.19409030675888062, 0.7115844968910752, 1791227478575256613, 
-0.14662182331085205, 0.06741869449615479, 0.7969559215576385, 1791227478604712168, 
0.24765557050704956, 0.3951965570449829, 0.8522490297261773, 1791227478633012552, 
-0.29437679052352905, 0.2525624632835388, 0.8172026359715558, 1791227478663043959, 
0.3163161277770996, -0.20011597871780396, 0.8401311671740883, 1791227478693117350, 
-0.10931742191314697, -0.15080773830413818, 0.8234923529511261, 1791227478723216143, 
-0.17727917432785034, 0.4025716185569763, 0.7860809897039818, 1791227478753280285, 
-0.009690284729003906, 0.5850697755813599, 0.7846867161331317, 1791227478783405801, 
0.6011618375778198, -0.10972744226455688, 0.7929014126278127, 1791227478814569953, 
-0.23326653242111206, 0.12027484178543091, 0.7592503553356484, 1791227478846555781, 
-0.1534101963043213, 0.08160501718521118, 0.8765480739987761, 1791227478873732064, 
0.10838007926940918, -0.4722002148628235, 0.8100956066378507, 1791227478903805524, 
0.1583501100540161, 0.5018515586853027, 0.8661961355754932, 1791227478932638834, 
0.06207925081253052, 0.47355663776397705, 0.7728166227111057, 1791227478963723334, 
-0.3541717529296875, 0.20642352104187012, 0.7911391831335646, 1791227478993804053, 
0.058896780014038086, -0.14160382747650146, 0.7783473154035243, 1791227479023991900, 
-0.10141849517822266, 0.2590431571006775, 0.8050978123833569, 1791227479053639637, 
0.07805037498474121, 0.2936566472053528, 0.7381129185232697, 1791227479087050172, 
-0.5786443948745728, 0.09318238496780396, 0.9139914277705399, 1791227479114135679, 
-0.03115713596343994, 0.057951509952545166, 0.7827368510089951, 1791227479144125831, 
0.20540350675582886, 0.32086801528930664, 0.7437688220619348, 1791227479174170004, 
-0.13960504531860352, -0.008571505546569824, 0.775298941712414, 1791227479204293099, 
0.014435112476348877, 0.12314742803573608, 0.7893051971069859, 1791227479234460212, 
-0.10010731220245361, 0.266834557056427, 0.7676633429167313, 1791227479264555286, 
0.11434930562973022, 0.170058012008667, 0.7761862502347822, 1791227479294713605, 
0.32458484172821045, 0.21488440036773682, 0.764142123815303, 1791227479326785955, 
-0.28236591815948486, 0.014861583709716797, 0.8607732881652682, 1791227479354616914, 
0.22298401594161987, 0.40321600437164307, 0.8190153801058563, 1791227479383666114, 
-0.1016550064086914, 0.002126455307006836, 0.7820886725867225, 1791227479414683094, 
0.3686482906341553, -0.042559027671813965, 0.8213319073164779, 1791227479444778390, 
-0.14060568809509277, 0.23520177602767944, 0.785491566152768, 1791227479474868644, 
-0.25257641077041626, 0.4520265460014343, 0.7949209092158713, 1791227479503935686, 
0.6099991798400879, 0.19000202417373657, 0.7679109564178036, 1791227479535280772, 
-0.34657925367355347, -0.08938884735107422, 0.7786627537552459, 1791227479566728417, 
0.1124277114868164, 0.1228531002998352, 0.7742592365477835, 1791227479597993276, 
-0.09865373373031616, 0.08994972705841064, 0.8905429162853145, 1791227479625173050, 
0.24138516187667847, 0.31724482774734497, 0.8015455846479816, 1791227479655263978, 
-0.08348917961120605, 0.17288631200790405, 0.8038566499143117, 1791227479685335407, 
-0.035845935344696045, 0.020502865314483643, 0.8184075854136119, 1791227479715391020, 
0.09805470705032349, -0.06420624256134033, 0.8202168235319991, 1791227479745737949, 
0.3600813150405884, 0.5322690010070801, 0.8197981510304558, 1791227479775528776, 
-0.10611891746520996, 0.292367160320282, 0.7505982180577583, 1791227479807187997, 
-0.2752283215522766, -0.19662266969680786, 0.7600658742836539, 1791227479838724081, 
-0.08417314291000366, -0.1692017912864685, 0.9057064529652993, 1791227479865749177, 
0.3953707814216614, 0.6742430329322815, 0.7862622142486101, 1791227479895729632, 
-0.11963021755218506, 0.11959129571914673, 0.7516928290298054, 1791227479925844275, 
-0.21757590770721436, -0.17945408821105957, 0.7870348602555423, 1791227479955930479, 
0.258608341217041, 0.16674375534057617, 0.7852804306442377, 1791227479986010851, 
-0.33029603958129883, 0.43242019414901733, 0.7673013547785764, 1791227480016030836, 
0.17543178796768188, -0.022198021411895752, 0.7623568405485075, 1791227480047151068, 
0.12852662801742554, -0.11641156673431396, 0.7676557663535558, 1791227480078838339, 
0.26313650608062744, 0.972611665725708, 0.883879569584342, 1791227480106346872, 
-0.015157997608184814, -0.04885131120681763, 0.7924376265891263, 1791227480136345066, 
0.20906120538711548, -0.29655683040618896, 0.7999225441805632, 1791227480166430804, 
-0.18480974435806274, 0.3645969033241272, 0.8231898092875313, 1791227480196430501, 
-0.017181217670440674, 0.2817087173461914, 0.8088565613823825, 1791227480226547763, 
-0.0780482292175293, -0.25927209854125977, 0.8075389531125654, 1791227480256590005, 
0.021143734455108643, -0.07235664129257202, 0.7960711489997571, 1791227480286719615, 
0.08382946252822876, 0.6300884485244751, 0.7295076673530029, 1791227480318827621, 
-0.23738020658493042, 0.3067435622215271, 0.7917695047603777, 1791227480348811811, 
-0.26494479179382324, -0.36061495542526245, 0.8789763802420039, 1791227480376816395, 
0.32630491256713867, -0.08265316486358643, 0.8084966570513822, 1791227480406936033, 
0.26165735721588135, 0.6978039741516113, 0.7690144184942488, 1791227480437035962, 
-0.1375170350074768, 0.26750725507736206, 0.8079115090946543, 1791227480467107777, 
0.2520752549171448, 0.2896884083747864, 0.8176230844463365, 1791227480497344459, 
-0.13482439517974854, 0.655619740486145, 0.7900856651588112, 1791227480527478448, 
-0.1913507580757141, -0.2635195851325989, 0.7352787918581775, 1791227480559260258, 
-0.0064460039138793945, -0.22938477993011475, 0.8022622106556292, 1791227480589485819, 
0.3955736756324768, 0.5046021342277527, 0.8753279144410182, 1791227480617407154, 
-0.07623296976089478, 0.6232882738113403, 0.7741830966662401, 1791227480647442958, 
0.09232419729232788, -0.2840438485145569, 0.7481526799070758, 1791227480677496679, 
0.18800461292266846, -0.13377058506011963, 0.7823606147622568, 1791227480707702150, 
0.1405201554298401, 0.5140129327774048, 0.8008718220462242, 1791227480737827238, 
-0.2297419309616089, 0.014417767524719238, 0.7969288644854957, 1791227480767716767, 
0.08918946981430054, -0.17440277338027954, 0.7659797594749315, 1791227480798830207, 
0.5417652130126953, 0.40455347299575806, 0.7286249643447343, 1791227480831178293, 
-0.010017156600952148, 0.3956925868988037, 0.8722802517146891, 1791227480857969263, 
-0.13460522890090942, -0.3492612838745117, 0.8023139566279763, 1791227480887959550, 
-0.004221022129058838, 0.07389885187149048, 0.813657698238543, 1791227480918018826, 
-0.25257420539855957, 0.26329517364501953, 0.7887278645915091, 1791227480948061827, 
0.32779425382614136, 0.09770935773849487, 0.806529213271025, 1791227480978132452, 
-0.038898468017578125, -0.140672504901886, 0.8297854733992786, 1791227481008243895, 
0.25379788875579834, 0.5059477090835571, 0.7941534159348792, 1791227481039250833, 
0.15616220235824585, 0.1976989507675171, 0.7534547966514996, 1791227481071146608, 
-0.2559749484062195, -0.39747750759124756, 0.8836611208131887, 1791227481098503423, 
0.25072264671325684, -0.1367577314376831, 0.8141430245747096, 1791227481128525951, 
0.004696905612945557, 0.6273268461227417, 0.8002129753698949, 1791227481158549905, 
0.4821871519088745, 0.32622694969177246, 0.8031676648371371, 1791227481188701421, 
0.053034067153930664, -0.23334729671478271, 0.8514350272779492, 1791227481217656195, 
0.13673144578933716, -0.0026610493659973145, 0.7773675479166756, 1791227481248758365, 
-0.13892346620559692, 0.12851029634475708, 0.7707179473633361, 1791227481278958813, 
-0.05279088020324707, 0.295154333114624, 0.7117222169068017, 1791227481310814073, 
0.1784120798110962, 0.10014230012893677, 0.7837013267359664, 1791227481340462245, 
-0.12442505359649658, -0.015750885009765625, 0.8352222704490426, 1791227481369071221, 
-0.034724414348602295, -0.07508128881454468, 0.8114383312933138, 1791227481399076179, 
0.01812458038330078, 0.23643606901168823, 0.8062672780303883, 1791227481429140106, 
-0.1290636658668518, -0.010548710823059082, 0.7995891922797232, 1791227481459186411, 
0.22358888387680054, 0.22428029775619507, 0.8123665971936465, 1791227481489275168, 
0.20261812210083008, 0.24328839778900146, 0.8256239392366346, 1791227481518639443, 
0.316295862197876, -0.03820180892944336, 0.7319917308419798, 1791227481550789634, 
-0.044843077659606934, 0.08001160621643066, 0.7037429091824747, 1791227481583169678, 
0.10017746686935425, -0.17787659168243408, 0.8761282580787118, 1791227481609569756, 
0.07576239109039307, 0.38506758213043213, 0.8020848059852668, 1791227481639607258, 
-0.43963027000427246, 0.14739900827407837, 0.8046285866277273, 1791227481669746022, 
0.6147691607475281, 0.04604905843734741, 0.7753898963111564, 1791227481699740592, 
-0.35628384351730347, 0.0028971433639526367, 0.7783174531375949, 1791227481729820306, 
0.3088536262512207, 0.046720921993255615, 0.8010467259345123, 1791227481760026330, 
-0.3364083170890808, 0.047819674015045166, 0.7738047244229391, 1791227481791128843, 
-0.47115325927734375, -0.03766506910324097, 0.7234639832938708, 1791227481823303841, 
0.5660807490348816, 0.2869316339492798, 0.9194813345636541, 1791227481850168897, 
0.19475239515304565, 0.3470572233200073, 0.8556491714883291, 1791227481880114931, 
0.4073818325996399, 0.06955355405807495, 0.8185467531372079, 1791227481910193487, 
-0.18969374895095825, -0.2583240866661072, 0.7962622179226778, 1791227481940276561, 
0.4100545048713684, -0.2444096803665161, 0.7867488464456979, 1791227481970404414, 
-0.2867191433906555, 0.7664325833320618, 0.7833274900258163, 1791227482000869799, 
0.06598848104476929, 0.15205895900726318, 0.7661683660864488, 1791227482031588704, 
-0.14026886224746704, -0.3154689073562622, 0.7698694271389128, 1791227482062847347, 
0.41681575775146484, -0.09217548370361328, 0.8435852215070259, 1791227482090794045, 
-0.3048174977302551, 0.02125108242034912, 0.7878303777515465, 1791227482120649431, 
-0.5396851897239685, -0.4228919744491577, 0.7634979739169917, 1791227482173199527, 
0.4642372727394104, 0.4192715883255005, 0.8481737751907796, 1791227482201617462, 
0.1189577579498291, 0.2477813959121704, 0.7681491777222652, 1791227482231376928, 
-0.3054739236831665, -0.3455902338027954, 0.7238330776411047, 1791227482253264260, 
-0.07616251707077026, 0.2046830654144287, 0.8978346397254512, 1791227482280792004, 
-0.04567158222198486, 0.2923903465270996, 0.7808558481204109, 1791227482311455181, 
-0.04020470380783081, 0.21932506561279297, 0.7036043455268611, 1791227482333619207, 
-0.21328431367874146, -0.3416804075241089, 0.8415864285042473, 1791227482362042070, 
-0.08129364252090454, 0.19274204969406128, 0.8408658917326218, 1791227482391520262, 
0.16238272190093994, 0.28379225730895996, 0.7057674007156727, 1791227482414353633, 
-0.08208650350570679, 0.4978095293045044, 0.8242797303085064, 1791227482442308742, 
-0.09754157066345215, -0.6985557675361633, 0.7900331707217736, 1791227482471827066, 
-0.006791055202484131, -0.021624505519866943, 0.7068235251640893, 1791227482495080692, 
-0.44636648893356323, 0.8519439101219177, 0.8858293781937838, 1791227482531709498, 
-0.044927239418029785, -0.12221521139144897, 0.8166496374112004, 1791227482561677354, 
0.47130709886550903, -0.4352479577064514, 0.8037025774433136, 1791227482591870888, 
-0.04381030797958374, 0.42665165662765503, 0.7625154572302161, 1791227482622969301, 
-0.12339985370635986, 0.3836565613746643, 0.7475571000329947, 1791227482655033560, 
0.22928225994110107, -0.08963477611541748, 0.9206361961366115, 1791227482681929667, 
-0.04626667499542236, 0.09611481428146362, 0.8140198083143939, 1791227482711967224, 
0.08862185478210449, -0.19303452968597412, 0.7961111685089339, 1791227482742032368, 
-0.11452758312225342, -0.08869397640228271, 0.7950335656880292, 1791227482772120169, 
0.04351925849914551, 0.010989129543304443, 0.8025347347072733, 1791227482802150630, 
-0.5072612166404724, 0.7028003334999084, 0.8150588695342204, 1791227482832232528, 
-0.011925220489501953, -0.21187752485275269, 0.7745010823286211, 1791227482863216638, 
-0.594730019569397, -0.4293980598449707, 0.7515671421454944, 1791227482894795814, 
0.418570339679718, 0.2704533338546753, 0.8641795320510415, 1791227482922554738, 
-0.15709543228149414, 0.4295029044151306, 0.7676713378527683, 1791227482952512191, 
0.20898538827896118, -0.2651975750923157, 0.7578935480341296, 1791227482982557466, 
0.013852298259735107, -0.036257266998291016, 0.8028127796563959, 1791227483012624036, 
-0.07616227865219116, 0.24468278884887695, 0.7966908209778472, 1791227483042743652, 
-0.296207070350647, 0.12834960222244263, 0.7830328784883307, 1791227483072875425, 
-0.10488951206207275, -0.09925103187561035, 0.7924781471670225, 1791227483102877021, 
0.4386822581291199, -0.04832977056503296, 0.7524430467051239, 1791227483134770556, 
-0.018171250820159912, 0.46466994285583496, 0.7977215904528199, 1791227483165007317, 
-0.4103085994720459, -0.129230797290802, 0.8576267693040748, 1791227483193012555, 
-0.2165427803993225, -0.11110806465148926, 0.8226904431692065, 1791227483222105368, 
-0.37903815507888794, 0.3119451403617859, 0.7914829880794972, 1791227483252127916, 
-0.39563316106796265, -0.012224316596984863, 0.7799797553723438, 1791227483283201505, 
-0.004098415374755859, -0.3017417788505554, 0.8288114896850791, 1791227483313258158, 
0.26124703884124756, 0.4987257122993469, 0.8074593046496804, 1791227483343359903, 
0.013963878154754639, 0.1936449408531189, 0.7304584100111745, 1791227483375221570, 
-0.2939700484275818, -0.44962161779403687, 0.7594663119359168, 1791227483406800454, 
0.0689845085144043, -0.010237574577331543, 0.9288065918776972, 1791227483432638540, 
-0.22168844938278198, 0.3390886187553406, 0.7675746988343388, 1791227483463600108, 
0.21887069940567017, 0.2349410057067871, 0.8234823532885739, 1791227483492642329, 
-0.3633372187614441, -0.08045691251754761, 0.7897155916659061, 1791227483523721918, 
0.030171453952789307, -0.07713490724563599, 0.8168959100658488, 1791227483553798776, 
-0.4478713870048523, 0.06570667028427124, 0.8117414568546978, 1791227483583936733, 
-0.48157018423080444, 0.2297419309616089, 0.7716221007946478, 1791227483615120691, 
-0.3804333209991455, -0.09064143896102905, 0.7548131262019403, 1791227483646768678, 
-0.014937400817871094, -0.011190474033355713, 0.8707146120938042, 1791227483674159871, 
0.1853765845298767, -0.052539169788360596, 0.8025867110420922, 1791227483704227502, 
0.26256221532821655, -0.05015486478805542, 0.7817788822011534, 1791227483734528225, 
0.10721850395202637, 0.16352778673171997, 0.7696088086530124, 1791227483764415249, 
-0.24483507871627808, 0.017955482006072998, 0.7718868827366708, 1791227483794454403, 
-0.19930535554885864, 0.06731903553009033, 0.7748683023155711, 1791227483824417640, 
0.013463735580444336, 0.21982598304748535, 0.7593026593953233, 1791227483854827324, 
0.18714088201522827, 0.15046262741088867, 0.7133951055956844, 1791227483887262457, 
-0.42748934030532837, 0.024844586849212646, 0.8510796553365454, 1791227483914685961, 
-0.31082284450531006, -0.37333863973617554, 0.842528609856961, 1791227483943661921, 
-0.33035391569137573, 0.4852084517478943, 0.8204227923626272, 1791227483974708338, 
0.47128474712371826, 0.17749005556106567, 0.8192587680714453, 1791227484004894539, 
-0.07785165309906006, -0.20073747634887695, 0.8198307399637419, 1791227484034890969, 
0.5503559112548828, 0.07806801795959473, 0.8197563013140724, 1791227484064954919, 
-0.267431378364563, 0.4779028296470642, 0.7832193657242206, 1791227484095048758, 
-0.030800461769104004, -0.17948204278945923, 0.7215451158738427, 1791227484127082798, 
-0.3321661353111267, -0.2827024459838867, 0.7927892950876065, 1791227484157154689, 
-0.005872607231140137, 0.41449326276779175, 0.901279733274336, 1791227484184213468, 
0.09564930200576782, 0.45300811529159546, 0.7840347850191065, 1791227484215242802, 
-0.30604416131973267, -0.022195935249328613, 0.8045478986747412, 1791227484245331375, 
-0.1620236039161682, -0.4919480085372925, 0.8130864306209036, 1791227484275417541, 
-0.09212350845336914, 0.4663187265396118, 0.8107245856716119, 1791227484305468138, 
-0.5152822136878967, 0.20300501585006714, 0.7977438677688418, 1791227484335585713, 
0.07503056526184082, 0.14844906330108643, 0.7894142098603469, 1791227484367044388, 
0.31155890226364136, 0.08631712198257446, 0.7470760277341443, 1791227484399194817, 
0.14861351251602173, 0.03360557556152344, 0.8747593111459016, 1791227484425715414, 
-0.1724044680595398, -0.12242281436920166, 0.792319831428286, 1791227484455817792, 
-0.09229153394699097, 0.3124401569366455, 0.8334498092582237, 1791227484485844403, 
-0.22258836030960083, 0.1724032163619995, 0.7800596086308299, 1791227484515949877, 
-0.3273423910140991, -0.06562232971191406, 0.76566935540806, 1791227484545996964, 
0.3375503420829773, -0.19697612524032593, 0.8043470868302197, 1791227484576089962, 
-0.2668758034706116, 0.22545719146728516, 0.7627354679515116, 1791227484606908446, 
-0.032374024391174316, 0.45433133840560913, 0.7363410427972092, 1791227484638073642, 
-0.15636253356933594, -0.16055792570114136, 0.8458458726472162, 1791227484666283868, 
-0.21804845333099365, 0.04760950803756714, 0.8195980878909487, 1791227484696325909, 
-0.4739214777946472, 0.26146596670150757, 0.79757807383427, 1791227484726421636, 
-0.01437366008758545, 0.24095559120178223, 0.7745689852761845, 1791227484756480226, 
0.05314815044403076, -0.324931800365448, 0.7966445242743004, 1791227484786573846, 
-0.020635902881622314, 0.037868499755859375, 0.8297200897025422, 1791227484816602398, 
0.044192731380462646, 0.287794291973114, 0.7803415814650285, 1791227484847863375, 
0.061103224754333496, 0.3440747857093811, 0.752389891915956, 1791227484879113138, 
0.07724553346633911, 0.08068054914474487, 0.8396160109311819, 1791227484906828614, 
-0.279685914516449, 0.07970505952835083, 0.8004188504505476, 1791227484936886540, 
-0.4249309301376343, -0.01209104061126709, 0.8135230759947415, 1791227484966933332, 
-0.08239370584487915, 0.02464395761489868, 0.8202128099130931, 1791227484996993439, 
0.2372424602508545, 0.4219924211502075, 0.8023233985191622, 1791227485027069719, 
-0.4185597896575928, 0.1966826319694519, 0.7853428091693033, 1791227485057147346, 
-0.43448424339294434, -0.3570907711982727, 0.7886154021066988, 1791227485087275109, 
-0.322651743888855, -0.19270724058151245, 0.7523638104831905, 1791227485119588541, 
0.2625102400779724, 0.7244614958763123, 0.7792114661430796, 1791227485149911212, 
-0.3637574315071106, 0.31467753648757935, 0.8498356179655727, 1791227485177474921, 
-0.09320104122161865, -0.27493828535079956, 0.8143286870190476, 1791227485207489959, 
0.06465095281600952, -0.041767895221710205, 0.8232543115237267, 1791227485237606978, 
0.0706600546836853, 0.7610061168670654, 0.8244943992971171, 1791227485266646893, 
0.06471717357635498, -0.11756229400634766, 0.7339920839992584, 1791227485297816256, 
-0.452811598777771, -0.3062373995780945, 0.7834464254116669, 1791227485327750233, 
0.12471550703048706, 0.5433557033538818, 0.7505943109700097, 1791227485359531250, 
-1.9226877689361572, 0.7270151972770691, 0.7064497397524071, 1791227485391254061, 
-0.04860389232635498, -0.23407435417175293, 0.8413307589044117, 1791227485418329998, 
0.24432188272476196, -0.20309370756149292, 0.8227588578412456, 1791227485448103617, 
-0.004908144474029541, 0.6240897178649902, 0.7885330782948184, 1791227485478059274, 
-0.2995455265045166, 0.07246321439743042, 0.7519764136450433, 1791227485508280505, 
-0.2007044553756714, -0.27440059185028076, 0.744121855081419, 1791227485538164253, 
-0.10596567392349243, 0.4698364734649658, 0.7655410054836828, 1791227485568233789, 
-0.10456132888793945, 0.3195109963417053, 0.8522465998780647, 1791227485648443823, 
0.21521586179733276, 0.48386162519454956, 0.8143716646834166, 1791227485679715377, 
-0.0055272579193115234, 0.21661841869354248, 0.7961841604318377, 1791227485711550057, 
-0.20953524112701416, -0.2541632056236267, 0.9170575343822467, 1791227485738845925, 
-0.2266446352005005, 0.25689005851745605, 0.8030417327225661, 1791227485768724754, 
0.060003578662872314, 0.16147196292877197, 0.7824931129225589, 1791227485798729713, 
-0.25104641914367676, 0.25084584951400757, 0.7947630970111688, 1791227485828795500, 
-0.03644019365310669, -0.0008512139320373535, 0.8029122771064817, 1791227485858894643, 
-0.6540951728820801, 0.123340904712677, 0.7883454016658387, 1791227485888942955, 
0.14582329988479614, 0.038346827030181885, 0.7666582348164699, 1791227485919261174, 
-0.05100828409194946, 0.15684157609939575, 0.7503828088372189, 1791227485951019773, 
0.0031620264053344727, 0.375893235206604, 0.7776834345352522, 1791227485981773715, 
-0.550904393196106, 0.021002352237701416, 0.8643418327121087, 1791227486009285163, 
-0.14336496591567993, 0.10324215888977051, 0.8297051262513718, 1791227486038243836, 
0.03209817409515381, 0.11922276020050049, 0.7915331255395557, 1791227486069306541, 
-0.17940551042556763, 0.174532949924469, 0.7990950743110535, 1791227486099417298, 
-0.041749536991119385, 0.2818934917449951, 0.7744091652574795, 1791227486129555259, 
-0.06098085641860962, -0.12382674217224121, 0.7787262304604579, 1791227486159576722, 
-0.09501510858535767, 0.28154945373535156, 0.7205352407187388, 1791227486191707607, 
-0.1687924861907959, 0.29714375734329224, 0.7328378702596359, 1791227486223275691, 
-0.4351705312728882, -0.22029727697372437, 0.8803855688017208, 1791227486249798388, 
-0.13857728242874146, 0.30653107166290283, 0.7929634887913366, 1791227486279777433, 
0.14787405729293823, 0.31228727102279663, 0.7718926379813982, 1791227486309833578, 
-0.6792388558387756, 0.006078541278839111, 0.7829967849054323, 1791227486339936457, 
0.2672240734100342, 0.132962167263031, 0.8340412172366904, 1791227486370021739, 
-0.3729509115219116, 0.48747074604034424, 0.8199379420730969, 1791227486400239224, 
0.0835655927658081, 0.024414479732513428, 0.7524020722578789, 1791227486431042564, 
-0.8532809019088745, -0.23020148277282715, 0.7634098039743965, 1791227486462952357, 
0.7065020799636841, 0.41258031129837036, 0.9349756487349599, 1791227486490276037, 
-0.12382841110229492, 0.6713314652442932, 0.8124949249820599, 1791227486520324916, 
-0.09525561332702637, -0.04151815176010132, 0.7696698657894651, 1791227486550380626, 
-0.28830796480178833, -0.5731321573257446, 0.7978484636166494, 1791227486580466903, 
-0.05486041307449341, 0.4195048213005066, 0.8228411361868436, 1791227486610514999, 
-0.23842447996139526, 0.6036971211433411, 0.8102746406153394, 1791227486639639711, 
-0.26438117027282715, 0.046674489974975586, 0.7700896041418831, 1791227486670757598, 
0.009181737899780273, -0.20561110973358154, 0.7374161904552036, 1791227486703697196, 
-0.005925655364990234, 0.44509357213974, 0.8728972616961043, 1791227486730826824, 
-0.21072983741760254, 0.28563815355300903, 0.7804576272702967, 1791227486761526706, 
-0.39613211154937744, -0.08063411712646484, 0.8094071547596053, 1791227486791523119, 
0.20837914943695068, 0.22180438041687012, 0.7846200841916458, 1791227486821609184, 
0.2672412395477295, 0.5954217910766602, 0.7831358420151295, 1791227486851614848, 
-0.20783227682113647, -0.2493877410888672, 0.8276817391899389, 1791227486880670656, 
0.08989530801773071, -0.06684345006942749, 0.7700366139889561, 1791227486911754425, 
-0.40360742807388306, 0.6328065991401672, 0.7382090003881815, 1791227486942961579, 
0.1350894570350647, 0.2293047308921814, 0.7512507700181994, 1791227486973871445, 
0.09083336591720581, -0.007079482078552246, 0.8676687451775227, 1791227487002070474, 
-0.2310938835144043, 0.5916396379470825, 0.8095414461428899, 1791227487031929303, 
0.021740317344665527, 0.04757225513458252, 0.7830527297434232, 1791227487061807528, 
-0.1655064821243286, 0.07301199436187744, 0.7980745386201176, 1791227487091947367, 
-0.07426518201828003, 0.10400784015655518, 0.8164309493364312, 1791227487121929442, 
-0.2169092893600464, 0.24497079849243164, 0.7978899001472939, 1791227487151930445, 
-0.4714297652244568, -0.10484009981155396, 0.7594234807872805, 1791227487183009710, 
0.3706520199775696, 0.3482813835144043, 0.7477358310331178, 1791227487215437528, 
-0.20384758710861206, 0.5121315121650696, 0.9139542498890318, 1791227487241966695, 
-0.055692076683044434, -0.06902188062667847, 0.8066155594941288, 1791227487272040165, 
-0.18188458681106567, -0.3507389426231384, 0.8127255674532974, 1791227487302283006, 
0.33151519298553467, 0.3107157349586487, 0.8349642232096531, 1791227487322148381, 
-0.24547868967056274, 0.7334331274032593, 0.8160817596696889, 1791227487362156460, 
0.08080530166625977, 0.12448477745056152, 0.7918578774378302, 1791227487392270041, 
-0.19293248653411865, -0.29287922382354736, 0.7640845797406141, 1791227487423273904, 
0.021535158157348633, 0.16264265775680542, 0.7371943066379284, 1791227487455169672, 
-0.3122442960739136, 0.49552732706069946, 0.8725143794388895, 1791227487482455537, 
-0.08540451526641846, 0.15190690755844116, 0.8127985762875435, 1791227487512534937, 
-0.48799002170562744, -0.21322983503341675, 0.8164671833433816, 1791227487542565830, 
0.7759537696838379, 0.5156815052032471, 0.7631066909684707, 1791227487572758677, 
-0.3981971740722656, 0.1087045669555664, 0.7587091020031241, 1791227487602757500, 
-0.24868923425674438, -0.19067633152008057, 0.7745092633692922, 1791227487632852125, 
-0.342631995677948, 0.302104115486145, 0.772135549524637, 1791227487663595044, 
0.03496628999710083, 0.3767794370651245, 0.7627318273051573, 1791227487695048804, 
-0.006001412868499756, -0.011052846908569336, 0.8771388077886448, 1791227487723035405, 
-0.1549903154373169, 0.050531744956970215, 0.8181318803187885, 1791227487753043810, 
-0.19256198406219482, 0.11439090967178345, 0.8006631612020377, 1791227487783094658, 
-0.12299418449401855, 0.3166024088859558, 0.7102087167643801, 1791227487805270826, 
-0.03872746229171753, -0.1766674518585205, 0.824765812627054, 1791227487843237507, 
0.07035946846008301, 0.1947242021560669, 0.7933419500018761, 1791227487873308817, 
0.041016995906829834, 0.47862911224365234, 0.8127496954317488, 1791227487902557126, 
0.2590234875679016, 0.22053295373916626, 0.7279541239576963, 1791227487935321443, 
0.21276336908340454, -0.16357499361038208, 0.7701522224813486, 1791227487966235674, 
-0.41462457180023193, 0.09134572744369507, 0.9097342799262638, 1791227487992657644, 
-0.17714160680770874, 0.3152027130126953, 0.8103386255156332, 1791227488022655267, 
-0.06910961866378784, 0.2548021674156189, 0.7886856584873609, 1791227488053739731, 
-0.21802306175231934, 0.16170477867126465, 0.7996358160461139, 1791227488083871852, 
0.0681004524230957, -0.23825716972351074, 0.8070399930045251, 1791227488113821801, 
-0.38761478662490845, 0.19150668382644653, 0.8326150104786452, 1791227488144010795, 
0.07048553228378296, 0.1857091784477234, 0.806527983619756, 1791227488175471362, 
-0.2361122965812683, 0.5063766241073608, 0.7451509978301786, 1791227488207602334, 
0.014640986919403076, -0.05065196752548218, 0.8601589266196606, 1791227488234206694, 
-0.1499561071395874, -0.2520853281021118, 0.7907037500257139, 1791227488264169311, 
0.6447610259056091, 0.527086615562439, 0.8011659208298646, 1791227488294240820, 
-0.21777760982513428, 0.5983121991157532, 0.7713845878652656, 1791227488324284317, 
-0.00045877695083618164, -0.3679214119911194, 0.743660779052338, 1791227488354355262, 
-0.024310708045959473, -0.012931525707244873, 0.8045728762421256, 1791227488383399083, 
-0.043243348598480225, 0.5362629294395447, 0.7463305884065733, 1791227488415103296, 
-0.5678837895393372, -0.06227976083755493, 0.7300929602405326, 1791227488447093656, 
0.1817207932472229, -0.180983304977417, 0.8673010819455221, 1791227488474707803, 
0.12994897365570068, 0.30992305278778076, 0.7908606397147866, 1791227488504855969, 
-0.02968275547027588, 0.4921502470970154, 0.7808170304391963, 1791227488534763577, 
-0.2748450040817261, -0.1488105058670044, 0.7970201870672262, 1791227488564893941, 
0.2764466404914856, 0.027645409107208252, 0.8085318708225414, 1791227488594942980, 
-0.19959521293640137, 0.5506356954574585, 0.7869201668035954, 1791227488625292503, 
-0.07104390859603882, 0.02871537208557129, 0.796896739253391, 1791227488655322902, 
-0.6000399589538574, -0.30383849143981934, 0.7644732605872222, 1791227488687537206, 
0.1331731081008911, 0.18753987550735474, 0.8590427027184874, 1791227488715246756, 
-0.027979493141174316, 0.32417625188827515, 0.7560521752427293, 1791227488745324347, 
0.011179566383361816, 0.09360992908477783, 0.8106243584173805, 1791227488775357876, 
-0.10527092218399048, -0.2126023769378662, 0.77318030167677, 1791227488797275832, 
0.04009652137756348, 0.20773941278457642, 0.8748223428178045, 1791227488834424225, 
-0.20672249794006348, -0.122245192527771, 0.767644592395464, 1791227488865525542, 
0.24374771118164062, 0.13907456398010254, 0.830706379559712, 1791227488895764310, 
-0.15060901641845703, 0.47810083627700806, 0.7847287620588214, 1791227488927155659, 
-0.24915069341659546, 0.1097763180732727, 0.7526418814449165, 1791227488958512691, 
-0.11596405506134033, -0.47113877534866333, 0.8788380039364961, 1791227488985753101, 
0.23442715406417847, 0.3420800566673279, 0.8154604316752653, 1791227489015816001, 
-0.4335694909095764, 0.6131585836410522, 0.7888499392413126, 1791227489045856681, 
-0.5433153510093689, -0.34973400831222534, 0.7484243413194799, 1791227489076633238, 
0.23541903495788574, -0.10774427652359009, 0.8040488718903311, 1791227489105654416, 
0.07657694816589355, 0.410253643989563, 0.8037744546934339, 1791227489135661378, 
-0.7014062404632568, 0.08603858947753906, 0.7617673111180784, 1791227489167180195, 
0.21086132526397705, -0.025346755981445312, 0.7366044568950084, 1791227489199776915, 
0.2026231288909912, 0.07007765769958496, 0.871524657196944, 1791227489226760855, 
0.27632880210876465, 0.3378928303718567, 0.7731815990450907, 1791227489256742502, 
-0.5595030784606934, -0.06981056928634644, 0.790036129353773, 1791227489286785276, 
-0.04852026700973511, -0.24946385622024536, 0.8215003301896523, 1791227489316788523, 
-0.13739901781082153, 0.6439751386642456, 0.8035847086528828, 1791227489346938776, 
0.5999722480773926, 0.03666728734970093, 0.768164825104589, 1791227489376949279, 
-0.2805171608924866, -0.3439207673072815, 0.8079267960572192, 1791227489407151775, 
0.27037233114242554, 0.3957858085632324, 0.7693027313177416, 1791227489440060816, 
-0.5006464123725891, 0.34130221605300903, 0.9062728710894319, 1791227489466832623, 
0.10423678159713745, -0.21265965700149536, 0.7837010695329099, 1791227489496843881, 
-0.435247004032135, -0.3414182662963867, 0.8014356079104606, 1791227489526994585, 
0.20715230703353882, 0.4206605553627014, 0.8259063267221504, 1791227489556990883, 
-0.2697378993034363, 0.5347155928611755, 0.8153651727434409, 1791227489587092809, 
0.16717320680618286, 0.12468534708023071, 0.8093250408485148, 1791227489617132661, 
-0.11772376298904419, -0.6155133247375488, 0.8091747316204009, 1791227489646674567, 
-0.057141780853271484, 0.3529680371284485, 0.7282406287749212, 1791227489679459848, 
-0.19884496927261353, 0.38588637113571167, 0.7911210001652076, 1791227489709293960, 
0.32113736867904663, 0.33097773790359497, 0.8379582489009832, 1791227489737516774, 
-0.11276072263717651, -0.09627431631088257, 0.7920895603697036, 1791227489767451374, 
-0.11418735980987549, -0.10513567924499512, 0.8116411724228053, 1791227489797509598, 
0.08713197708129883, -0.12374222278594971, 0.8265111856665808, 1791227489827792384, 
0.06613427400588989, 0.5904202461242676, 0.8089013926565815, 1791227489857700072, 
-0.27466636896133423, -0.014786779880523682, 0.7592746661768012, 1791227489887798012, 
0.14953827857971191, -0.19068235158920288, 0.7487453423007342, 1791227489919402763, 
-0.10773509740829468, 0.1844424605369568, 0.7697462515674511, 1791227489950957483, 
-0.22290712594985962, 0.10552430152893066, 0.8707316114970364, 1791227489977976383, 
-0.046398043632507324, -0.07072699069976807, 0.7607161156079533, 1791227490007982302, 
-0.10794353485107422, 0.029200315475463867, 0.7848994655972875, 1791227490038069215, 
0.047319233417510986, 0.1290174126625061, 0.8073788131061448, 1791227490068129613, 
0.09363234043121338, 0.117839515209198, 0.8048085652043603, 1791227490098179932, 
0.31978273391723633, 0.3171314001083374, 0.8011033750837575, 1791227490128300049, 
0.1271284818649292, -0.2645968198776245, 0.766042856551343, 1791227490159738111, 
-0.016173362731933594, 0.038210511207580566, 0.7596701728280778, 1791227490191217947, 
-0.19856137037277222, 0.20522546768188477, 0.8787504633664025, 1791227490218577961, 
-0.04657769203186035, -0.2738703489303589, 0.831168781850626, 1791227490248719793, 
0.08735460042953491, 0.26106107234954834, 0.8340221836794973, 1791227490278730188, 
0.06549549102783203, 0.44916754961013794, 0.8113997813156546, 1791227490308711219, 
-0.11232346296310425, -0.11638307571411133, 0.8035863177843897, 1791227490338721690, 
-0.128790020942688, -0.3637998700141907, 0.7991887842713513, 1791227490368809073, 
-0.030767858028411865, 0.3636143207550049, 0.7673701955541218, 1791227490399266475, 
-0.3983256220817566, 0.46339893341064453, 0.7337187194460618, 1791227490431207770, 
0.029683709144592285, -0.0594559907913208, 0.8703794715489894, 1791227490459011086, 
-0.7225381135940552, 0.1221495270729065, 0.8175203475791073, 1791227490489030225, 
0.21656614542007446, -0.10771769285202026, 0.7751051194693873, 1791227490519117448, 
-0.1621112823486328, -0.017594456672668457, 0.7720346113438586, 1791227490549203551, 
0.1780892014503479, 0.0701647400856018, 0.8170551647786735, 1791227490579248444, 
-0.549197793006897, 0.17167478799819946, 0.8138456996417234, 1791227490609304136, 
0.185158371925354, 0.03360170125961304, 0.7743054116045557, 1791227490639405895, 
-0.3137328624725342, -0.13975059986114502, 0.7089729126152118, 1791227490672383711, 
0.292022168636322, -0.024476170539855957, 0.816327930754815, 1791227490702517449, 
-0.36340534687042236, 0.3643917441368103, 0.9010580645324493, 1791227490728641247, 
-0.02939528226852417, -0.007661640644073486, 0.7550290217336185, 1791227490758656045, 
-6.639957427978516e-05, -0.08128625154495239, 0.7493359619528798, 1791227490789727226, 
0.06121283769607544, 0.3448569178581238, 0.7817856349208174, 1791227490819764258, 
-0.39779412746429443, -0.3027797341346741, 0.7590575222425546, 1791227490849846041, 
-0.17425978183746338, 0.13157987594604492, 0.7844577388429481, 1791227490879899375, 
0.24722594022750854, -0.07052302360534668, 0.7668698382781007, 1791227490911449601, 
0.04187411069869995, 0.24139940738677979, 0.7670273515153623, 1791227490943224825, 
-0.24650579690933228, 0.08794748783111572, 0.9215083545295646, 1791227490970161023, 
0.21562093496322632, 0.032198429107666016, 0.8485911243187056, 1791227491000159362, 
-0.21574413776397705, 0.25127363204956055, 0.8042138152226472, 1791227491030258769, 
-0.4379924535751343, -0.12346822023391724, 0.7753000190369378, 1791227491060320148, 
0.10616487264633179, -0.18681228160858154, 0.8149728764441654, 1791227491090337733, 
-0.023266613483428955, 0.45565563440322876, 0.8255349313036827, 1791227491120509832, 
-0.1592974066734314, 0.287878155708313, 0.7764520289897818, 1791227491151544293, 
0.02866262197494507, -0.43257665634155273, 0.7418945589265611, 1791227491182865457, 
-0.46096235513687134, -0.3010774254798889, 0.8297858506763177, 1791227491211108629, 
-0.18664932250976562, 0.4588039517402649, 0.7984503316136025, 1791227491240880372, 
-0.28242605924606323, 0.5005935430526733, 0.8047500566404373, 1791227491270779529, 
0.14498203992843628, -0.2559437155723572, 0.8166878214003407, 1791227491300811694, 
-0.04683816432952881, -0.24032574892044067, 0.8207754750320814, 1791227491330950277, 
0.3085629343986511, 0.3501647710800171, 0.8067047771234082, 1791227491361002522, 
0.03968387842178345, -0.05282694101333618, 0.7786810939901447, 1791227491432058227, 
-0.22814905643463135, 0.11472904682159424, 0.795723986262436, 1791227491461789588, 
0.17744219303131104, 0.13997769355773926, 0.790012278485734, 1791227491491850108, 
-0.3918027877807617, -0.11470049619674683, 0.7964584822310378, 1791227491521874882, 
-0.24511289596557617, 0.14600342512130737, 0.7887027411208377, 1791227491551920786, 
-0.5165138244628906, -0.09596341848373413, 0.7382121847917599, 1791227491583449148, 
0.010728299617767334, -0.16936630010604858, 0.7596294105267388, 1791227491614412951, 
-0.08321148157119751, 0.22323966026306152, 0.8582218443680251, 1791227491642344998, 
-0.05370223522186279, 0.18760645389556885, 0.8020414945097714, 1791227491671994717, 
-0.36548691987991333, 0.08885842561721802, 0.8019941480342816, 1791227491702096051, 
0.322488009929657, -0.1286795735359192, 0.8241444214376497, 1791227491732169208, 
-0.1481190323829651, 0.010716259479522705, 0.818589794429061, 1791227491762179237, 
0.06145113706588745, 0.01688253879547119, 0.796354871780769, 1791227491792163994, 
0.036064088344573975, 0.18793171644210815, 0.7476257257234973, 1791227491823848314, 
0.08495759963989258, 0.30585169792175293, 0.7460238038298279, 1791227491855276724, 
-0.17758023738861084, 0.3392145037651062, 0.874411763761294, 1791227491882553106, 
-0.23362702131271362, 0.05139821767807007, 0.8258439468174411, 1791227491912240759, 
0.16502702236175537, -0.30513954162597656, 0.8280031926428987, 1791227491942445429, 
0.07765519618988037, 0.23090499639511108, 0.8378914574023871, 1791227491972552795, 
-0.032903969287872314, 0.14704328775405884, 0.8246453764492886, 1791227492002369467, 
0.0065770745277404785, 0.24571502208709717, 0.8049678745854734, 1791227492032456207, 
0.21753031015396118, -0.04337000846862793, 0.7701619518076342, 1791227492063263766, 
-0.24480324983596802, -0.04340583086013794, 0.7289255411864294, 1791227492095317621, 
-0.015428125858306885, 0.008131623268127441, 0.8372312377380667, 1791227492123086506, 
-0.31448882818222046, 0.36002182960510254, 0.7915026510147546, 1791227492152773525, 
0.18129408359527588, 0.24194985628128052, 0.7787529838277635, 1791227492182838880, 
-0.08976668119430542, 0.11116069555282593, 0.7975413147002709, 1791227492212846454, 
0.16750884056091309, -0.27376729249954224, 0.7992763349457783, 1791227492242896720, 
-0.5952749252319336, -0.015805482864379883, 0.7851683184022844, 1791227492273002249, 
-0.09421354532241821, 0.5568125247955322, 0.7573258554760498, 1791227492303577407, 
0.1275075078010559, -0.06622827053070068, 0.7350548195986412, 1791227492335720271, 
0.13823378086090088, 0.049951374530792236, 0.9146776354857261, 1791227492363206613, 
-0.2524091601371765, 0.217737078666687, 0.8213589236719234, 1791227492393252194, 
0.020316243171691895, 0.17170697450637817, 0.794133276611778, 1791227492423311977, 
-0.3230520486831665, -0.07271981239318848, 0.797865643047188, 1791227492453353843, 
0.23800110816955566, 0.058851778507232666, 0.8188165922736448, 1791227492483395917, 
-0.17232799530029297, 0.02727222442626953, 0.8140310694184336, 1791227492512650306, 
-0.13110917806625366, 0.22560900449752808, 0.7647636773733648, 1791227492543584975, 
0.13607853651046753, 0.2533110976219177, 0.7737610157396874, 1791227492574579404, 
-0.31580495834350586, 0.07090109586715698, 0.7750022240648885, 1791227492606439120, 
-0.6566026210784912, -0.1179242730140686, 0.8852709204288068, 1791227492633844077, 
-0.23278558254241943, -0.052157580852508545, 0.8213721434886455, 1791227492663818621, 
0.717684268951416, 0.38539350032806396, 0.801846021861754, 1791227492693847913, 
-0.11656457185745239, 0.3994011878967285, 0.7915495296772517, 1791227492723938645, 
-0.21766090393066406, -0.37243831157684326, 0.8225242869069667, 1791227492754025597, 
-0.23607081174850464, -0.38854867219924927, 0.8326446903752741, 1791227492784319297, 
0.1186714768409729, 0.5275810360908508, 0.7717066233194001, 1791227492815291646, 
-0.2672155499458313, 0.46078062057495117, 0.6928519368380616, 1791227492847739850, 
-0.32327479124069214, -0.38657402992248535, 0.8649064026640723, 1791227492874323771, 
0.28593432903289795, -0.27198803424835205, 0.7979755195049552, 1791227492904422288, 
0.028773903846740723, 0.8073598146438599, 0.7663756124615195, 1791227492934402015, 
-0.34573251008987427, -0.06705880165100098, 0.7610618429221123, 1791227492964466730, 
-0.5174600481987, -0.3727227449417114, 0.7985243383226969, 1791227492994535601, 
-0.0711590051651001, 0.6042723655700684, 0.8426950280776786, 1791227493022662500, 
0.005613088607788086, 0.2565334439277649, 0.6974032744966727, 1791227493055295596, 
-0.3437216877937317, -0.31809335947036743, 0.7390881812581015, 1791227493087318519, 
-0.20757222175598145, -0.07796323299407959, 0.8854115059493058, 1791227493114866363, 
-0.1811274290084839, 0.5852047801017761, 0.8008955998071523, 1791227493144890977, 
-0.06565135717391968, 0.24014651775360107, 0.7698861491513685, 1791227493174931866, 
-0.028383612632751465, -0.3665463924407959, 0.7990676359212561, 1791227493205034855, 
-0.0807868242263794, 0.4767965078353882, 0.81809334885941, 1791227493235072537, 
-0.014626622200012207, 0.3254631757736206, 0.7886355351303617, 1791227493265137662, 
0.27352744340896606, 0.020105719566345215, 0.7245821748957507, 1791227493295770160, 
0.6017841100692749, -0.3428182005882263, 0.7127108354140677, 1791227493327365060, 
1.4618499279022217, 1.0244289636611938, 0.9008386494345508, 1791227493355373149, 
0.2896689772605896, 0.05541086196899414, 0.8324720890984866, 1791227493385521764, 
-0.8112421035766602, -0.3778841495513916, 0.822634621050182, 1791227493415528353, 
0.5741702318191528, 0.4469229578971863, 0.8099554537229368, 1791227493445754213, 
-0.5420075058937073, -0.16744983196258545, 0.7432244218997652, 1791227493475959811, 
0.1506616473197937, -0.3043254613876343, 0.7797606536498384, 1791227493505783705, 
-0.1821388602256775, 0.6189629435539246, 0.8038459644155932, 1791227493535772030, 
-0.13748741149902344, 0.6638492345809937, 0.7431610202985863, 1791227493567299271, 
0.18418222665786743, -0.452583372592926, 0.769703074012474, 1791227493598293502, 
-0.16460102796554565, 0.026475608348846436, 0.8657609675135197, 1791227493625930518, 
0.05078017711639404, 0.4736347794532776, 0.7869481472258566, 1791227493656018475, 
-0.6718169450759888, 0.21438586711883545, 0.7697121789971625, 1791227493686108125, 
0.03885442018508911, -0.2669888734817505, 0.7753813867989418, 1791227493716124798, 
0.28051042556762695, 0.4045027494430542, 0.7861355007442956, 1791227493746290456, 
0.09219342470169067, 0.317841112613678, 0.7976573821134373, 1791227493776470413, 
-0.4228772521018982, -0.08926928043365479, 0.7596071646320444, 1791227493808007025, 
0.05290430784225464, 0.002122819423675537, 0.7775932803385615, 1791227493838686572, 
0.3478841185569763, 0.3014795780181885, 0.8699735025498885, 1791227493866474804, 
0.0596805214881897, 0.4304065704345703, 0.8052938443389311, 1791227493896516419, 
0.003974437713623047, -0.32130247354507446, 0.6618559895476496, 1791227493920173667, 
-0.059485793113708496, 0.45100051164627075, 0.847854325583191, 1791227493946699723, 
-0.08025437593460083, 0.20199322700500488, 0.7927368092594698, 1791227493975695196, 
-0.26888346672058105, -0.08111572265625, 0.8003044398559268, 1791227494006820259, 
-0.1297069787979126, 0.2781011462211609, 0.857869937425317, 1791227494036824379, 
-0.1840943694114685, 0.6654518842697144, 0.8357273635132959, 1791227494066903299, 
-0.2535175681114197, -0.32074809074401855, 0.8109045404853809, 1791227494096937906, 
-0.45138823986053467, -0.5059751272201538, 0.7793108951318766, 1791227494128338416, 
0.12697046995162964, 0.4072173833847046, 0.7950529636644768, 1791227494159546327, 
-0.31310099363327026, 0.6421541571617126, 0.8726151643620493, 1791227494187344875, 
0.04719388484954834, 0.1962009072303772, 0.7901442833748171, 1791227494217381137, 
-0.20224285125732422, -0.46327799558639526, 0.8120580939784088, 1791227494247314224, 
-0.029147088527679443, 0.29617810249328613, 0.8202823507690529, 1791227494277328709, 
-0.15187519788742065, 0.47014904022216797, 0.7924386761388085, 1791227494307442784, 
-0.18389827013015747, 0.2539327144622803, 0.7887047948508579, 1791227494337477732, 
-0.06487917900085449, -0.22075819969177246, 0.7758401085418974, 1791227494367903752, 
-0.26291781663894653, 0.22114747762680054, 0.7558400941373764, 1791227494399523564, 
0.01674628257751465, 0.41458916664123535, 0.8033063883343551, 1791227494429983601, 
0.35254836082458496, 0.2559226155281067, 0.8664746658426945, 1791227494467758358, 
0.15092051029205322, 0.16282206773757935, 0.7719054681403956, 1791227494497863080, 
-0.13236761093139648, 0.09552896022796631, 0.7868294570719826, 1791227494527942629, 
0.04420870542526245, 0.3738553524017334, 0.7733096847450578, 1791227494559570410, 
0.019725561141967773, -0.05417585372924805, 0.7652995136742403, 1791227494590778941, 
0.05580723285675049, 0.0817793607711792, 0.8388595014878059, 1791227494618178586, 
-0.33047449588775635, -0.03728175163269043, 0.7550708058478138, 1791227494648191168, 
0.025142431259155273, 0.1729515790939331, 0.6647992450441689, 1791227494671522387, 
-0.29623913764953613, 0.08167678117752075, 0.8809234685638039, 1791227494698361547, 
-0.1819813847541809, 0.4210364818572998, 0.7737013022904776, 1791227494728362359, 
-0.32070326805114746, -0.15886670351028442, 0.7961980608244474, 1791227494758408653, 
0.7524712085723877, 0.1342989206314087, 0.8301480679834337, 1791227494788444682, 
-0.11626118421554565, 0.4098244309425354, 0.7907172820760271, 1791227494818551227, 
-0.03545844554901123, 0.31671983003616333, 0.8036872626304409, 1791227494847646108, 
0.03328984975814819, 0.049265265464782715, 0.7643963469833017, 1791227494879899230, 
0.023463547229766846, -0.10746544599533081, 0.786163362762464, 1791227494911617063, 
-0.3640318512916565, 0.33732956647872925, 0.8819691904184017, 1791227494938882733, 
-0.11883193254470825, 0.005082666873931885, 0.787453362372439, 1791227494968865548, 
0.08287906646728516, 0.09573256969451904, 0.7908922173797166, 1791227494999006858, 
-0.22798830270767212, 0.5327959060668945, 0.7877224648682755, 1791227495029096473, 
-0.16453051567077637, 0.27385711669921875, 0.7775674794598372, 1791227495059218051, 
-0.12463676929473877, -0.1890508532524109, 0.8102463650907934, 1791227495089232922, 
0.12623995542526245, 0.2000330090522766, 0.7839857328752092, 1791227495119537123, 
-0.2246795892715454, 0.5259865522384644, 0.6974467597074597, 1791227495152440170, 
-0.626512885093689, -0.2887617349624634, 0.8649774999020646, 1791227495179348224, 
-0.25827592611312866, -0.3241491913795471, 0.8030580771493886, 1791227495209389033, 
0.4038969874382019, 0.6308099627494812, 0.7989182898299755, 1791227495239466944, 
-0.09018367528915405, 0.1469717025756836, 0.7880062832651068, 1791227495269549825, 
-0.10827040672302246, -0.24545979499816895, 0.7985758305436313, 1791227495299610954, 
-0.06362283229827881, 0.455690860748291, 0.7803064789383931, 1791227495329698107, 
0.2656748294830322, 0.3835033178329468, 0.7433942433568052, 1791227495359780460, 
-0.06362444162368774, -0.07852578163146973, 0.7337264700519381, 1791227495390660954, 
-0.48797303438186646, 0.021429598331451416, 0.7756619195343423, 1791227495421715196, 
-0.25845927000045776, 0.20524001121520996, 0.8753690344543147, 1791227495450027342, 
-0.4405507445335388, 0.4217284917831421, 0.8232579385356533, 1791227495479988331, 
0.3197644352912903, 0.08894747495651245, 0.8038760310918893, 1791227495510063025, 
-0.21856707334518433, 0.19038939476013184, 0.8114836150948516, 1791227495540186365, 
0.22460192441940308, 0.31564080715179443, 0.815366082866691, 1791227495570231880, 
-0.19423967599868774, 0.13399958610534668, 0.8028458076292192, 1791227495600304918, 
0.20749813318252563, -0.10403227806091309, 0.7602091423597107, 1791227495631817540, 
-0.4554797410964966, 0.13498175144195557, 0.7419582541623772, 1791227495664065796, 
0.21780651807785034, 0.28548508882522583, 0.9291578853180871, 1791227495690505386, 
-0.2229195237159729, 0.18793737888336182, 0.8335784490379567, 1791227495720547961, 
0.32897573709487915, 0.36499977111816406, 0.8164323542922762, 1791227495750585695, 
-0.34563595056533813, -0.1210106611251831, 0.7855764503158185, 1791227495780749572, 
0.0615079402923584, -0.16380542516708374, 0.801525489199605, 1791227495810998934, 
-0.28632980585098267, 0.3086225390434265, 0.817262799152662, 1791227495840842876, 
0.1979057788848877, 0.7542057633399963, 0.772699477311392, 1791227495871687722, 
-0.47021257877349854, -0.2636382579803467, 0.739316972229715, 1791227495903464918, 
-0.25615882873535156, -0.34129416942596436, 0.8760205653389804, 1791227495931043813, 
0.3037044405937195, 0.287289559841156, 0.8129538715361367, 1791227495961075011, 
-0.2561865448951721, 0.6026260852813721, 0.7999092526550362, 1791227495991119812, 
0.14392757415771484, -0.1538943648338318, 0.7820720911369333, 1791227496021273150, 
0.12405413389205933, 0.01632225513458252, 0.7954684459278242, 1791227496051251043, 
-0.18918561935424805, 0.3659641742706299, 0.7712696505849105, 1791227496082043211, 
-0.08417457342147827, 0.14949482679367065, 0.7873678149041499, 1791227496112337049, 
-0.1815476417541504, -0.09164869785308838, 0.7497709068669629, 1791227496144103352, 
0.2587563395500183, 0.11187392473220825, 0.8247623761409242, 1791227496172634955, 
-0.1286778450012207, 0.49033844470977783, 0.8099243205537789, 1791227496202201251, 
0.1096847653388977, 0.052848756313323975, 0.8059802144721508, 1791227496232112727, 
0.19884181022644043, 0.44457507133483887, 0.7137711635481366, 1791227496254295775, 
0.3818128705024719, 0.14379048347473145, 0.8310865787476901, 1791227496282205331, 
0.016825437545776367, 0.14788466691970825, 0.8031368347839315, 1791227496312126547, 
0.11357641220092773, 0.1535935401916504, 0.8218309642933359, 1791227496342323912, 
-0.01724982261657715, 0.2410140037536621, 0.8210102091853554, 1791227496372298525, 
0.21549838781356812, 0.17489558458328247, 0.7938689526866093, 1791227496402276321, 
-0.5344976186752319, -0.281833291053772, 0.801958166835185, 1791227496432307283, 
-0.15936338901519775, 0.018919527530670166, 0.7801753306406449, 1791227496463582454, 
0.3256482481956482, 0.6319777369499207, 0.7321268891664919, 1791227496496227649, 
-0.10722839832305908, 0.3282804489135742, 0.9106059068763812, 1791227496522552443, 
0.008412301540374756, -0.48949968814849854, 0.8435797017616431, 1791227496552494513, 
-0.043181419372558594, -0.1327962875366211, 0.8318034153190246, 1791227496582541290, 
0.048398375511169434, 0.43555378913879395, 0.8019367189091413, 1791227496612550704, 
0.12986308336257935, 0.025543510913848877, 0.7683807851964288, 1791227496642951079, 
-0.15515369176864624, 0.08448433876037598, 0.7763827390035182, 1791227496672854662, 
0.24028468132019043, 0.1891273856163025, 0.7664528805621873, 1791227496703480200, 
0.06790035963058472, -0.15905499458312988, 0.7349952043295611, 1791227496735505237, 
0.09289997816085815, 0.47349148988723755, 0.8978517400526306, 1791227496761892423, 
-0.27654343843460083, -0.018938183784484863, 0.7512688827623415, 1791227496792882251, 
-0.2107883095741272, 0.07876801490783691, 0.7784098432535291, 1791227496822974475, 
0.12399107217788696, 0.24439287185668945, 0.7910122044524183, 1791227496852994664, 
0.06937700510025024, 0.008011817932128906, 0.7962578887570939, 1791227496883109713, 
-0.38698798418045044, 0.369276225566864, 0.7778536450277447, 1791227496913162222, 
-0.045842885971069336, -0.2429249882698059, 0.7411787417046948, 1791227496944564450, 
0.21701925992965698, -0.10458177328109741, 0.779515590121653, 1791227496975604083, 
0.24406874179840088, 0.41162192821502686, 0.8784782356309672, 1791227497003456801, 
0.2505733370780945, 0.1551206111907959, 0.7692285403866355, 1791227497033510187, 
-0.2518782615661621, 0.06999582052230835, 0.7839981481357868, 1791227497063460525, 
-0.2803621292114258, -0.35875463485717773, 0.7199250038269905, 1791227497086012051, 
0.3381194472312927, 0.17394888401031494, 0.920865150058626, 1791227497112868355, 
-0.09765303134918213, 0.6210566759109497, 0.7817117711316288, 1791227497142662456, 
0.2895568609237671, -0.0482630729675293, 0.7455419248867466, 1791227497173739571, 
0.049244582653045654, -0.31252652406692505, 0.8396243595975228, 1791227497203844494, 
0.18664401769638062, 0.258392333984375, 0.8620558506254153, 1791227497232844739, 
-0.2040189504623413, 0.16060084104537964, 0.7628277243704846, 1791227497264056678, 
0.28138303756713867, 0.01434028148651123, 0.7645207039206151, 1791227497295542493, 
-0.4194447994232178, 0.04020482301712036, 0.7879005895106085, 1791227497327062579, 
0.06060922145843506, 0.22662705183029175, 0.9002423597679284, 1791227497354343100, 
-0.181918203830719, -0.11550813913345337, 0.8074201016679369, 1791227497384230945, 
0.5656136274337769, -0.010200798511505127, 0.7991167966480137, 1791227497414263461, 
-0.0771130919456482, 0.42678821086883545, 0.7579480172502401, 1791227497444346941, 
0.012349426746368408, 0.037217676639556885, 0.7537807009538995, 1791227497474390894, 
-0.056572675704956055, -0.4088030457496643, 0.7778817135915207, 1791227497504459504, 
0.04598420858383179, 0.5721799731254578, 0.7650499800849477, 1791227497535566100, 
0.06521135568618774, 0.21338438987731934, 0.7275157862518181, 1791227497567546949, 
-0.17461681365966797, -0.27816832065582275, 0.8789990430045005, 1791227497594731011, 
0.5947645306587219, 0.08614957332611084, 0.8358095749134735, 1791227497624730825, 
-0.06612181663513184, 0.31380724906921387, 0.7919064441283138, 1791227497654793706, 
-0.3654094934463501, 0.026671409606933594, 0.7634374236643603, 1791227497684852407, 
-0.322215735912323, -0.2369145154953003, 0.7986301129825593, 1791227497714910203, 
0.46117836236953735, 0.05505084991455078, 0.8070096502594333, 1791227497744955314, 
0.21494656801223755, 0.6803179979324341, 0.7515335589121211, 1791227497776262081, 
-0.05993765592575073, -0.33137035369873047, 0.7551416458672329, 1791227497807562897, 
-0.17273658514022827, -0.08794188499450684, 0.8872992954965877, 1791227497835263343, 
0.08344590663909912, 0.3935028910636902, 0.8152721594977779, 1791227497865286395, 
0.0043381452560424805, -0.06426137685775757, 0.7896482291233939, 1791227497895352473, 
0.08410811424255371, -0.4280545711517334, 0.7756953465614266, 1791227497925491184, 
-0.05448472499847412, 0.23114514350891113, 0.8030627816663559, 1791227497955425578, 
0.084195077419281, 0.6190435886383057, 0.8215703895263881, 1791227497985471576, 
-0.04561722278594971, -0.07928335666656494, 0.8386271351825363, 1791227498015547491, 
-0.45766139030456543, -0.3838711977005005, 0.7722923752006247, 1791227498047602768, 
-0.00196683406829834, 0.13085752725601196, 0.8533100026040653, 1791227498075776287, 
0.14170080423355103, 0.48584043979644775, 0.7950060974822681, 1791227498105788427, 
0.28011417388916016, -0.013936340808868408, 0.7828679130684159, 1791227498135948843, 
-0.4623730182647705, -0.030416369438171387, 0.8033143351165, 1791227498165025787, 
0.02267974615097046, -0.04946225881576538, 0.7653923672701428, 1791227498195946786, 
-0.10635340213775635, 0.04874223470687866, 0.820476132500651, 1791227498226164019, 
0.1863769292831421, 0.20271873474121094, 0.8344470924224917, 1791227498256186633, 
-0.17103129625320435, 0.5964421629905701, 0.771068513615031, 1791227498288227194, 
0.030126452445983887, -0.23709362745285034, 0.7658154559310979, 1791227498318838546, 
-0.26879072189331055, -0.1884257197380066, 0.8595520495866409, 1791227498346378307, 
0.2858685255050659, 0.21524107456207275, 0.7930310407108603, 1791227498376373518, 
-0.16453534364700317, 0.0810236930847168, 0.7507138832599248, 1791227498406442146, 
0.20769697427749634, 0.06033122539520264, 0.7371579105068632, 1791227498437137534, 
0.35160374641418457, -0.0023360848426818848, 0.7968145390670079, 1791227498467163041, 
0.16522103548049927, 0.44907450675964355, 0.8124507442952731, 1791227498497221122, 
-0.14301669597625732, -0.11565399169921875, 0.814839933770551, 1791227498526645299, 
-0.030199646949768066, -0.10185539722442627, 0.714359935183006, 1791227498559708166, 
-0.3015056848526001, 0.15862411260604858, 0.8697925263122912, 1791227498587253648, 
-0.2061457633972168, 0.16939061880111694, 0.8087115625665638, 1791227498617288762, 
-0.10172122716903687, -0.2867000699043274, 0.8222772461214026, 1791227498647400868, 
0.09772723913192749, 0.18608754873275757, 0.842479873317963, 1791227498677283610, 
0.3236115574836731, 0.41988950967788696, 0.8054170949059627, 1791227498707314571, 
-0.24211716651916504, -0.2327115535736084, 0.7903688530246497, 1791227498737455728, 
-0.043958425521850586, -0.4391828775405884, 0.8259745808023765, 1791227498766635862, 
0.2407594919204712, 0.21668338775634766, 0.7104508058614144, 1791227498800121947, 
0.3936300277709961, 0.7316288948059082, 0.871991153372079, 1791227498826653001, 
-0.20167559385299683, -0.12626045942306519, 0.7706231940365519, 1791227498857547976, 
0.1285189986228943, -0.25343912839889526, 0.8303871039384296, 1791227498887484697, 
-0.21279025077819824, 0.1538327932357788, 0.8102529555528701, 1791227498917556326, 
-0.21672922372817993, -0.002552628517150879, 0.7891170993413521, 1791227498947585044, 
0.1286875605583191, 0.19016849994659424, 0.7875875223593886, 1791227498977722051, 
0.024611949920654297, 0.07719683647155762, 0.8029571719700954, 1791227499007804122, 
-0.11514055728912354, -0.21902430057525635, 0.7495049464107244, 1791227499039808004, 
-0.06260359287261963, 0.26342642307281494, 0.8594101684041857, 1791227499067923175, 
-0.08961772918701172, -0.2021196484565735, 0.8332881153364016, 1791227499096999438, 
-0.3424122929573059, 0.06930756568908691, 0.7495833259833977, 1791227499127985279, 
0.226915180683136, 0.2774997353553772, 0.7580168172631752, 1791227499158104379, 
0.26915979385375977, -0.07148611545562744, 0.7733055143105863, 1791227499188141800, 
-0.024581313133239746, 0.19035500288009644, 0.7815800222519467, 1791227499218245975, 
-0.3367660641670227, 0.26283925771713257, 0.7802002281100185, 1791227499248363131, 
-0.07859891653060913, -0.3079493045806885, 0.7754346951144101, 1791227499279840685, 
-0.005841553211212158, 0.04958176612854004, 0.7598904649440389, 1791227499312412350, 
0.02553105354309082, 0.31630271673202515, 0.9119035129903382, 1791227499338535532, 
-0.2888856530189514, -0.022423207759857178, 0.8064988121088119, 1791227499368529251, 
0.33660435676574707, -0.1846146583557129, 0.8288557571964311, 1791227499398624720, 
-0.28294217586517334, 0.22232258319854736, 0.8157377281951596, 1791227499428719077, 
-0.12547391653060913, -0.0018597245216369629, 0.7962894455774466, 1791227499458766828, 
-0.541074275970459, -0.07469451427459717, 0.7945739201249553, 1791227499488845758, 
0.2364790439605713, 0.15463471412658691, 0.7989467119544063, 1791227499520030681, 
0.06598234176635742, 0.34715354442596436, 0.7545329460368654, 1791227499551691153, 
-0.20815950632095337, -0.05099278688430786, 0.8462302950209075, 1791227499579075703, 
-0.1097869873046875, -0.580481231212616, 0.7912419463500067, 1791227499609032994, 
-0.009177684783935547, 0.526750922203064, 0.8171221063507843, 1791227499639166057, 
0.042169928550720215, 0.519777238368988, 0.8178567647419186, 1791227499669225954, 
-0.29065054655075073, -0.20220506191253662, 0.8119529423105987, 1791227499699317019, 
0.3497381806373596, -0.3945329785346985, 0.7948798450514372, 1791227499729385734, 
-0.008535027503967285, 0.5051669478416443, 0.759655607839538, 1791227499760169150, 
0.015795648097991943, 0.26300764083862305, 0.7338199933274868, 1791227499792133331, 
-0.6393875479698181, -0.36811363697052, 0.8726232873286396, 1791227499819620294, 
-0.20825958251953125, 0.11238420009613037, 0.7949557532857185, 1791227499849681454, 
-0.39964622259140015, 0.30265140533447266, 0.7925763912632643, 1791227499879735003, 
0.06668686866760254, -0.1783648133277893, 0.7251666964458496, 1791227499901810920, 
-0.18690437078475952, -0.12006992101669312, 0.8319609682375336, 1791227499939949097, 
0.019459187984466553, 0.3166292905807495, 0.7711384044061709, 1791227499969913362, 
-0.003055393695831299, -0.08555799722671509, 0.7778814561447324, 1791227499999985363, 
-0.3004593849182129, 0.10336959362030029, 0.7561005102314007, 1791227500032021350, 
-0.45355522632598877, 0.17443573474884033, 0.7881843453222444, 1791227500062856505, 
0.2712250351905823, 0.17878484725952148, 0.8594985397197998, 1791227500090453886, 
-0.16911214590072632, -0.05190157890319824, 0.7836673050465912, 1791227500120712142, 
0.27226585149765015, 0.07809829711914062, 0.8309402182089779, 1791227500150284326, 
-0.35099339485168457, -0.147658109664917, 0.7997430472320617, 1791227500180597017, 
-0.08098232746124268, 0.3533589839935303, 0.7872807852872777, 1791227500210539668, 
0.5468237400054932, 0.2628862261772156, 0.7650893747130854, 1791227500240501217, 
-0.24627065658569336, 0.03159821033477783, 0.7427793501901518, 1791227500272350052, 
-0.12105286121368408, -0.0983496904373169, 0.7857555105798218, 1791227500304031429, 
-0.3791341185569763, 0.01917344331741333, 0.9587330502549603, 1791227500331027559, 
0.3994513154029846, 0.25991880893707275, 0.8489386270221042, 1791227500360814266, 
-0.469113290309906, 0.37532782554626465, 0.80267691437596, 1791227500390869881, 
0.10752910375595093, -0.20947682857513428, 0.8095157546522024, 1791227500420948769, 
-0.2363736629486084, -0.17418932914733887, 0.8018205224332348, 1791227500451163940, 
0.3704105615615845, 0.4133095145225525, 0.7760683374263282, 1791227500480993109, 
-0.24946683645248413, 0.2656983733177185, 0.736597232898517, 1791227500512194606, 
-0.302673876285553, -0.2456120252609253, 0.7376549290555672, 1791227500543925941, 
-0.26251065731048584, -0.22357559204101562, 0.869819302809219, 1791227500571313106, 
0.09534120559692383, 0.5962633490562439, 0.7843715507873588, 1791227500601292700, 
-0.280711829662323, 0.057666778564453125, 0.737396395644398, 1791227500631428761, 
-1.4046833515167236, -0.7324075102806091, 0.6725459631043503, 1791227500661730586, 
-0.6504358649253845, 0.34783226251602173, 0.5627788056402832, 1791227500691436920, 
-0.672267496585846, -0.01892465353012085, 0.512710309266021, 1791227500721526737, 
1.5859450101852417, 0.33966267108917236, 0.5500443424604915, 1791227500752272232, 
0.169918954372406, 0.02340400218963623, 0.715235946503035, 1791227500784210173, 
-0.021367013454437256, 0.04698026180267334, 0.8645893172165056, 1791227500813814737, 
0.1755436658859253, 0.23947155475616455, 0.867142697399262, 1791227500842401519, 
-0.48624205589294434, 0.10084199905395508, 0.8155937022289776, 1791227500872360703, 
-0.00641101598739624, 0.05940103530883789, 0.8163086447548787, 1791227500902405814, 
-0.6690800189971924, 0.23109161853790283, 0.8305262135235341, 1791227500932370980, 
-0.7378679513931274, 0.06699240207672119, 0.8233704949544972, 1791227500962385906, 
-0.25370025634765625, 0.16160517930984497, 0.804332807540658, 1791227500992511104, 
0.227733314037323, -0.2917325496673584, 0.7413597533136607, 1791227501023814045, 
0.5202186703681946, 0.5149200558662415, 0.6949757687637507, 1791227501055561714, 
-0.34228843450546265, 0.5451760292053223, 0.894661729695181, 1791227501081720377, 
0.2190287709236145, -0.18831151723861694, 0.8104983640630588, 1791227501112577421, 
-0.1678922176361084, 0.020265400409698486, 0.8249930620526638, 1791227501142580396, 
-0.146922767162323, 0.11197429895401001, 0.8044060968418626, 1791227501172623229, 
-0.1485658884048462, 0.2325901985168457, 0.8287503978336271, 1791227501202688611, 
1.1511082649230957, 0.3408970236778259, 0.8231072067932659, 1791227501231729158, 
0.5464434027671814, 0.2244793176651001, 0.7121614190176049, 1791227501263788362, 
1.4090975522994995, 0.13055866956710815, 0.6883196930343114, 1791227501296169696, 
0.5048947930335999, -0.049830079078674316, 0.8860119712491896, 1791227501322889398, 
-0.3171539902687073, 0.23986411094665527, 0.8015710342720228, 1791227501352894554, 
-0.1138961911201477, 0.4014045000076294, 0.7872760819448915, 1791227501382968329, 
-0.17019087076187134, -0.020499467849731445, 0.7695638299496508, 1791227501413012668, 
-0.7825307250022888, -0.13988596200942993, 0.7859974640643045, 1791227501443081858, 
-0.18252843618392944, 0.342883825302124, 0.7760863922349622, 1791227501473193282, 
-0.5100205540657043, 0.13426744937896729, 0.7520150649236379, 1791227501503732179, 
0.6718755960464478, -0.17071902751922607, 0.7499263936923379, 1791227501536055349, 
0.16705292463302612, 0.504584014415741, 0.8820800922133537, 1791227501563551659, 
0.03427600860595703, 0.34324103593826294, 0.7875134842304905, 1791227501593552112, 
-0.7536047101020813, -0.2545210123062134, 0.7938335547011188, 1791227501623497452, 
0.5190151929855347, 0.08764219284057617, 0.8128611072108379, 1791227501653558688, 
0.1629176139831543, 0.37854892015457153, 0.7850688367362118, 1791227501683620452, 
0.17996752262115479, 0.025672435760498047, 0.76567554532934, 1791227501713693535, 
-0.46447908878326416, -0.12865567207336426, 0.7763894623789033, 1791227501744192856, 
-0.058355093002319336, 0.5562059879302979, 0.7640936972864226, 1791227501775780831, 
0.2101617455482483, 0.41532278060913086, 0.7921303460907372, 1791227501806067814, 
0.3762187957763672, 0.10360115766525269, 0.8831445716380908, 1791227501843963582, 
-0.21548676490783691, 0.40025120973587036, 0.8183039165989278, 1791227501874073305, 
-0.31730401515960693, 0.03164815902709961, 0.8021315481306539, 1791227501903215050, 
-0.13247424364089966, -0.4156203269958496, 0.7089675717264968, 1791227501936442518, 
-0.24477285146713257, 0.5368817448616028, 0.8013699523403099, 1791227501966895349, 
-0.1279429793357849, 0.5337318778038025, 0.8852742566694155, 1791227501994384890, 
-0.07154154777526855, 0.11211174726486206, 0.7949142971762555, 1791227502024416814, 
0.20418578386306763, 0.03439688682556152, 0.6728566897777037, 1791227502047753055, 
0.06264322996139526, 0.45842647552490234, 0.8672618414202327, 1791227502084508924, 
0.006026327610015869, 0.4498661756515503, 0.8005157568343524, 1791227502114573433, 
-0.20375794172286987, -0.12350654602050781, 0.8165264160314275, 1791227502143652544, 
0.10720568895339966, 0.10702300071716309, 0.7166828173874139, 1791227502176077207, 
0.0532417893409729, 0.39674752950668335, 0.7343090426644601, 1791227502208110390, 
-0.30181312561035156, 0.06381571292877197, 0.8818082066225631, 1791227502234943713, 
-0.15988439321517944, 0.12340468168258667, 0.7966793193063795, 1791227502264932896, 
0.0329815149307251, 0.26297348737716675, 0.7939657553217577, 1791227502294995798, 
-0.02914881706237793, 0.1891300082206726, 0.791851440745073, 1791227502325019118, 
-0.4543141722679138, 0.041519105434417725, 0.8265857021381462, 1791227502354103108, 
0.37482917308807373, 0.02617168426513672, 0.762411093929847, 1791227502385213117, 
0.047109365463256836, 0.5974602699279785, 0.7579369548285503, 1791227502416098018, 
0.06311827898025513, -0.08378905057907104, 0.7473268414807348, 1791227502448209201, 
-0.1475827693939209, -0.16821283102035522, 0.9183521555426468, 1791227502475472591, 
0.15183252096176147, 0.3978385329246521, 0.8140481282791608, 1791227502505454474, 
-0.41135716438293457, 0.4307914972305298, 0.7860969571705624, 1791227502535505793, 
0.291018009185791, 0.039300620555877686, 0.798359578268755, 1791227502565552786, 
-0.6609042286872864, -0.3908076882362366, 0.8156225181150383, 1791227502595630345, 
-0.0718148946762085, 0.6464434862136841, 0.8025196456099357, 1791227502625768350, 
-0.0753512978553772, 0.5058490037918091, 0.7922202830181683, 1791227502656141834, 
-0.006087303161621094, -0.06914424896240234, 0.7621941929686562, 1791227502688090276, 
-0.3079071640968323, -0.22524285316467285, 0.8709567479675889, 1791227502715971870, 
0.22820287942886353, 0.4189128875732422, 0.8055470479921398, 1791227502745947662, 
-0.05973827838897705, 0.15752404928207397, 0.7981720459510948, 1791227502776012349, 
0.31788283586502075, 0.4772181510925293, 0.7992401918550238, 1791227502806085727, 
-0.26769107580184937, 0.11084562540054321, 0.7896525498241354, 1791227502836178038, 
-0.1386769413948059, -0.08545660972595215, 0.8106653355176934, 1791227502866252418, 
-0.06588512659072876, 0.1868969202041626, 0.8405310244072675, 1791227502896352621, 
0.1611425280570984, 0.4042781591415405, 0.7689506538726792, 1791227502927907518, 
-0.341069757938385, 0.1870945692062378, 0.7182903920544337, 1791227502959458299, 
-0.18949800729751587, 0.03213906288146973, 0.8735574081972876, 1791227502986524343, 
0.256000280380249, 0.06984323263168335, 0.7870049664326018, 1791227503016663711, 
-0.41338586807250977, 0.43380308151245117, 0.7878306121181402, 1791227503045634515, 
-0.14796417951583862, 0.20373976230621338, 0.7324700391332236, 1791227503077516088, 
0.29266417026519775, 0.5638499855995178, 0.7993228685519668, 1791227503137752803, 
-0.20115405321121216, 0.4922199249267578, 0.7868790339703762, 1791227503168167032, 
0.13155996799468994, -0.31690090894699097, 0.718997741706126, 1791227503200756992, 
-0.039276719093322754, 0.22132372856140137, 0.9047039145228082, 1791227503227592538, 
-0.03497046232223511, 0.5967987775802612, 0.7980914862784135, 1791227503257980675, 
-0.31227612495422363, -0.08596557378768921, 0.8315989780561102, 1791227503286636919, 
-0.10625022649765015, -0.3401338458061218, 0.7801191248015488, 1791227503317552606, 
0.07229799032211304, 0.5470322966575623, 0.7813521969575324, 1791227503347838535, 
-0.17497652769088745, 0.584006130695343, 0.7920170974683816, 1791227503377696111, 
-0.17249935865402222, -0.13448059558868408, 0.7841429162358948, 1791227503408359342, 
0.11874020099639893, -0.17539799213409424, 0.7433418849013894, 1791227503441073654, 
0.3452689051628113, 0.4903871417045593, 0.8695460938106662, 1791227503467862191, 
-0.5064367651939392, 0.28976964950561523, 0.7868295651231487, 1791227503497791996, 
-0.021242380142211914, -0.1168748140335083, 0.8264172401749892, 1791227503527808248, 
-0.19293010234832764, 0.2615933418273926, 0.82620909659145, 1791227503557826676, 
0.313365638256073, 0.08103060722351074, 0.7748894561999002, 1791227503587826197, 
-0.4613215923309326, -0.0717921257019043, 0.7920973051644731, 1791227503617943997, 
0.32602524757385254, 0.315024197101593, 0.8305701459270325, 1791227503648005302, 
-0.4922131896018982, 0.4113401770591736, 0.7550888924922876, 1791227503680156419, 
0.10006260871887207, -0.09040689468383789, 0.8210240759783544, 1791227503708134473, 
-0.12770527601242065, -0.027943015098571777, 0.766620340520461, 1791227503738201020, 
-0.005431234836578369, 0.28088051080703735, 0.8138650184554445, 1791227503767206938, 
-0.19976168870925903, 0.416439414024353, 0.7476929192195211, 1791227503798267053, 
0.5615600943565369, 0.03575944900512695, 0.7546829894312653, 1791227503828367270, 
0.10134166479110718, -0.11851900815963745, 0.7714509290366375, 1791227503858450666, 
-0.4707460403442383, 0.45608997344970703, 0.7724935449238574, 1791227503888621304, 
-0.29028743505477905, -0.14466094970703125, 0.7644342066266064, 1791227503919995351, 
0.27582108974456787, 0.1530243158340454, 0.9071298668153767, 1791227503947638600, 
0.34559422731399536, 0.33586394786834717, 0.7862638559607871, 1791227503978720093, 
0.06083458662033081, 0.10405963659286499, 0.8003976603251587, 1791227504008738334, 
-0.20072591304779053, -0.018325984477996826, 0.7993117459991411, 1791227504038827660, 
-0.31872785091400146, 0.4666445851325989, 0.7936346236693689, 1791227504068871644, 
0.10651993751525879, 0.27651894092559814, 0.7959871530935099, 1791227504098974654, 
-0.27415692806243896, -0.4569203853607178, 0.8086372504565289, 1791227504129044182, 
-0.11610788106918335, 0.11813622713088989, 0.781038851533952, 1791227504160051820, 
0.40140998363494873, 0.8288888931274414, 0.7530610588047288, 1791227504192193915, 
0.06595253944396973, 0.30610668659210205, 0.8751024246782045, 1791227504219283684, 
-0.04111886024475098, -0.6597023606300354, 0.7913529341745663, 1791227504249260471, 
-0.10255581140518188, 0.05643284320831299, 0.8022830479886744, 1791227504279354072, 
0.022806942462921143, 0.5609742403030396, 0.8095670383359679, 1791227504309394755, 
-0.07867956161499023, 0.4476647973060608, 0.800513648341515, 1791227504339455604, 
0.24219673871994019, -0.3034381866455078, 0.8038880271462363, 1791227504369531017, 
-0.2075684666633606, 0.10162943601608276, 0.7871759479351303, 1791227504399646378, 
0.23668360710144043, 0.2763141989707947, 0.7330242768869931, 1791227504432025041, 
-0.21122491359710693, 0.3933039903640747, 0.8562710526609071, 1791227504459742314, 
-0.05955737829208374, -0.15674370527267456, 0.7781624473320554, 1791227504489785724, 
-0.2753216028213501, 0.19833803176879883, 0.7898668879604135, 1791227504519868209, 
0.4120672941207886, 0.23881202936172485, 0.7964607035460655, 1791227504549974116, 
0.027642905712127686, 0.01474374532699585, 0.7933534067357263, 1791227504579985038, 
0.1758054494857788, 0.2806468605995178, 0.7857155855419146, 1791227504610082295, 
-0.04366135597229004, 0.0745542049407959, 0.802922617429757, 1791227504640193886, 
0.1976800560951233, -0.03954911231994629, 0.7769434556131355, 1791227504672219500, 
-0.3244430422782898, 0.11890619993209839, 0.8045933316080182, 1791227504702049162, 
0.3188241720199585, 0.2982061505317688, 0.8046980415863361, 1791227504730505785, 
-0.4576762914657593, -0.15953505039215088, 0.777759133881754, 1791227504760469065, 
0.33472466468811035, 0.2296046018600464, 0.8408777174873104, 1791227504789674726, 
-0.4856364130973816, 0.22560596466064453, 0.8056619071138132, 1791227504820615238, 
-0.1931922435760498, -0.18746745586395264, 0.8075952575618575, 1791227504850579673, 
-0.03646409511566162, 0.039167046546936035, 0.8227615575001523, 1791227504879653368, 
0.28255367279052734, 0.401165246963501, 0.740442392229096, 1791227504912566290, 
-0.6375566124916077, 0.23531818389892578, 0.765839397851942, 1791227504944129854, 
-0.5145772099494934, -0.3107290267944336, 0.8992171681927529, 1791227504970942467, 
0.11448419094085693, -0.2863757014274597, 0.8211243289382092, 1791227505000937143, 
0.09976482391357422, 0.7301965355873108, 0.8305262058759487, 1791227505031046824, 
0.016843199729919434, 0.24444884061813354, 0.8097818512761111, 1791227505061017026, 
-0.04685771465301514, -0.12658822536468506, 0.7922752670091688, 1791227505091431623, 
0.38571327924728394, -0.19335931539535522, 0.7951430251066305, 1791227505121257693, 
-0.09587115049362183, 0.38333195447921753, 0.7560883109122748, 1791227505152085575, 
-0.14196407794952393, 0.10297399759292603, 0.7381167019226327, 1791227505184266646, 
-0.35878419876098633, -0.05096310377120972, 0.8861491412456479, 1791227505211476743, 
0.2698267698287964, 0.16666895151138306, 0.7972826487352227, 1791227505241460726, 
0.2103968858718872, 0.19218850135803223, 0.7752548066052937, 1791227505271542577, 
-0.27590078115463257, -0.23744326829910278, 0.8315796713158641, 1791227505300633646, 
-0.13310420513153076, -0.02404940128326416, 0.8117109428795077, 1791227505330664430, 
-0.1536133885383606, 0.49686795473098755, 0.7415543060808985, 1791227505361733133, 
0.13703197240829468, 0.11634665727615356, 0.7468410764018488, 1791227505392228621, 
-0.21356040239334106, -0.42235761880874634, 0.7677129803307043, 1791227505424364760, 
0.27756786346435547, 0.24697232246398926, 0.8348029546943473, 1791227505454048391, 
-0.27665823698043823, 0.7362403869628906, 0.8231784923440512, 1791227505482577271, 
0.217501699924469, -0.7108134031295776, 0.7937706320073193, 1791227505511709950, 
-0.023647844791412354, -0.1321982741355896, 0.7683502403507605, 1791227505542564893, 
-0.10336810350418091, 0.7072715163230896, 0.7656491154128647, 1791227505572746411, 
-0.5066059827804565, 0.1945226788520813, 0.7815560586638326, 1791227505602603055, 
0.7359645962715149, -0.06201314926147461, 0.8172240644164235, 1791227505632792952, 
-0.3364418148994446, 0.08937650918960571, 0.7834829248747202, 1791227505664133190, 
0.05137151479721069, 0.06782782077789307, 0.7617627960937378, 1791227505695787373, 
-0.08026003837585449, 0.13364702463150024, 0.8792391699585183, 1791227505723129059, 
0.24065107107162476, 0.046347618103027344, 0.8270398808904758, 1791227505752812297, 
-0.24670463800430298, 0.005599617958068848, 0.8062381562899731, 1791227505782857617, 
-0.06096428632736206, -0.10038530826568604, 0.789485813284043, 1791227505812896647, 
-0.29987823963165283, -0.23160821199417114, 0.7999353883313325, 1791227505842928293, 
-0.06365209817886353, 0.6762428879737854, 0.8118480795230597, 1791227505872970193, 
-0.0766647458076477, 0.3109644651412964, 0.7459773013933698, 1791227505904247109, 
-0.14823490381240845, -0.6751095056533813, 0.7174841328990043, 1791227505936537061, 
0.028020501136779785, -0.06844186782836914, 0.9087571794316589, 1791227505963092022, 
0.17089098691940308, 0.9192132353782654, 0.8119736958111909, 1791227505993091511, 
0.06769788265228271, -0.13216817378997803, 0.7856076416305522, 1791227506023157780, 
-0.1662246584892273, -0.27740347385406494, 0.8039372053217871, 1791227506053261283, 
0.04570549726486206, 0.09181839227676392, 0.7979787548216252, 1791227506083314182, 
-0.09142285585403442, 0.15986955165863037, 0.7660892448458426, 1791227506113594232, 
-0.4061567783355713, -0.025038301944732666, 0.7699360421569053, 1791227506144210231, 
0.532550036907196, -0.10759156942367554, 0.7719602226385729, 1791227506176069911, 
0.007139265537261963, 0.5146031975746155, 0.8859441170215135, 1791227506203614620, 
-0.3285052180290222, -0.15455883741378784, 0.8240031225626449, 1791227506232645313, 
0.04356658458709717, 0.17371082305908203, 0.6662223422136281, 1791227506256689413, 
0.23293089866638184, -0.05351555347442627, 0.87576191181418, 1791227506283945527, 
0.05617016553878784, 0.14433979988098145, 0.8034328564487523, 1791227506313812574, 
-0.12908142805099487, -0.09073394536972046, 0.7957377947108946, 1791227506343952697, 
-0.3401792645454407, -0.004457831382751465, 0.7965780180653311, 1791227506374019762, 
0.26997703313827515, 0.6045892238616943, 0.7823199274107213, 1791227506404296696, 
-0.3817417621612549, -0.19859951734542847, 0.810390909265807, 1791227506434291570, 
0.0016495585441589355, -0.4475058913230896, 0.8330697450905132, 1791227506464289720, 
-0.16009992361068726, 0.24689239263534546, 0.7715344509029639, 1791227506496026808, 
0.33913081884384155, 0.49256598949432373, 0.7959239576460249, 1791227506526248548, 
-0.3685469627380371, -0.042642056941986084, 0.8419148149700865, 1791227506554349851, 
-0.12631726264953613, -0.22373616695404053, 0.7748386834098021, 1791227506584478137, 
-0.4554464817047119, 0.027529776096343994, 0.7833010050720274, 1791227506614520075, 
0.003093540668487549, 0.07577109336853027, 0.7963629179092718, 1791227506644522726, 
-0.3278741240501404, 0.1369684934616089, 0.7934911946454997, 1791227506674592772, 
0.31832653284072876, 0.0796695351600647, 0.8260862436210094, 1791227506703658085, 
-0.014451980590820312, -0.1601603627204895, 0.7585077489476607, 1791227506736081185, 
0.23380118608474731, 0.32948213815689087, 0.7640234286761515, 1791227506768153081, 
-0.06329679489135742, -0.09985440969467163, 0.8882905174456983, 1791227506795043145, 
-0.004861772060394287, -0.05880612134933472, 0.7948612393406203, 1791227506824927326, 
-0.0023716092109680176, 0.02303898334503174, 0.6774433172385562, 1791227506848107392, 
-0.1534927487373352, -0.10639345645904541, 0.874747817822087, 1791227506875134942, 
-0.23922836780548096, 0.051856935024261475, 0.7864677772329599, 1791227506905077781, 
0.185718834400177, 0.290302038192749, 0.6680654420198708, 1791227506928142834, 
0.017480671405792236, 0.1113540530204773, 0.85944643700067, 1791227506965198805, 
0.03224986791610718, -0.1057121753692627, 0.8099556882092486, 1791227506995305721, 
0.04092085361480713, 0.26809704303741455, 0.8037362972351932, 1791227507025407231, 
-0.3187086582183838, -0.03397691249847412, 0.7768714635541082, 1791227507056036368, 
-0.5746614933013916, -0.04959779977798462, 0.7519777362649349, 1791227507088452000, 
0.06289529800415039, -0.18080443143844604, 0.9389365866960669, 1791227507114638709, 
0.18710750341415405, 0.3064991235733032, 0.7740196486598333, 1791227507145610393, 
0.19568252563476562, 0.24856269359588623, 0.7968671577800931, 1791227507175681106, 
-0.2580556273460388, -0.24149739742279053, 0.8149703911923845, 1791227507205737079, 
-0.05785095691680908, -0.16144949197769165, 0.8094257626773081, 1791227507235846364, 
-0.11744457483291626, 0.17653363943099976, 0.8031725062546408, 1791227507265923227, 
0.05863547325134277, 0.2785026431083679, 0.8072824525793689, 1791227507296337584, 
0.02408468723297119, 0.03795754909515381, 0.7817568772762454, 1791227507328070619, 
-0.1153685450553894, 0.15746134519577026, 0.8609472205935749, 1791227507356097908, 
-0.352682888507843, -0.2478387951850891, 0.8133503380001311, 1791227507386148837, 
0.2752518057823181, -0.218195378780365, 0.8204528037705062, 1791227507416268125, 
-0.7292882800102234, 0.4315516948699951, 0.7889421764738899, 1791227507446314968, 
-0.45075470209121704, 0.10796338319778442, 0.7819880656251187, 1791227507476363187, 
-0.0028281211853027344, -0.3739171624183655, 0.7925851492437243, 1791227507506567665, 
0.43630117177963257, 0.18025058507919312, 0.7811476263932267, 1791227507536799600, 
-0.07172185182571411, 0.39763569831848145, 0.7252883686698572, 1791227507568114141, 
-0.551790177822113, -0.24311339855194092, 0.7603272711441439, 1791227507599088858, 
-0.03980833292007446, 0.009177088737487793, 0.8750434005164955, 1791227507626731755, 
0.23490512371063232, 0.14299798011779785, 0.7711383197668371, 1791227507656766180, 
-0.15140974521636963, 0.25158369541168213, 0.7439358541210231, 1791227507686856497, 
-0.4129863381385803, -0.21983009576797485, 0.7893323476829264, 1791227507716968366, 
0.10194611549377441, -0.1532784104347229, 0.8319976250631128, 1791227507746986176, 
-0.23735201358795166, 0.5953474044799805, 0.8065592963782701, 1791227507777046211, 
-0.22503703832626343, -0.06877094507217407, 0.7467780742773772, 1791227507808486095, 
-0.542876660823822, -0.20931541919708252, 0.7648968451094927, 1791227507840703285, 
0.23927992582321167, 0.1926625370979309, 0.9221360205110328, 1791227507867233834, 
-0.12147808074951172, 0.2600865364074707, 0.768560885124683, 1791227507897785927, 
-0.2917156219482422, -0.41271448135375977, 0.7860853559476099, 1791227507927882554, 
-0.026593148708343506, -0.07627153396606445, 0.8221898169861733, 1791227507957783372, 
0.18235570192337036, 0.7049292922019958, 0.8085200479569503, 1791227507987872496, 
-0.3074709177017212, 0.20922833681106567, 0.7700808803291982, 1791227508018084470, 
0.11070340871810913, 0.016427218914031982, 0.7682117688654138, 1791227508048102668, 
-0.23162025213241577, -0.11680001020431519, 0.7500782068909074, 1791227508080392864, 
-0.07082360982894897, 0.14606982469558716, 0.8998438689192765, 1791227508108184193, 
-0.2859256863594055, -0.1215130090713501, 0.8378064207908954, 1791227508138054725, 
-0.10276556015014648, 0.24792218208312988, 0.8024317681888806, 1791227508168138691, 
0.12151134014129639, 0.30478358268737793, 0.774981469855864, 1791227508198047147, 
-0.10707265138626099, -0.15647417306900024, 0.787293628573044, 1791227508228065976, 
0.3334094285964966, -0.0995820164680481, 0.8358284244508327, 1791227508258086721, 
-0.38132888078689575, 0.7032139301300049, 0.830085398239646, 1791227508287999688, 
0.07218438386917114, -0.20110487937927246, 0.7258338498279341, 1791227508320625794, 
-0.5195868015289307, -0.13988351821899414, 0.7879762031182711, 1791227508350356702, 
0.0744432806968689, 0.5604538917541504, 0.8314417718917292, 1791227508388362647, 
0.04866665601730347, 0.2727486491203308, 0.7634114257126687, 1791227508418440544, 
-0.13571470975875854, -0.29837852716445923, 0.7757104058139421, 1791227508448559052, 
-0.46336865425109863, -0.02553725242614746, 0.7294681529854298, 1791227508481013311, 
0.2537902593612671, 0.27477478981018066, 0.7873085945710762, 1791227508511391236, 
0.011152267456054688, 0.3674410581588745, 0.8810555482219973, 1791227508538734035, 
0.5200982689857483, -0.22295457124710083, 0.8088895495458688, 1791227508568730005, 
-0.6124855279922485, 0.24174445867538452, 0.8087549543129496, 1791227508598801640, 
0.21261781454086304, 0.29943931102752686, 0.8101164820149248, 1791227508628906197, 
-0.37829911708831787, -0.052610814571380615, 0.7968527745474985, 1791227508658948421, 
0.11182236671447754, -0.2014296054840088, 0.7657241166459501, 1791227508689076790, 
-0.5211185216903687, 0.18129056692123413, 0.7521866859292214, 1791227508720275289, 
-0.4886680841445923, 0.4334426522254944, 0.7505479247818478, 1791227508752246801, 
0.06735211610794067, 0.13419616222381592, 0.9228986857581869, 1791227508779234285, 
-0.2718682885169983, -0.07249414920806885, 0.8343558231785125, 1791227508809251336, 
-0.0776209831237793, -0.076732337474823, 0.8131717433848528, 1791227508839357027, 
0.005494117736816406, 0.23969435691833496, 0.819061400933532, 1791227508869426419, 
0.21573001146316528, 0.23360079526901245, 0.825052006463884, 1791227508898469620, 
-0.02327597141265869, 0.31481558084487915, 0.7495239715404804, 1791227508929587836, 
0.08590734004974365, -0.13679760694503784, 0.7613980169588146, 1791227508960344246, 
-0.056269943714141846, -0.06689965724945068, 0.7459987148850927, 1791227508992642194, 
-0.0006113648414611816, 0.47570353746414185, 0.8842442589777131, 1791227509019747974, 
-0.34099698066711426, 0.20136475563049316, 0.7914217782983547, 1791227509049854093, 
-0.2366885542869568, -0.15278440713882446, 0.7850456363444128, 1791227509079895885, 
-0.10320347547531128, 0.06046724319458008, 0.7883280451642846, 1791227509110225604, 
0.07762277126312256, -0.042964935302734375, 0.7875731724169328, 1791227509140031510, 
-0.8193871974945068, 0.09576141834259033, 0.7460809501320251, 1791227509170102885, 
1.0327774286270142, 0.5110481977462769, 0.775585821777142, 1791227509200549402, 
0.4195769429206848, -0.6460813879966736, 0.7604481933143533, 1791227509232229320, 
-0.0768161416053772, 0.9234253168106079, 0.7745569970510705, 1791227509262803601, 
-0.40822935104370117, -0.1649654507637024, 0.8503377577962598, 1791227509290722078, 
-0.2667081356048584, 0.10726708173751831, 0.7892147235774732, 1791227509320470161, 
-0.629576563835144, 0.18879163265228271, 0.7736847761887269, 1791227509349495414, 
0.05235809087753296, 0.1320149302482605, 0.6856513064387662, 1791227509370853631, 
-0.0126991868019104, 0.37575745582580566, 0.7803699150657547, 1791227509399758814, 
-0.547189474105835, 0.04211157560348511, 0.7841286818213512, 1791227509429640115, 
0.11394476890563965, 0.20153725147247314, 0.7494532702951572, 1791227509460946141, 
-0.35536789894104004, -0.05101370811462402, 0.7954598327132664, 1791227509490856642, 
0.2643415927886963, 0.15217846632003784, 0.8410501678870758, 1791227509520854447, 
-0.2734271287918091, 0.7927756905555725, 0.7943539159967856, 1791227509552262546, 
-0.27398180961608887, -0.2907552719116211, 0.7476788868181895, 1791227509583788029, 
-0.3806822896003723, -0.5076091885566711, 0.8427213621026103, 1791227509621144012, 
0.26095861196517944, 0.2977537512779236, 0.8207254616154153, 1791227509651382917, 
-0.47246748208999634, 0.14618748426437378, 0.8162817757621426, 1791227509681402577, 
0.328031063079834, -0.129133939743042, 0.7550509853955364, 1791227509713070054, 
-0.3064744472503662, 0.19462275505065918, 0.7935526097166232, 1791227509744206426, 
-0.039264976978302, 0.42122673988342285, 0.8770848901612373, 1791227509771730089, 
-0.5416408777236938, -0.27981477975845337, 0.7823006187008038, 1791227509801920712, 
-0.8091225624084473, 0.2554427981376648, 0.6869484858055512, 1791227509824956785, 
-0.12207698822021484, 0.4614402651786804, 0.9025869554566228, 1791227509860651356, 
-0.4199616312980652, 0.17565345764160156, 0.7973819580234006, 1791227509890676817, 
-0.22078579664230347, -0.05335831642150879, 0.7890914550122886, 1791227509921850321, 
0.5158788561820984, 0.17888784408569336, 0.7909253370836655, 1791227509952802328, 
-0.012192010879516602, 0.4847484827041626, 0.7353989179970892, 1791227509984236583, 
-0.47982311248779297, 0.015170276165008545, 0.8322723885779837, 1791227510012001095, 
-0.21692615747451782, -0.1598014235496521, 0.8216090271788663, 1791227510042029008, 
0.16661792993545532, 0.47583842277526855, 0.7904027605222704, 1791227510072829126, 
-0.06273794174194336, 0.32692277431488037, 0.7607101751468864, 1791227510102813279, 
-0.46911197900772095, -0.015290439128875732, 0.7633332234718898, 1791227510132923649, 
-0.4283868670463562, 0.023822426795959473, 0.8211008221778704, 1791227510162832832, 
-0.3261319398880005, 0.5549963712692261, 0.8311846315308298, 1791227510192885538, 
0.2250427007675171, -0.1348666548728943, 0.7700621806248197, 1791227510224378764, 
-0.08424782752990723, -0.12492609024047852, 0.8044819868999922, 1791227510255077779, 
-0.118613600730896, 0.6816754341125488, 0.9046032777802617, 1791227510282882951, 
0.15211522579193115, 0.38522791862487793, 0.8026267896186132, 1791227510313023874, 
0.022873759269714355, -0.3470062017440796, 0.8064620628085859, 1791227510342926031, 
0.20200812816619873, -0.29289209842681885, 0.8196155844010437, 1791227510372935085, 
-0.31895172595977783, 1.0074479579925537, 0.8050378689006132, 1791227510403019378, 
-0.1171761155128479, 0.26740968227386475, 0.7986890418286575, 1791227510433055497, 
-0.3063955307006836, -0.15899986028671265, 0.7710255566664931, 1791227510464678786, 
0.45696377754211426, 0.061592698097229004, 0.7340573535397431, 1791227510496506910, 
-0.3910844922065735, 0.4798440933227539, 0.8593874581968062, 1791227510523503064, 
-0.2665281295776367, 0.1503281593322754, 0.7985668838430332, 1791227510553156184, 
-0.18484187126159668, -0.06174492835998535, 0.8116717348127181, 1791227510583165732, 
0.20999199151992798, 0.45359307527542114, 0.7713769860643739, 1791227510613233986, 
-0.1733887791633606, 0.34221726655960083, 0.7794751734052225, 1791227510643300206, 
0.10894721746444702, -0.35884958505630493, 0.7997074932678586, 1791227510673390175, 
-0.031926631927490234, 0.32896631956100464, 0.759338994804397, 1791227510704229020, 
0.41632986068725586, 0.5695893168449402, 0.7149193875915552, 1791227510736547090, 
0.15385019779205322, 0.11190128326416016, 0.9224653833574583, 1791227510762644063, 
-0.23210161924362183, -0.12650412321090698, 0.7959832191411312, 1791227510793619625, 
-0.3516627550125122, 0.16258448362350464, 0.8004848273950423, 1791227510823706133, 
0.2290436029434204, 0.5484257936477661, 0.7885229251101238, 1791227510853798061, 
-0.29816925525665283, -0.13864850997924805, 0.7830577640029293, 1791227510883880475, 
0.14152860641479492, 0.035803377628326416, 0.8081823112047881, 1791227510913953523, 
-0.031277358531951904, 0.5173404812812805, 0.7883237343952259, 1791227510944506902, 
0.07611382007598877, 0.33083486557006836, 0.7446794728565747, 1791227510976699410, 
0.016928791999816895, 0.060056865215301514, 0.8530798176453962, 1791227511004169375, 
-0.20907998085021973, -0.1240149736404419, 0.7963671001363457, 1791227511034160955, 
-0.15109431743621826, 0.25127100944519043, 0.8091277298183165, 1791227511064209021, 
-0.5318869948387146, 0.00993412733078003, 0.7424166971420247, 1791227511086393105, 
0.15239500999450684, 0.46180737018585205, 0.8473469795781949, 1791227511124366775, 
-0.10447454452514648, -0.13988101482391357, 0.7949331518361791, 1791227511154559945, 
-0.21287685632705688, -0.1009824275970459, 0.8468077262509137, 1791227511183603531, 
0.10179203748703003, 0.23953551054000854, 0.7490670125764465, 1791227511216291874, 
-0.09334820508956909, 0.5178292393684387, 0.751755166192505, 1791227511247488918, 
-0.39026057720184326, 0.21906650066375732, 0.8411009798172545, 1791227511274873519, 
0.12037640810012817, -0.043944478034973145, 0.8163647294236291, 1791227511304937509, 
-0.29715877771377563, 0.0932992696762085, 0.8285299399052373, 1791227511334812727, 
0.07603287696838379, 0.4833299517631531, 0.7900662637791223, 1791227511364924446, 
0.26618242263793945, -0.008743464946746826, 0.7683509158388081, 1791227511395020477, 
0.32727497816085815, -0.07052063941955566, 0.7747220474824882, 1791227511425084426, 
0.10546839237213135, 0.583696722984314, 0.7415834375879344, 1791227511456289779, 
-0.08743113279342651, 0.27039146423339844, 0.7021413557321845, 1791227511488821283, 
-0.03970754146575928, -0.14197230339050293, 0.8860873406417029, 1791227511515262719, 
-0.292535662651062, 0.2590791583061218, 0.7904993400603566, 1791227511545283499, 
0.16245979070663452, 0.2074528932571411, 0.798764968245011, 1791227511575321541, 
-0.4701163172721863, 0.18756675720214844, 0.8117890502068245, 1791227511605416008, 
0.22585958242416382, 0.01149207353591919, 0.7971425163215765, 1791227511635475198, 
-0.08058547973632812, 0.3819170594215393, 0.7737853359042092, 1791227511665586684, 
0.05166018009185791, 0.09015214443206787, 0.8046366662989706, 1791227511695317278, 
-0.3819234371185303, -0.07822567224502563, 0.7469620639275064, 1791227511728688096, 
0.3192598223686218, 0.24452781677246094, 0.8852723375527016, 1791227511755770271, 
0.12290042638778687, 0.28668898344039917, 0.7650479677566155, 1791227511785832477, 
0.19731664657592773, 0.15644174814224243, 0.7864342894499612, 1791227511815892871, 
0.10382139682769775, 0.05221724510192871, 0.8353980399608184, 1791227511846000955, 
-0.231223464012146, 0.31277602910995483, 0.8145668843027497, 1791227511876044635, 
-0.16231143474578857, -0.1195421814918518, 0.8033510707497977, 1791227511906119429, 
0.1220974326133728, 0.10117983818054199, 0.8185094614392081, 1791227511936897185, 
-0.15921568870544434, 0.5228073000907898, 0.7830481313696357, 1791227511968355040, 
-0.3072689175605774, 0.3607702851295471, 0.8481157926421287, 1791227511996281997, 
0.3127698302268982, -0.347231924533844, 0.7855416152645295, 1791227512026482798, 
0.08381432294845581, -0.02745264768600464, 0.8085428786129387, 1791227512066459452, 
-0.08946597576141357, 0.35223692655563354, 0.7774045616966626, 1791227512096897962, 
-0.03299325704574585, 0.3494035601615906, 0.7366382840640074, 1791227512128746636, 
-0.2545146346092224, -0.2921779155731201, 0.8028419721200646, 1791227512157923593, 
-0.00809866189956665, 0.41582393646240234, 0.8139143811841664, 1791227512186711795, 
0.05212193727493286, 0.2466210126876831, 0.7688163037949916, 1791227512216804675, 
-0.19496172666549683, -0.10921096801757812, 0.679921974712281, 1791227512239717634, 
0.15334290266036987, 0.16059154272079468, 0.8649077756096478, 1791227512267039873, 
0.21809875965118408, 0.4262641668319702, 0.7890947168210151, 1791227512296980030, 
-0.05395805835723877, 0.18646156787872314, 0.6883359709840082, 1791227512320178270, 
0.3073199987411499, -0.2457253336906433, 0.9087068613160929, 1791227512347175766, 
0.13424718379974365, 0.24068760871887207, 0.8201134272704684, 1791227512377112083, 
0.15874803066253662, 0.30439192056655884, 0.7816653561765922, 1791227512407170303, 
-0.156732439994812, 0.0780288577079773, 0.8014611109537, 1791227512437207979, 
0.16238123178482056, -0.08978629112243652, 0.8228843314338784, 1791227512467314783, 
-0.5177981853485107, 0.32743293046951294, 0.8026475199394979, 1791227512497412047, 
-0.5483349561691284, -0.0030599236488342285, 0.7620189402087818, 1791227512528336018, 
0.06862211227416992, -0.0545041561126709, 0.7518575644121425, 1791227512560516269, 
0.10550320148468018, 0.4254767894744873, 0.912138667172514, 1791227512587596458, 
0.34214329719543457, 0.37628692388534546, 0.8562078988501156, 1791227512615654688, 
-0.09967148303985596, -0.25567877292633057, 0.7454916382767309, 1791227512647708717, 
0.5522871613502502, -0.20711493492126465, 0.8137175964386939, 1791227512677751959, 
-0.24128228425979614, 0.5338774919509888, 0.821524167531392, 1791227512708100190, 
0.22858494520187378, 0.2461654543876648, 0.8279121944473672, 1791227512737915984, 
-0.07506626844406128, -0.022941946983337402, 0.7975465903642457, 1791227512768787177, 
0.27127957344055176, -0.1559327244758606, 0.7354425274902573, 1791227512800549805, 
-0.07543975114822388, 0.2702465057373047, 0.8471419715756391, 1791227512828279996, 
0.15584856271743774, -0.006826221942901611, 0.8100853874057978, 1791227512858462561, 
0.3705766201019287, 0.42592179775238037, 0.8212259607402312, 1791227512888350366, 
0.0015286803245544434, 0.21646606922149658, 0.7602686360066007, 1791227512918418467, 
-0.06823879480361938, -0.05057573318481445, 0.7777841977345512, 1791227512948407747, 
0.2786164879798889, 0.023167312145233154, 0.8168206793624271, 1791227512978434318, 
0.06485259532928467, 0.005767643451690674, 0.7886317070197525, 1791227513008543985, 
-0.21562737226486206, 0.017579615116119385, 0.7291708292695163, 1791227513040562141, 
-0.1522432565689087, -0.02641010284423828, 0.8548796964990986, 1791227513068739095, 
0.4119974970817566, 0.1257290244102478, 0.8376828437975661, 1791227513097734570, 
-0.15329045057296753, 0.1348719596862793, 0.7530235532090656, 1791227513128765134, 
-0.046210408210754395, 0.42494142055511475, 0.6908105216312536, 1791227513151305128, 
-0.06765246391296387, -0.10560113191604614, 0.8570083884443369, 1791227513188905093, 
-0.41397351026535034, 0.0337257981300354, 0.8059819797899971, 1791227513219270315, 
-0.11137688159942627, 0.1553659439086914, 0.807794467473036, 1791227513249088791, 
0.1801660656929016, 0.1560259461402893, 0.7316315836389613, 1791227513281748268, 
0.4242212176322937, 0.01657646894454956, 0.78659488734737, 1791227513312206304, 
-0.148107647895813, 0.43932896852493286, 0.8904923195835737, 1791227513339290925, 
-0.2904513478279114, -0.26028573513031006, 0.809278757709864, 1791227513369262793, 
-0.016742825508117676, -0.2638622522354126, 0.8166480301369873, 1791227513399335426, 
0.372209370136261, 0.5874860882759094, 0.8113048165806894, 1791227513429445534, 
-0.056054532527923584, 0.2253715991973877, 0.798993914303821, 1791227513459519267, 
0.07628709077835083, -0.25058239698410034, 0.7893246207972352, 1791227513489605650, 
-0.14501893520355225, -0.24661785364151, 0.7646977844181068, 1791227513520793216, 
0.27690786123275757, 0.2785455584526062, 0.759553841252135, 1791227513551628039, 
-0.5680424571037292, 0.3997042179107666, 0.8216948635123802, 1791227513579828987, 
-0.3599802851676941, -0.14843475818634033, 0.7902402675238829, 1791227513609818615, 
0.11099433898925781, -0.38041621446609497, 0.7992744878190814, 1791227513639921033, 
0.5679170489311218, 0.6920999884605408, 0.7784493298864451, 1791227513669981833, 
-0.2111588716506958, -0.09347522258758545, 0.7778427725257536, 1791227513700045047, 
-0.139029860496521, -0.5099529027938843, 0.8100551823577733, 1791227513730147688, 
0.1984872817993164, 0.5682001113891602, 0.7741514842428197, 1791227513760567422, 
-0.08304929733276367, -0.011655449867248535, 0.6930690601400824, 1791227513792894299, 
-0.1142798662185669, -0.3623056411743164, 0.8589237682865997, 1791227513820359223, 
-0.11581671237945557, 0.13797837495803833, 0.8244820115370012, 1791227513850337331, 
0.05502021312713623, 0.253342866897583, 0.7918200249541442, 1791227513880442020, 
-0.396007776260376, -0.0837174654006958, 0.7724391452855901, 1791227513910505499, 
0.17071926593780518, -0.16379189491271973, 0.7861439140083798, 1791227513940572414, 
-0.5568894147872925, 0.5755031108856201, 0.8242548033108907, 1791227513969675315, 
-0.06258106231689453, -0.03172600269317627, 0.7547853342034574, 1791227514001377648, 
-0.15223640203475952, -0.30769652128219604, 0.8271058626562633, 1791227514031478055, 
0.056227684020996094, 0.08918356895446777, 0.768699333776168, 1791227514063571088, 
-0.029469728469848633, 0.2901875376701355, 0.8779483664267329, 1791227514090976597, 
0.12435585260391235, 0.030822813510894775, 0.821512886202312, 1791227514121001891, 
0.10599541664123535, 0.015408337116241455, 0.8383373431949886, 1791227514151026340, 
-0.10378539562225342, 0.10748183727264404, 0.80631485227879, 1791227514181157860, 
-0.2383912205696106, -0.31691890954971313, 0.7832533774660254, 1791227514211169259, 
-0.13073784112930298, 0.1254405975341797, 0.819305749647611, 1791227514241247416, 
0.1614428162574768, 0.22686195373535156, 0.7834348435394067, 1791227514272511152, 
-0.3429454565048218, 0.3721814751625061, 0.7022968105933303, 1791227514305109330, 
0.19635707139968872, -0.13886237144470215, 0.827840691956021, 1791227514341534387, 
0.07423675060272217, -0.3037160634994507, 0.8131038624982384, 1791227514371531344, 
0.2329643964767456, 0.29503685235977173, 0.8195914431863364, 1791227514401709174, 
-0.47059059143066406, 0.31755632162094116, 0.7834890163333028, 1791227514432920562, 
0.2780197858810425, -0.14854055643081665, 0.7727078764294788, 1791227514464447155, 
-0.5297887325286865, 0.1777641773223877, 0.8714832700181371, 1791227514491978827, 
-0.046878159046173096, 0.26097995042800903, 0.7802089127797716, 1791227514522054480, 
0.15598994493484497, -0.0962556004524231, 0.7893773954306412, 1791227514551893704, 
0.04599261283874512, 0.01039963960647583, 0.7823728941785685, 1791227514581988243, 
-0.37633246183395386, 0.07181286811828613, 0.7663112924385028, 1791227514612132230, 
0.26765185594558716, -0.14772570133209229, 0.7813443881473848, 1791227514642113051, 
0.07094115018844604, 0.16302025318145752, 0.7882377741330743, 1791227514672703296, 
0.43049466609954834, 0.13503456115722656, 0.7576804242575651, 1791227514704476342, 
-0.5250676274299622, 0.16121262311935425, 0.8655397188864263, 1791227514732375052, 
0.3668627142906189, -0.04951357841491699, 0.8020420161948173, 1791227514763042202, 
-0.35323959589004517, 0.055047810077667236, 0.8128893376694131, 1791227514793023639, 
0.25615179538726807, -0.043084681034088135, 0.8008466814013389, 1791227514823129496, 
-0.4742582440376282, -0.08311277627944946, 0.8162404885803273, 1791227514853073329, 
-0.30458950996398926, 0.23612546920776367, 0.8316943104131411, 1791227514883133483, 
-0.008422434329986572, 0.259638249874115, 0.8214320510903668, 1791227514913157539, 
-0.07571524381637573, -0.17047923803329468, 0.7515062872978937, 1791227514945155775, 
-0.07712727785110474, -0.34414124488830566, 0.7897067406320873, 1791227514975435487, 
-0.0008727312088012695, 0.3150646686553955, 0.8521146462352353, 1791227515003184311, 
0.19329851865768433, 0.3462943434715271, 0.7912437657892828, 1791227515033197480, 
-0.2050880789756775, 0.09095323085784912, 0.8107305206161934, 1791227515063248969, 
0.5043604969978333, -0.2739866375923157, 0.8089868382022862, 1791227515093336388, 
-0.04381215572357178, 0.15451401472091675, 0.798597826508296, 1791227515123405018, 
0.11506646871566772, 0.3030768632888794, 0.8011227082134942, 1791227515153397484, 
-0.3333470821380615, -0.11712080240249634, 0.785384212909738, 1791227515184478385, 
-0.007076382637023926, 0.003097832202911377, 0.733313729866556, 1791227515216444976, 
-0.19404828548431396, 0.26807618141174316, 0.8497145862267479, 1791227515243551673, 
-0.1281658411026001, -0.11688584089279175, 0.7911458145580498, 1791227515273515168, 
-0.03833937644958496, -0.029377996921539307, 0.8027290745599934, 1791227515303596445, 
-0.07283204793930054, 0.4655560851097107, 0.8186627524956994, 1791227515332649068, 
0.1728132963180542, -0.11044204235076904, 0.7742403939179953, 1791227515363679454, 
-0.03224259614944458, -0.059716105461120605, 0.8168839224983262, 1791227515393767566, 
0.32237255573272705, -0.011554360389709473, 0.789369475999258, 1791227515424917051, 
-0.08094507455825806, 0.5740516781806946, 0.7206046112471899, 1791227515456931322, 
-0.159226655960083, -0.33960187435150146, 0.8490623860974117, 1791227515483985977, 
0.030741095542907715, -0.16098493337631226, 0.8359270780516778, 1791227515514051309, 
0.12479126453399658, 0.5246580243110657, 0.8253204461597664, 1791227515544096033, 
-0.3277692198753357, 0.34345197677612305, 0.7928461140275447, 1791227515574179355, 
-0.025900423526763916, -0.34413135051727295, 0.7775029965690287, 1791227515604235818, 
-0.1775275468826294, -0.35317564010620117, 0.803358140042273, 1791227515634297783, 
0.04036515951156616, 0.48364126682281494, 0.8006847703538779, 1791227515664590229, 
-0.2860274314880371, 0.309403657913208, 0.7666318054212072, 1791227515696538691, 
0.12400901317596436, -0.19922518730163574, 0.8148975583296957, 1791227515726571798, 
-0.2379818558692932, -0.15505695343017578, 0.8805056207875469, 1791227515753685026, 
-0.014507770538330078, 0.1342260241508484, 0.7753343383941755, 1791227515784615614, 
0.0821305513381958, 0.14629870653152466, 0.8148752962312231, 1791227515814677026, 
0.09567415714263916, 0.25298190116882324, 0.7927223838290293, 1791227515844739103, 
-0.1585475206375122, 0.2140181064605713, 0.7641590364539012, 1791227515874813823, 
-0.32255488634109497, -0.28571510314941406, 0.790636132174691, 1791227515904975410, 
-0.18631774187088013, -0.19185936450958252, 0.7859972606738909, 1791227515936526250, 
-0.052133023738861084, 0.7127174139022827, 0.7534638729932583, 1791227515968095928, 
-0.09716111421585083, -0.0001760721206665039, 0.8132336810559052, 1791227515995153835, 
-0.2137027382850647, -0.4181361794471741, 0.7733019353362074, 1791227516025225425, 
0.01756531000137329, 0.3350819945335388, 0.8058859562276257, 1791227516055262249, 
0.33464640378952026, 0.2605575919151306, 0.7564819748554468, 1791227516085515294, 
-0.2926636338233948, -0.4612972140312195, 0.7703793385406528, 1791227516115347345, 
0.1844872236251831, 0.04174619913101196, 0.816636840055193, 1791227516145428031, 
-0.11441290378570557, 0.46762770414352417, 0.7904102947688872, 1791227516176473366, 
-0.1460733413696289, 0.12821590900421143, 0.7522080382116612, 1791227516208810546, 
0.002000868320465088, -0.19204473495483398, 0.9023253569879274, 1791227516235701597, 
-0.031127750873565674, 0.322659969329834, 0.8075071281517605, 1791227516265677597, 
-0.338357150554657, 0.36820048093795776, 0.7933333658100039, 1791227516295729576, 
-0.536715567111969, -0.1359621286392212, 0.7870209795416868, 1791227516325807826, 
0.27638280391693115, -0.23346680402755737, 0.8109847753414042, 1791227516355875027, 
-0.059688031673431396, 0.3805221915245056, 0.7820961554777189, 1791227516386053723, 
-0.08761900663375854, 0.38688331842422485, 0.7335035238839962, 1791227516417227031, 
-0.08757233619689941, -0.14275038242340088, 0.7596288440173852, 1791227516447675383, 
0.0382230281829834, 0.031459689140319824, 0.8447817104641069, 1791227516476229024, 
-0.2171175479888916, 0.05350184440612793, 0.8151474514407919, 1791227516506234975, 
-0.17241406440734863, 0.24550539255142212, 0.8473504318597389, 1791227516536281922, 
0.08074009418487549, -0.04795485734939575, 0.8626373418881791, 1791227516566356224, 
0.029840290546417236, 0.5739277601242065, 0.8134592701683955, 1791227516596370030, 
0.018236756324768066, -0.21323323249816895, 0.7709799454269777, 1791227516626398040, 
-0.5656886100769043, -0.27866822481155396, 0.780162089908215, 1791227516656944386, 
-0.035195887088775635, 0.4701443910598755, 0.7570313569314108, 1791227516688849509, 
-0.40483349561691284, 0.4541659355163574, 0.8512409039137067, 1791227516716754354, 
0.33432483673095703, -0.21221762895584106, 0.7732600807279781, 1791227516746764027, 
-0.3280927538871765, -0.0611686110496521, 0.7913967179108241, 1791227516776773902, 
0.08497428894042969, 0.1806044578552246, 0.8132331752850809, 1791227516805873673, 
-0.23261189460754395, 0.1409587860107422, 0.7324090155093665, 1791227516836908334, 
0.39066314697265625, 0.13781803846359253, 0.7475692829973705, 1791227516867034070, 
0.15669763088226318, 0.1971895694732666, 0.7875020701307153, 1791227516897129781, 
-0.45256322622299194, 0.28148651123046875, 0.7620651101624654, 1791227516929011968, 
-0.13762825727462769, -0.18893003463745117, 0.7712563445449969, 1791227516960531722, 
0.06439781188964844, 0.30221760272979736, 0.9041435992916378, 1791227516987279883, 
-0.12245732545852661, 0.18616408109664917, 0.7949872698316308, 1791227517017381048, 
-0.9535048604011536, -0.7487669587135315, 0.7863915697313365, 1791227517047390909, 
-1.5256738662719727, 0.4868955612182617, 0.7365824100705931, 1791227517077512770, 
-0.5614032745361328, 0.4233519434928894, 0.7666120748749105, 1791227517107598158, 
0.9530339241027832, -0.2053375244140625, 0.877603101502422, 1791227517136644005, 
-0.5728224515914917, 0.35911399126052856, 0.8225611829932002, 1791227517168578978, 
-0.9313561320304871, -0.19927924871444702, 0.8280111380247448, 1791227517199669124, 
-0.049744606018066406, 0.19814664125442505, 0.8813851479268332, 1791227517227854833, 
-0.6190018057823181, 0.7376677393913269, 0.7861520786249667, 1791227517257849226, 
0.6489284634590149, -0.46061235666275024, 0.7763056866571862, 1791227517287893369, 
-0.18467599153518677, 0.021641016006469727, 0.7655977237207157, 1791227517317973567, 
-0.01694542169570923, 0.4759277105331421, 0.7787004106863382, 1791227517348126688, 
-0.46222376823425293, 0.39234113693237305, 0.7851049326652259, 1791227517378151077, 
0.1862775683403015, -0.02414381504058838, 0.7746242760207231, 1791227517408553336, 
0.192488431930542, 0.1026185154914856, 0.7354843690036134, 1791227517441436058, 
-0.20227694511413574, 0.13887590169906616, 0.9024712552361012, 1791227517468347564, 
-0.48589450120925903, 0.4258791208267212, 0.7965590235539807, 1791227517498350288, 
-0.01827716827392578, -0.127280592918396, 0.7729902123333673, 1791227517528441352, 
-0.19396549463272095, 0.16502070426940918, 0.7643926173457302, 1791227517558498938, 
0.36249780654907227, 0.325389564037323, 0.7856059507479125, 1791227517588594271, 
-0.29132211208343506, 0.06834417581558228, 0.8009416248035744, 1791227517618754845, 
0.09118425846099854, 0.2698621153831482, 0.785367541039945, 1791227517648980794, 
0.054641127586364746, 0.1217261552810669, 0.7320619289207432, 1791227517681039266, 
0.3475978970527649, -0.03254169225692749, 0.8646971216171709, 1791227517709012707, 
-0.3354533314704895, 0.4637020230293274, 0.8052763976420727, 1791227517739111712, 
0.1936395764350891, 0.1416110396385193, 0.7721302418905006, 1791227517768971931, 
-0.3806912302970886, 0.13561058044433594, 0.7854122695998735, 1791227517799041562, 
0.34077417850494385, 0.0808337926864624, 0.8169927770278023, 1791227517829418714, 
-0.4882465600967407, 0.5001376271247864, 0.8149089912202632, 1791227517859419354, 
0.2513365149497986, -0.20155513286590576, 0.7924858823635541, 1791227517889428860, 
-0.24621683359146118, -0.09611159563064575, 0.7647099148979856, 1791227517920862527, 
0.18235808610916138, 0.7578721642494202, 0.7767887904081859, 1791227517952486226, 
-0.05041301250457764, 0.5898330211639404, 0.8615811134798771, 1791227517989458143, 
0.056784629821777344, 0.12348669767379761, 0.8109006112481421, 1791227518019547121, 
-0.28598541021347046, -0.24148523807525635, 0.8198157973290299, 1791227518049602398, 
0.03522336483001709, 0.2533458471298218, 0.7517253985760006, 1791227518081307829, 
-0.40342891216278076, 0.16650116443634033, 0.7301789313030007, 1791227518113305741, 
0.3655138611793518, 0.35544687509536743, 0.9135914355383103, 1791227518139915379, 
-0.31248176097869873, 0.2011275291442871, 0.7885481405379267, 1791227518170191157, 
-0.27242958545684814, 0.017064392566680908, 0.7798002434621937, 1791227518199894641, 
-0.2277616262435913, -0.13648569583892822, 0.8058182566377833, 1791227518230001713, 
0.2691184878349304, 0.5538022518157959, 0.8194024029545368, 1791227518260039333, 
-0.30931657552719116, 0.4180833697319031, 0.7718187492631312, 1791227518290144346, 
-0.24627935886383057, -0.2541621923446655, 0.7601053307680367, 1791227518321224373, 
0.06668418645858765, -0.06934374570846558, 0.7692081824450163, 1791227518352689866, 
-0.16876369714736938, 0.5977790355682373, 0.8508238655890085, 1791227518380370582, 
-0.2567148804664612, 0.10733997821807861, 0.7686195184841165, 1791227518410355320, 
0.18334513902664185, -0.22784316539764404, 0.7933261966618779, 1791227518440413337, 
0.1821410059928894, 0.3829631805419922, 0.8106645664731462, 1791227518470501226, 
-0.26599329710006714, 0.4658564329147339, 0.7867938331000556, 1791227518500602558, 
-0.01955515146255493, 0.05883580446243286, 0.7573457720137182, 1791227518530722120, 
-0.42046940326690674, -0.15770679712295532, 0.7691201994772764, 1791227518561313075, 
0.03147017955780029, 0.49486470222473145, 0.7724922698731689, 1791227518593140680, 
0.0042961835861206055, 0.16313737630844116, 0.8028242654854001, 1791227518623495600, 
0.02118861675262451, 0.03598976135253906, 0.900169311355232, 1791227518650995766, 
0.32276129722595215, 0.42805296182632446, 0.8409535056156958, 1791227518679984920, 
-0.2613583207130432, 0.16813534498214722, 0.779737197826279, 1791227518711034708, 
-0.1289317011833191, -0.05209243297576904, 0.8098250879412912, 1791227518741113738, 
-0.10473954677581787, -0.1441577672958374, 0.8159428160643359, 1791227518771203939, 
0.5438592433929443, 0.6928534507751465, 0.7881645745237617, 1791227518801286781, 
-0.6249911189079285, 0.517554521560669, 0.7443457786525814, 1791227518833018752, 
-0.024282991886138916, -0.1737322211265564, 0.7700225011631254, 1791227518864690576, 
-0.2705489993095398, -0.1349439024925232, 0.9182303075101895, 1791227518891467261, 
0.5252836346626282, 0.4832088351249695, 0.7708275950466242, 1791227518921524882, 
-0.08847743272781372, 0.17638468742370605, 0.6633031581046002, 1791227518944831407, 
-0.16250699758529663, -0.4352564215660095, 0.8931848516437634, 1791227518971704256, 
-0.060169994831085205, 0.0879623293876648, 0.8233785789251319, 1791227519001696806, 
-0.05168461799621582, 0.7715747952461243, 0.8122840079038348, 1791227519031749658, 
0.33591794967651367, 0.2175135612487793, 0.7808860841464322, 1791227519061764593, 
-0.10411638021469116, -0.219912588596344, 0.7897694564077398, 1791227519091863940, 
-0.10569465160369873, 0.3224315643310547, 0.790374626321105, 1791227519121982399, 
-0.14574605226516724, 0.24312889575958252, 0.7879213986753546, 1791227519151914374, 
-0.2118077278137207, 0.04198944568634033, 0.7178161799605474, 1791227519184692588, 
-0.19053971767425537, 0.048379361629486084, 0.8472517584634633, 1791227519212235474, 
0.14404332637786865, 0.3983205556869507, 0.8001804953551617, 1791227519242273098, 
0.01626366376876831, -0.009594619274139404, 0.8263579740240824, 1791227519272442643, 
-0.11116749048233032, 0.06894928216934204, 0.7964943050322926, 1791227519302599867, 
-0.12227791547775269, 0.21939390897750854, 0.7990650428763206, 1791227519332446179, 
0.22121316194534302, 0.25036168098449707, 0.7962798946559361, 1791227519362543839, 
0.4325457811355591, 0.06949180364608765, 0.7704473654745319, 1791227519394200678, 
-0.023924708366394043, 0.13143640756607056, 0.77571909286461, 1791227519425087324, 
-0.2377355694770813, 0.16061222553253174, 0.8004973369765218, 1791227519454764130, 
-0.02586144208908081, 0.38453835248947144, 0.8635883498348595, 1791227519483412592, 
0.47613346576690674, 0.17380225658416748, 0.8238616050022386, 1791227519513345130, 
-0.47006070613861084, 0.25974607467651367, 0.793092363482961, 1791227519543326462, 
-0.21576917171478271, -0.220575213432312, 0.7989093130929492, 1791227519573354626, 
0.16862207651138306, 0.24412661790847778, 0.8284281864010759, 1791227519603357484, 
0.17452889680862427, 0.4968026280403137, 0.7960429528437043, 1791227519633423756, 
-0.37557142972946167, 0.383395791053772, 0.7452584750157596, 1791227519664822355, 
0.12824684381484985, -0.4059792757034302, 0.7606811321010641, 1791227519696196150, 
0.3262225389480591, 0.0025792717933654785, 0.8890326180231484, 1791227519723594041, 
0.4080909490585327, 0.6799533367156982, 0.79470082810756, 1791227519753579995, 
-0.3493449091911316, 0.1839199662208557, 0.8192882399413797, 1791227519782671581, 
0.29633820056915283, -0.2588167190551758, 0.7668398440324442, 1791227519813614492, 
0.025679826736450195, 0.44688576459884644, 0.7734468200787797, 1791227519843805988, 
0.18978619575500488, 0.14129847288131714, 0.7811502420167652, 1791227519873674280, 
-0.46870648860931396, -0.12956619262695312, 0.7397719202025849, 1791227519904980833, 
0.15916931629180908, 0.19227486848831177, 0.7364133753942369, 1791227519937164078, 
0.2051910161972046, 0.4738002419471741, 0.8942839288593695, 1791227519963924061, 
-0.06587684154510498, 0.02648007869720459, 0.810896420106426, 1791227519993829302, 
-0.1372937560081482, -0.19724369049072266, 0.8121048694669855, 1791227520023898648, 
0.2214251160621643, 0.42009836435317993, 0.7865147135700418, 1791227520054015612, 
0.10138237476348877, 0.16264671087265015, 0.7751107626322489, 1791227520083048471, 
0.05770832300186157, -0.01917290687561035, 0.7706737050876096, 1791227520114191375, 
0.5083245635032654, 0.07969188690185547, 0.8272431668965228, 1791227520144750723, 
-0.15331190824508667, 0.6295066475868225, 0.7471938855387138, 1791227520176730134, 
-0.25491654872894287, 0.01684427261352539, 0.8277911119672569, 1791227520204399514, 
-0.16629254817962646, -0.4050717353820801, 0.8100355910718592, 1791227520234373451, 
0.05535387992858887, 0.40998518466949463, 0.8200705792646922, 1791227520264437729, 
-0.136466383934021, 0.6434433460235596, 0.7966021474020532, 1791227520294538564, 
0.2326640486717224, -0.03487652540206909, 0.8080548421104417, 1791227520324582637, 
0.021201252937316895, -0.388999879360199, 0.8239476041262238, 1791227520354703287, 
0.024425625801086426, 0.47667598724365234, 0.8046540269458081, 1791227520385204440, 
-0.18836510181427002, -0.010247766971588135, 0.7644369692582048, 1791227520416758194, 
-0.05623149871826172, 0.03183072805404663, 0.802058247345254, 1791227520446790281, 
0.00546717643737793, 0.8185222744941711, 0.8236351567004522, 1791227520484922174, 
-0.007161736488342285, -0.19713807106018066, 0.7824195298863739, 1791227520515051238, 
-0.7384994029998779, -0.532743513584137, 0.8274712860513083, 1791227520544093022, 
0.2726157307624817, 0.28970593214035034, 0.7025258499321387, 1791227520577449481, 
-0.23897308111190796, 0.363650381565094, 0.7465388403108824, 1791227520607872077, 
-0.5234491229057312, -0.05805015563964844, 0.8497055909851604, 1791227520635292918, 
-0.2979286313056946, 0.03139996528625488, 0.7907852016947574, 1791227520665315836, 
0.06521040201187134, 0.38176149129867554, 0.7993423403214146, 1791227520695396034, 
-0.2943716049194336, 0.0986708402633667, 0.7907062103945398, 1791227520725442660, 
-0.27266526222229004, -0.1049153208732605, 0.8134198387613839, 1791227520755539345, 
0.6688776612281799, -0.05228018760681152, 0.82323201128544, 1791227520785600513, 
0.24714666604995728, 0.48433274030685425, 0.754479849474123, 1791227520816796858, 
0.1187669038772583, -0.18629276752471924, 0.7257582044426714, 1791227520848768234, 
-0.047156453132629395, 0.08070701360702515, 0.9029028358939544, 1791227520875881964, 
0.2580474615097046, 0.5859748125076294, 0.7977146189802978, 1791227520906210511, 
-0.01755201816558838, 0.20933347940444946, 0.7974166338484794, 1791227520936009995, 
0.3368568420410156, -0.062088847160339355, 0.811877225015827, 1791227520966132510, 
-0.2700626254081726, -0.08114975690841675, 0.8178807608342947, 1791227520996061483, 
0.09006524085998535, 0.2093830704689026, 0.8000757129227847, 1791227521026181970, 
0.03846466541290283, 0.21652144193649292, 0.7716985235145216, 1791227521056968623, 
0.20058560371398926, 0.15494370460510254, 0.7538031440208155, 1791227521089219443, 
-0.5406063795089722, -0.16202127933502197, 0.9041798985597529, 1791227521116367187, 
0.44047969579696655, 0.21107089519500732, 0.8282601225359474, 1791227521146400776, 
-0.5347854495048523, -0.04938817024230957, 0.814765624972473, 1791227521176449100, 
0.3194729685783386, 0.15093612670898438, 0.7868117349283255, 1791227521206570279, 
-0.2261238694190979, 0.16188383102416992, 0.7807661384511995, 1791227521236558685, 
0.2996078133583069, -0.18344098329544067, 0.7862406269582011, 1791227521266673708, 
0.10945349931716919, 0.0730636715888977, 0.7706183929672071, 1791227521296880842, 
0.07391595840454102, 0.5948991179466248, 0.7168706515684407, 1791227521328889645, 
-0.36059480905532837, -0.27237468957901, 0.8249313891611123, 1791227521356875791, 
-0.09172606468200684, -0.0031630992889404297, 0.7876142868048831, 1791227521387039259, 
0.03220301866531372, 0.3117597699165344, 0.8146020030129957, 1791227521416980806, 
0.029233574867248535, 0.01818162202835083, 0.8044214250116857, 1791227521447074883, 
-0.27513056993484497, -0.00750964879989624, 0.8165165885473313, 1791227521476384518, 
0.4874526262283325, -0.1107366681098938, 0.7872348083590025, 1791227521507218715, 
0.2558952569961548, 0.5868520140647888, 0.7949554023951408, 1791227521537289919, 
-0.21730643510818481, -0.01165705919265747, 0.7341647023131904, 1791227521568902209, 
0.06427353620529175, -0.24979108572006226, 0.7409721685112862, 1791227521600561820, 
-0.09860110282897949, 0.1562502384185791, 0.9015562645427283, 1791227521627464735, 
0.19074130058288574, 0.23150575160980225, 0.8105354933792144, 1791227521657525507, 
0.013892590999603271, -0.15347892045974731, 0.8019060047144183, 1791227521687580001, 
-0.47641611099243164, -0.19070327281951904, 0.8213059307105535, 1791227521716643451, 
0.2522891163825989, 0.571780800819397, 0.7615447101141221, 1791227521747703274, 
-0.28617995977401733, 0.21036207675933838, 0.8097531165686697, 1791227521777823079, 
0.14168822765350342, -0.4164124131202698, 0.8095864674096144, 1791227521809192968, 
-0.36976420879364014, -0.005993247032165527, 0.7923712241619827, 1791227521840891328, 
0.841414749622345, 0.4493989944458008, 0.8736692851036425, 1791227521868072894, 
-0.2751559615135193, 0.18508517742156982, 0.7978998334376296, 1791227521898010984, 
0.3304288983345032, -0.20186126232147217, 0.6973601534801523, 1791227521921763556, 
-0.37454545497894287, 0.0167696475982666, 0.8824559490144099, 1791227521958180059, 
0.29569417238235474, -0.006326496601104736, 0.7584333407106255, 1791227521988288657, 
-0.16044491529464722, 0.0440179705619812, 0.7969716118326187, 1791227522018341060, 
0.21859288215637207, 0.25079160928726196, 0.8027780579176981, 1791227522049291595, 
-0.6259228587150574, 0.042489707469940186, 0.7817077751183457, 1791227522081091235, 
0.049223363399505615, -0.16734415292739868, 0.8832803976993344, 1791227522108644107, 
0.14563411474227905, -0.13184696435928345, 0.7733907054048645, 1791227522138572343, 
-0.28896814584732056, 0.43905752897262573, 0.7928263611216692, 1791227522167651463, 
-0.33595848083496094, 0.060585975646972656, 0.7520303130387433, 1791227522198696558, 
0.5991698503494263, -0.21765929460525513, 0.772980607085975, 1791227522228800895, 
0.09731101989746094, 0.03806960582733154, 0.7748169003305451, 1791227522258844992, 
-0.0014412999153137207, 0.22582143545150757, 0.783232102603866, 1791227522288890536, 
-0.06179267168045044, -0.12085133790969849, 0.7476298835257404, 1791227522321150689, 
0.012694180011749268, 0.062425851821899414, 0.8250030815574994, 1791227522351056316, 
0.2729390263557434, 0.17367392778396606, 0.831815580601792, 1791227522379159475, 
-0.14579051733016968, 0.16281598806381226, 0.7851328602097073, 1791227522409189415, 
-0.4128541350364685, -0.11965417861938477, 0.8356265021765666, 1791227522439229460, 
-0.29405099153518677, 0.07886123657226562, 0.8420260455893172, 1791227522469377700, 
0.104092538356781, 0.2155771255493164, 0.7884621812901297, 1791227522499410267, 
-0.38109999895095825, -0.4863644242286682, 0.76928568545069, 1791227522529680671, 
-0.09963995218276978, -0.22041243314743042, 0.7675008349992498, 1791227522561586061, 
0.22810977697372437, 0.9009117484092712, 0.793946034550121, 1791227522591884670, 
-0.3846203684806824, 0.07130676507949829, 0.8776346173024486, 1791227522618656850, 
-0.0562283992767334, -0.7753308415412903, 0.799741846217007, 1791227522649718381, 
0.1791558861732483, 0.25787806510925293, 0.8220235766551817, 1791227522679784067, 
0.11747288703918457, 0.31907039880752563, 0.7774186575804974, 1791227522709853166, 
-0.13441938161849976, 0.10500693321228027, 0.7603430825167095, 1791227522739864752, 
-0.043254077434539795, -0.22051066160202026, 0.7946953783170432, 1791227522769975527, 
-0.16896027326583862, -0.01854526996612549, 0.7901035068299578, 1791227522801203628, 
0.0020523667335510254, 0.07308274507522583, 0.7765246177171848, 1791227522833242865, 
-0.03065246343612671, 0.13407766819000244, 0.9771111344613302, 1791227522859244525, 
-0.12306272983551025, 0.09248441457748413, 0.7633316924113055, 1791227522890224135, 
-0.43822938203811646, -0.08254021406173706, 0.733050446970371, 1791227522920282191, 
0.37988197803497314, 0.145876944065094, 0.7566453932312889, 1791227522950345804, 
-0.4412763714790344, -0.040409088134765625, 0.7847353187164748, 1791227522980408861, 
0.014628708362579346, 0.2378658652305603, 0.7783244642670969, 1791227523010514162, 
-0.13313889503479004, -0.10354232788085938, 0.7696352336238711, 1791227523041411465, 
0.43420445919036865, 0.06899726390838623, 0.7775024971676713, 1791227523073318323, 
-0.15502041578292847, 0.2145673632621765, 0.8922078007710047, 1791227523100776057, 
0.22428244352340698, 0.1499122977256775, 0.777006797679307, 1791227523130744432, 
-0.4887772798538208, -0.21061402559280396, 0.7682752732733371, 1791227523160803447, 
-0.2984499931335449, -0.2823314666748047, 0.7074740039380202, 1791227523183193475, 
-0.19006675481796265, 0.09086745977401733, 0.8813537055983021, 1791227523220928083, 
-0.03687399625778198, 0.020197808742523193, 0.8386267757155563, 1791227523251020660, 
0.0812487006187439, 0.10202711820602417, 0.813093817909257, 1791227523281176553, 
0.3312039375305176, 0.14412862062454224, 0.7641007073102858, 1791227523313058022, 
-0.2209712266921997, -0.00966644287109375, 0.7748965458890695, 1791227523344029889, 
-0.2928382158279419, -0.16478294134140015, 0.8704096050009318, 1791227523371401258, 
0.20579808950424194, 0.09797948598861694, 0.7897456530511333, 1791227523401340075, 
-0.1699264645576477, 0.5719992518424988, 0.8080954882046177, 1791227523431407473, 
-0.053067922592163086, -0.07663917541503906, 0.8338611237108104, 1791227523461467368, 
-0.060329973697662354, -0.3121926188468933, 0.8288521006321572, 1791227523491560936, 
0.023689448833465576, 0.04964929819107056, 0.804708203244408, 1791227523520637322, 
-0.21649211645126343, 0.396018385887146, 0.7068090368032566, 1791227523553335824, 
-0.06555885076522827, -0.027238130569458008, 0.7620516107511228, 1791227523585379757, 
-0.22396481037139893, -0.2636651396751404, 0.9300143310928071, 1791227523611870525, 
-0.1515393853187561, 0.49545836448669434, 0.7921358113922858, 1791227523641867832, 
0.234366774559021, 0.041599810123443604, 0.7581687065304434, 1791227523671948820, 
-0.14315593242645264, -0.4484561085700989, 0.7825441337647991, 1791227523701974197, 
0.3020040988922119, 0.45375847816467285, 0.7973364474377036, 1791227523732071174, 
-0.14739692211151123, 0.4865953326225281, 0.7829693484817967, 1791227523762185737, 
-0.16551971435546875, -0.2926427721977234, 0.7671587214395205, 1791227523793304161, 
-0.04050016403198242, -0.17791473865509033, 0.7545470923624946, 1791227523825128764, 
0.152798593044281, 0.3615354895591736, 0.8652564597504255, 1791227523852406307, 
-0.3355281352996826, 0.32716578245162964, 0.7929102950428762, 1791227523882451896, 
-0.07448363304138184, -0.335052490234375, 0.799205975437324, 1791227523912513277, 
-0.0818793773651123, 0.10099679231643677, 0.8090447509322107, 1791227523942538591, 
0.13756835460662842, 0.5345492362976074, 0.8193207178374144, 1791227523971706274, 
-0.5916282534599304, 0.027546048164367676, 0.7656766312766541, 1791227524002802859, 
0.248371422290802, -0.44062602519989014, 0.7764417475874158, 1791227524033608624, 
-0.05246084928512573, 0.24652820825576782, 0.7590569645717269, 1791227524064953247, 
0.304032564163208, 0.3777419328689575, 0.8587105061806796, 1791227524093466605, 
-0.14222431182861328, 0.15513688325881958, 0.8115110126561872, 1791227524124030836, 
0.14297860860824585, 0.755554735660553, 0.8046278033319946, 1791227524153938073, 
-0.45621299743652344, -0.2532021999359131, 0.8012000837298701, 1791227524183811641, 
0.13145732879638672, -0.3525457978248596, 0.8247100836605851, 1791227524213793456, 
-0.17106837034225464, 0.1461930274963379, 0.8438020739785856, 1791227524242664429, 
0.14298087358474731, 0.6792106032371521, 0.7551282525642946, 1791227524273732940, 
-0.40860217809677124, 0.10651898384094238, 0.7316465287930143, 1791227524305061194, 
0.1390014886856079, -0.48104673624038696, 0.7773434316436053, 1791227524335833272, 
-0.18925529718399048, 0.2743098735809326, 0.8484377659749367, 1791227524364156971, 
0.0976136326789856, 0.7529381513595581, 0.7974453226277493, 1791227524393726221, 
-0.6933748126029968, -0.4147307872772217, 0.7728924490260003, 1791227524423800339, 
0.023350894451141357, -0.18038934469223022, 0.7908556621998598, 1791227524453896119, 
-0.2354223132133484, -0.011091053485870361, 0.7659918797723895, 1791227524513892863, 
0.22140246629714966, 0.35023677349090576, 0.7802456928887667, 1791227524577217164, 
-0.08041632175445557, 0.10561829805374146, 0.8156629920727443, 1791227524644187157, 
0.1595657467842102, 0.15764254331588745, 0.7830861881383989, 1791227524674234106, 
-0.22407978773117065, 0.01395648717880249, 0.7389980873582502, 1791227524737496817, 
-0.036212384700775146, 0.30290502309799194, 0.8815414434909593, 1791227524774372630, 
-0.2400379180908203, -0.1712203025817871, 0.8006476116608844, 1791227524833670598, 
-0.13977497816085815, -0.3159797787666321, 0.7734193191538409, 1791227524865611626, 
-0.47045570611953735, 0.6465485095977783, 0.7855403561901563, 1791227524897851890, 
0.06562870740890503, 0.5920120477676392, 0.9147819103916981, 1791227524924743960, 
-1.2570685148239136, -1.0138323307037354, 0.8043044306944425, 1791227524954988461, 
-1.7946970462799072, -0.09283918142318726, 0.793188680507193, 1791227524984854749, 
-0.263544499874115, 0.49231964349746704, 0.7887802962188029, 1791227525014879726, 
0.25568413734436035, 0.19583481550216675, 0.7918101109436887, 1791227525044921635, 
-0.38841015100479126, 0.24344336986541748, 0.7896569143769518, 1791227525075202800, 
-1.0985490083694458, 0.03150629997253418, 0.8020353770788806, 1791227525105136858, 
-0.22651314735412598, -0.1052824854850769, 0.734135257693172, 1791227525137478987, 
-0.1393635869026184, 0.42209476232528687, 0.7952572651346892, 1791227525167547164, 
0.0492129921913147, 0.19858014583587646, 0.863863274386063, 1791227525194704072, 
0.10577547550201416, 0.08818238973617554, 0.7480112102562289, 1791227525225385250, 
-0.47953373193740845, 0.13080698251724243, 0.6747390342156545, 1791227525248294246, 
0.04604905843734741, -0.13285911083221436, 0.8554279616242947, 1791227525285527889, 
-0.5109995603561401, 0.3244117498397827, 0.7758787452441036, 1791227525315629777, 
0.202151358127594, 0.17583030462265015, 0.808319831239678, 1791227525344655206, 
-0.25787442922592163, 0.014715850353240967, 0.7486759191563809, 1791227525377415660, 
-0.124808669090271, 0.1447262167930603, 0.7898019181993604, 1791227525409021681, 
-0.28884363174438477, 0.16948014497756958, 0.8584012618407034, 1791227525445888530, 
-0.09979861974716187, -0.13180702924728394, 0.7837403171009751, 1791227525475912502, 
0.29084479808807373, 0.21817076206207275, 0.7868561907097502, 1791227525506010272, 
-0.0172574520111084, 0.5144274830818176, 0.7646916968346849, 1791227525537015415, 
-0.16547363996505737, -0.11203128099441528, 0.7515018628487454, 1791227525569457071, 
-0.20765221118927002, -0.30440956354141235, 0.920705639207737, 1791227525596186288, 
0.18246108293533325, 0.5836618542671204, 0.8004461491133532, 1791227525626288896, 
0.21108180284500122, 0.4564540982246399, 0.7993514123784503, 1791227525656286774, 
-0.6329034566879272, -0.06312257051467896, 0.8050570100902846, 1791227525686412426, 
-0.09282797574996948, -0.2977730631828308, 0.8194583022078599, 1791227525716394456, 
-0.07164692878723145, 0.6978139877319336, 0.8101071747099376, 1791227525746581040, 
-0.20660537481307983, -0.017716825008392334, 0.7976098009156374, 1791227525777022175, 
-0.0661134123802185, 0.4144308567047119, 0.7545212614971739, 1791227525809014859, 
-0.059292495250701904, 0.5148683786392212, 0.8449114475528894, 1791227525836821982, 
-0.590889036655426, -0.1734076738357544, 0.7730692964378327, 1791227525866813873, 
-0.011635959148406982, -0.2392265796661377, 0.7735407497352207, 1791227525896851748, 
-0.23316824436187744, 0.5289837121963501, 0.777998181721271, 1791227525926956732, 
0.13026535511016846, 0.3425412178039551, 0.7835899096717468, 1791227525956975107, 
-0.3850663900375366, -0.0955466628074646, 0.8001301801142929, 1791227525987023899, 
0.45486241579055786, 0.09099555015563965, 0.8054044967368454, 1791227526017457799, 
-0.2247803807258606, 0.3840635418891907, 0.7552006342485766, 1791227526049040095, 
-0.22185397148132324, 0.22981572151184082, 0.7720195302807585, 1791227526079335264, 
-0.1925891637802124, -0.11594760417938232, 0.8569956511356341, 1791227526107353897, 
0.4282240867614746, 0.39820289611816406, 0.8376142887777237, 1791227526136358154, 
-0.47532808780670166, 0.31677985191345215, 0.7485136703597075, 1791227526167446164, 
0.45001405477523804, 0.03219872713088989, 0.766667765523961, 1791227526197451381, 
-0.4413489103317261, 0.02958977222442627, 0.7983027207481371, 1791227526227562518, 
0.19919955730438232, 0.46122217178344727, 0.852010844887633, 1791227526256638653, 
-0.5052191019058228, -0.06307661533355713, 0.7311637447363925, 1791227526289487145, 
0.13371604681015015, -0.0049659013748168945, 0.7585707562115216, 1791227526321214440, 
0.5204453468322754, 0.4793735146522522, 0.9088064676997848, 1791227526347839236, 
0.002287924289703369, 0.5301567912101746, 0.8023712837265436, 1791227526377877667, 
-0.6651096940040588, -0.1798229217529297, 0.8189958963826299, 1791227526407927169, 
-0.08053797483444214, -0.3393383026123047, 0.8240709405645719, 1791227526437986365, 
0.2553566098213196, 0.6603057384490967, 0.7870674411789214, 1791227526468073728, 
-0.3514050841331482, 0.7858354449272156, 0.7842189176591537, 1791227526498164006, 
-0.17707914113998413, -0.2098950743675232, 0.7748712008671288, 1791227526529892438, 
0.22657686471939087, -0.20108598470687866, 0.7796976344194497, 1791227526561266661, 
0.2631203532218933, 0.5609133243560791, 0.8445765366597899, 1791227526588418783, 
-0.2678874731063843, 0.15955877304077148, 0.8056093358740897, 1791227526617385673, 
-0.06076902151107788, -0.08895009756088257, 0.799403020922586, 1791227526648449290, 
-0.13995110988616943, 0.2875949740409851, 0.805184009619917, 1791227526678529129, 
0.243435800075531, 0.4378126263618469, 0.7667585042949862, 1791227526708622798, 
0.07645249366760254, -0.016971170902252197, 0.782095520407308, 1791227526738689883, 
-0.4280722141265869, -0.101895272731781, 0.7876303034813465, 1791227526769164468, 
-0.38740110397338867, 0.6698160767555237, 0.7285795395734417, 1791227526801212822, 
0.31697988510131836, 0.21476995944976807, 0.8295139364737684, 1791227526828920428, 
0.1378556489944458, -0.23254984617233276, 0.7915593525030797, 1791227526858905185, 
-0.4726490378379822, 0.37361466884613037, 0.7958384165639032, 1791227526888990016, 
0.2523640990257263, 0.149114727973938, 0.7881100992776592, 1791227526919033842, 
0.0065651535987854, 0.20006674528121948, 0.7771768061953492, 1791227526949130259, 
0.49534910917282104, -0.15402692556381226, 0.782598346793351, 1791227526979399073, 
-0.3054013252258301, 0.7022125720977783, 0.8130303001555003, 1791227527009332397, 
0.17978191375732422, 0.2097853422164917, 0.7689988336877379, 1791227527041855604, 
-0.25840508937835693, -0.06541436910629272, 0.8750345799601861, 1791227527070649057, 
0.411593496799469, 0.1861112117767334, 0.8368832990161597, 1791227527099514312, 
-0.5348752737045288, 0.14935410022735596, 0.7777982385568952, 1791227527129526311, 
-0.05583322048187256, 0.13968545198440552, 0.6973716930026338, 1791227527152094447, 
-0.0536496639251709, -0.2029675841331482, 0.8836854830351941, 1791227527180088792, 
-0.25748276710510254, 0.22127068042755127, 0.8372471250977541, 1791227527209764285, 
0.24000263214111328, 0.40269792079925537, 0.8117841256132782, 1791227527240054445, 
-0.20381402969360352, 0.23251622915267944, 0.8284730131166692, 1791227527270067645, 
-0.2093682885169983, -0.016759276390075684, 0.8033949572077774, 1791227527299944670, 
0.2615455985069275, -0.006414234638214111, 0.726706193735991, 1791227527362018205, 
0.0330357551574707, 0.1890314221382141, 0.7643769705046473, 1791227527393319099, 
-0.05340993404388428, 0.6834192276000977, 0.8722086551688528, 1791227527420745006, 
0.04176902770996094, 0.3016366958618164, 0.8059113883194484, 1791227527450577464, 
-0.14474153518676758, -0.17297321557998657, 0.800815389189775, 1791227527480370938, 
0.037857234477996826, 0.23582673072814941, 0.794985864447255, 1791227527510394718, 
-0.042692363262176514, 0.29457104206085205, 0.8147933947936822, 1791227527539681059, 
0.010353028774261475, 0.04672306776046753, 0.764254117039075, 1791227527570513896, 
-0.03307974338531494, 0.02578049898147583, 0.7417178644518158, 1791227527601243737, 
0.16586971282958984, 0.1900814175605774, 0.6944400690093976, 1791227527633692252, 
-0.07025039196014404, 0.3485535979270935, 0.8829891196920534, 1791227527660932309, 
0.07455265522003174, 0.04732930660247803, 0.8256741013713935, 1791227527690948833, 
0.5168238282203674, 0.35645508766174316, 0.8066092747239247, 1791227527720876825, 
-0.23884868621826172, -0.013107001781463623, 0.8213869650831347, 1791227527780964796, 
0.21775078773498535, 0.10963559150695801, 0.8186680050360928, 1791227527811064086, 
-0.09338915348052979, 0.6092653274536133, 0.7852680842763813, 1791227527841256253, 
0.10095226764678955, 0.10564881563186646, 0.7153635076473969, 1791227527873920761, 
-0.32304394245147705, -0.2891329526901245, 0.8316804349981023, 1791227527903387468, 
0.004612743854522705, 0.24644368886947632, 0.8742111680608012, 1791227527941327190, 
-0.4838799238204956, -0.0928223729133606, 0.7985831486293259, 1791227527971403293, 
0.4700733423233032, 0.11007183790206909, 0.8069562629854595, 1791227528000654309, 
-0.258830189704895, 0.48477888107299805, 0.7435926901264333, 1791227528033241997, 
0.25382304191589355, 0.1756269931793213, 0.7732638824084878, 1791227528064695830, 
0.0012619495391845703, 0.17917299270629883, 0.8684039359509242, 1791227528101683458, 
0.16190195083618164, -0.1347331404685974, 0.7866398127001413, 1791227528131783547, 
0.0010688304901123047, 0.18034011125564575, 0.7940184469042453, 1791227528161880573, 
0.003954768180847168, 0.39972615242004395, 0.7532901498168545, 1791227528194310653, 
-0.09021425247192383, 0.1279119849205017, 0.8032506089601883, 1791227528225130776, 
0.3899807929992676, 0.08312094211578369, 0.8511193425270146, 1791227528252036077, 
-0.06893140077590942, 0.3458384871482849, 0.7462097823021786, 1791227528282053558, 
-0.16916608810424805, -0.004488170146942139, 0.7957319745691352, 1791227528312097133, 
-0.12806057929992676, -0.10044890642166138, 0.8160935957422489, 1791227528342258924, 
-0.04232025146484375, 0.494140088558197, 0.7866107460929439, 1791227528372294325, 
-0.8819280862808228, -0.009459316730499268, 0.7749311046062497, 1791227528402525198, 
0.5160427689552307, -0.22397559881210327, 0.7894895844200086, 1791227528433236316, 
0.4837547540664673, 0.15591943264007568, 0.7441146572308134, 1791227528464771286, 
0.9073652625083923, 0.7761663198471069, 0.8567240901415017, 1791227528491532872, 
-0.37676239013671875, -0.3535897135734558, 0.7809867029431367, 1791227528521733115, 
0.28263282775878906, -0.010912418365478516, 0.8039858163920668, 1791227528552803497, 
-0.017564773559570312, 0.29544568061828613, 0.8063066355251526, 1791227528582829889, 
0.000561058521270752, 0.27877283096313477, 0.7774523307149698, 1791227528612891962, 
-0.19919747114181519, 0.13984698057174683, 0.7796677992819139, 1791227528642923937, 
-0.30862921476364136, -0.11598271131515503, 0.7900489947297997, 1791227528673479120, 
-0.29921263456344604, 0.18341320753097534, 0.7690091683516176, 1791227528704648371, 
0.30711090564727783, 0.29585695266723633, 0.8535101808524841, 1791227528733095708, 
0.0863943099975586, 0.07098054885864258, 0.8006857548736587, 1791227528763753278, 
-0.275856077671051, -0.016762614250183105, 0.7948277503254723, 1791227528793737448, 
0.10368078947067261, -0.16443496942520142, 0.784326710849663, 1791227528823840630, 
0.047597646713256836, 0.06302320957183838, 0.7981878669747343, 1791227528853861944, 
0.3115394711494446, 0.55788254737854, 0.7874303090651141, 1791227528883933947, 
-0.04798173904418945, 0.21527820825576782, 0.7625772801715515, 1791227528913948896, 
-0.32542145252227783, -0.33856528997421265, 0.7293476920868519, 1791227528945264694, 
0.11701983213424683, -0.15290993452072144, 0.7646285929553094, 1791227528976411441, 
0.01755392551422119, 0.8044255971908569, 0.8662307855278583, 1791227529004150570, 
0.08033806085586548, 0.020965278148651123, 0.7772431762746016, 1791227529034303332, 
-0.2791070342063904, -0.35133057832717896, 0.7742384135246989, 1791227529064457404, 
-0.41316187381744385, 0.48983049392700195, 0.7896828889681458, 1791227529094125479, 
-0.4219104051589966, 0.1418147087097168, 0.7725433319247144, 1791227529124398581, 
0.13597863912582397, -0.3906927704811096, 0.826561753105, 1791227529154270545, 
-0.001640021800994873, 0.23410606384277344, 0.8206448692977718, 1791227529185547922, 
-0.06488990783691406, 0.25725722312927246, 0.7667077647985282, 1791227529218117314, 
-0.1612136960029602, 0.01688075065612793, 0.9043717522726252, 1791227529244317746, 
0.31383222341537476, -0.32395637035369873, 0.782433206007735, 1791227529274286256, 
0.15122318267822266, 0.356050968170166, 0.8037594562726835, 1791227529304437226, 
0.38829779624938965, 0.33657121658325195, 0.8115263241079568, 1791227529334400669, 
-0.2475793957710266, -0.09695678949356079, 0.8165006774880023, 1791227529364455068, 
0.09810107946395874, -0.2635264992713928, 0.8085442198206079, 1791227529394607029, 
-0.17322564125061035, 0.21174412965774536, 0.7700334993599127, 1791227529425573021, 
-0.05087369680404663, 0.3264787197113037, 0.7593595543902807, 1791227529457233533, 
-0.3897300958633423, 0.05492299795150757, 0.8934289436729816, 1791227529484776338, 
0.10475587844848633, 0.013196706771850586, 0.8195298989906173, 1791227529514792157, 
0.06401145458221436, -0.2290748953819275, 0.8118974197816818, 1791227529544868351, 
0.17083138227462769, 0.039660096168518066, 0.8517469858186336, 1791227529574926809, 
-0.11999207735061646, 0.06776881217956543, 0.8405226104496902, 1791227529605010735, 
-0.19069409370422363, 0.553350031375885, 0.8143701405511119, 1791227529635031809, 
0.10372191667556763, -0.2253408432006836, 0.7719671550693415, 1791227529665716012, 
0.08403104543685913, -0.6077628135681152, 0.7432135531281744, 1791227529697252315, 
0.059355735778808594, 0.49812519550323486, 0.7696871468012076, 1791227529727481421, 
-0.473060667514801, 0.5050544738769531, 0.8553115852600518, 1791227529755289045, 
-0.0028582215309143066, -0.5038623809814453, 0.799835253706932, 1791227529785364627, 
0.14022505283355713, 0.09949380159378052, 0.7718224631035677, 1791227529815428703, 
-0.4764963984489441, 0.2629989981651306, 0.7795412529154925, 1791227529845497784, 
-0.25434935092926025, -0.36900633573532104, 0.8221510386627354, 1791227529874579686, 
0.23835450410842896, -0.04335242509841919, 0.764296477196179, 1791227529905692001, 
0.3294615149497986, 0.3579196333885193, 0.7321314934396765, 1791227529937462730, 
-0.2706272602081299, 0.017599403858184814, 0.7665454422845457, 1791227529968722451, 
0.1367841362953186, -0.22710001468658447, 0.9061466071239584, 1791227529995916580, 
-0.05348360538482666, 0.21095973253250122, 0.8065707658743025, 1791227530025964851, 
0.15207266807556152, 0.08357340097427368, 0.7787447412181049, 1791227530055968446, 
-0.17076724767684937, -0.10688894987106323, 0.7819883971752339, 1791227530086005743, 
-0.09540373086929321, 0.5184556245803833, 0.7970771479172826, 1791227530146163557, 
0.19897019863128662, 0.37258845567703247, 0.7484913794295988, 1791227530177673453, 
-0.7055132985115051, -0.579875648021698, 0.7543571844247844, 1791227530210016423, 
0.11033034324645996, -0.04798835515975952, 0.9113540489493458, 1791227530246389610, 
-0.08940005302429199, 0.11133396625518799, 0.8105098391295582, 1791227530276474726, 
-0.19791924953460693, 0.02054828405380249, 0.8089893901270813, 1791227530306517894, 
-0.01970076560974121, 0.10439753532409668, 0.826415872475471, 1791227530336651037, 
-0.061932265758514404, 0.17568325996398926, 0.7225792645791708, 1791227530369840761, 
0.13298529386520386, -0.20384353399276733, 0.7764422919874864, 1791227530436843251, 
-0.03936988115310669, 0.028750598430633545, 0.7873546463317653, 1791227530477028655, 
-0.30374616384506226, -0.1922314167022705, 0.7995118873647848, 1791227530507006042, 
0.2878604531288147, 0.2269582748413086, 0.8014168874313891, 1791227530536998399, 
-0.24910783767700195, 0.30947208404541016, 0.7736249309032989, 1791227530567101285, 
-0.4466782808303833, -0.26114732027053833, 0.7649168561128519, 1791227530597379282, 
0.0788392424583435, -0.14853966236114502, 0.7942688239029396, 1791227530627365329, 
0.25232648849487305, 0.20997536182403564, 0.7814887240974772, 1791227530657583437, 
-0.34540748596191406, 0.10222208499908447, 0.7591330548027938, 1791227530688677063, 
-0.21431928873062134, -0.2661471366882324, 0.8325415683821296, 1791227530717547863, 
0.028669416904449463, -0.24612939357757568, 0.8351174193916335, 1791227530747631765, 
0.20085155963897705, 0.6368555426597595, 0.8382465456738017, 1791227530777511725, 
-0.17306149005889893, -0.19082283973693848, 0.7837273000833538, 1791227530806581978, 
-0.20074743032455444, -0.22574090957641602, 0.7689032465789717, 1791227530836636969, 
0.17470300197601318, 0.2528788447380066, 0.7902753224593683, 1791227530867785486, 
-0.5567038655281067, 0.4566672444343567, 0.8091398324131334, 1791227530897869861, 
-0.271297812461853, -0.396614670753479, 0.7611696945433675, 1791227530929288606, 
-0.0876961350440979, -0.4682416319847107, 0.7453433905627856, 1791227530961429957, 
0.3289760947227478, 0.8335188627243042, 0.9160131953731369, 1791227530987996600, 
-0.2844405770301819, 0.28985464572906494, 0.7984733461426406, 1791227531018122519, 
-0.3753964900970459, -0.5015221238136292, 0.816470300449872, 1791227531048122570, 
-0.1379108428955078, -0.26940256357192993, 0.8126420553245721, 1791227531078240263, 
