x, y, th, stamp, 
2.5324652194976807, -1.8508538007736206, 3.0972175629755987, 1791227462050887056, 
2.5324645042419434, -1.8508529663085938, 3.0972254268743655, 1791227462097578512, 
2.5324645042419434, -1.8508529663085938, 3.0972254268743655, 1791227462160392260, 
2.532463788986206, -1.850852131843567, 3.0972330516625743, 1791227462190938828, 
2.5324630737304688, -1.85085129737854, 3.097240924243982, 1791227462257339382, 
2.5324630737304688, -1.85085129737854, 3.097240924243982, 1791227462299863387, 
2.5324623584747314, -1.8508504629135132, 3.09724879263968, 1791227462350201186, 
2.5324623584747314, -1.8508504629135132, 3.09724879263968, 1791227462399880457, 
2.532461643218994, -1.8508496284484863, 3.097256422573219, 1791227462451858700, 
2.532460927963257, -1.8508487939834595, 3.097264287472276, 1791227462496965305, 
2.5324606895446777, -1.8508484363555908, 3.0972671506886504, 1791227462540130257, 
2.5324602127075195, -1.8508479595184326, 3.0972719174276278, 1791227462589989689, 
2.5324599742889404, -1.850847601890564, 3.0972747798470412, 1791227462640025379, 
2.532459259033203, -1.850846767425537, 3.097282649086991, 1791227462699908380, 
2.532458782196045, -1.850846290588379, 3.097287419586278, 1791227462749853979, 
2.532458543777466, -1.8508459329605103, 3.0972902753728677, 1791227462799884918, 
2.5324578285217285, -1.8508450984954834, 3.0972981445226084, 1791227462847855616, 
2.5324573516845703, -1.8508446216583252, 3.097302906405981, 1791227462897954791, 
2.532457113265991, -1.8508442640304565, 3.097305776143185, 1791227462940458917, 
2.532456636428833, -1.8508437871932983, 3.0973105434172443, 1791227462990303480, 
2.5324559211730957, -1.8508429527282715, 3.0973184060089682, 1791227463058902298, 
2.5324556827545166, -1.8508425951004028, 3.0973212710531013, 1791227463099860725, 
2.5324552059173584, -1.8508421182632446, 3.097326041083218, 1791227463149883378, 
2.5324549674987793, -1.850841760635376, 3.0973288948595203, 1791227463201992421, 
2.532454252243042, -1.8508409261703491, 3.097336766838814, 1791227463248870465, 
2.532453775405884, -1.850840449333191, 3.0973415392049577, 1791227463298958308, 
2.5324535369873047, -1.8508400917053223, 3.0973443900873736, 1791227463340978374, 
2.5324530601501465, -1.850839614868164, 3.0973491606812322, 1791227463391983531, 
2.532452344894409, -1.8508387804031372, 3.097356797530229, 1791227463460346161, 
2.53245210647583, -1.8508384227752686, 3.0973596598467705, 1791227463501552081, 
2.532451629638672, -1.8508378267288208, 3.09736442626227, 1791227463550923859, 
2.5324511528015137, -1.8508371114730835, 3.0973701452822793, 1791227463600060753, 
2.5324506759643555, -1.8508365154266357, 3.0973751518622263, 1791227463649972310, 
2.5324501991271973, -1.850835919380188, 3.09737992008782, 1791227463700005822, 
2.532449960708618, -1.8508355617523193, 3.0973827765678332, 1791227463740847988, 
2.53244948387146, -1.8508349657058716, 3.097387549386781, 1791227463792583235, 
2.53244948387146, -1.8508349657058716, 3.097387549386781, 1791227463859685898, 
2.53244948387146, -1.8508349657058716, 3.097387549386781, 1791227463900064814, 
2.53244948387146, -1.8508349657058716, 3.097387549386781, 1791227463950115773, 
2.53244948387146, -1.8508349657058716, 3.097387549386781, 1791227464000208027, 
2.53244948387146, -1.8508349657058716, 3.097387549386781, 1791227464050485494, 
2.53244686126709, -1.8508317470550537, 3.0974180728402643, 1791227464099896531, 
2.53244686126709, -1.8508317470550537, 3.0974180728402643, 1791227464160199181, 
2.5324461460113525, -1.8508309125900269, 3.0974256990865197, 1791227464190370062, 
2.5324454307556152, -1.850830078125, 3.0974333300771724, 1791227464260870640, 
2.5324454307556152, -1.850830078125, 3.0974333300771724, 1791227464300392474, 
2.5314948558807373, -1.85072660446167, 3.104141238933136, 1791227464351864381, 
2.527985095977783, -1.850685477256775, 3.11710285936014, 1791227464399908864, 
2.522594451904297, -1.8502862453460693, 3.134039402083684, 1791227464449974790, 
2.5162956714630127, -1.850487470626831, -3.125098465294551, 1791227464500957697, 
2.5102200508117676, -1.8506081104278564, -3.101468089326511, 1791227464539975139, 
2.501441478729248, -1.8512076139450073, -3.0658898402676216, 1791227464590298148, 
2.4871835708618164, -1.8523322343826294, -3.008535860780642, 1791227464660816059, 
2.479519844055176, -1.8535735607147217, -2.978567109753612, 1791227464699816858, 
2.4697623252868652, -1.8552916049957275, -2.938106526426246, 1791227464749890335, 
2.459962844848633, -1.8573905229568481, -2.899111986089407, 1791227464799881350, 
2.4503815174102783, -1.8599509000778198, -2.8610782358809597, 1791227464849868295, 
2.4409127235412598, -1.8626189231872559, -2.8206709016001725, 1791227464900868865, 
2.4300928115844727, -1.866469144821167, -2.7724947628785297, 1791227464959850376, 
2.424560546875, -1.8687174320220947, -2.7475081009393656, 1791227464990562952, 
2.411872625350952, -1.8743128776550293, -2.6857381075651756, 1791227465060865842, 
2.4050164222717285, -1.8777951002120972, -2.652816313827851, 1791227465100976531, 
2.396583318710327, -1.8826500177383423, -2.611625424650919, 1791227465149882098, 
2.3881094455718994, -1.8874952793121338, -2.570948613067759, 1791227465199877899, 
2.3802082538604736, -1.8927816152572632, -2.532253120097894, 1791227465249859438, 
2.3723466396331787, -1.8980858325958252, -2.494854494177047, 1791227465300854279, 
2.3663406372070312, -1.9026333093643188, -2.4640126570819088, 1791227465342514600, 
2.3590245246887207, -1.908640742301941, -2.4264040915463334, 1791227465389976201, 
2.3485186100006104, -1.9180940389633179, -2.370706397720225, 1791227465461318222, 
2.3427653312683105, -1.923740267753601, -2.340307711982442, 1791227465499867343, 
2.335890054702759, -1.9311431646347046, -2.301386336208809, 1791227465549936629, 
2.3291335105895996, -1.9386305809020996, -2.2613212129388414, 1791227465599862881, 
2.323204278945923, -1.9463226795196533, -2.222517288047067, 1791227465649872974, 
2.3169548511505127, -1.953959584236145, -2.1799917659089503, 1791227465700920918, 
2.31223201751709, -1.9611774682998657, -2.145999328925367, 1791227465744825086, 
2.3069279193878174, -1.9693752527236938, -2.1054053918641253, 1791227465794908623, 
2.3030457496643066, -1.976020336151123, -2.0741397657090923, 1791227465835282624, 
2.2963294982910156, -1.9884083271026611, -2.0172861827986828, 1791227465904994542, 
2.292238473892212, -1.9976928234100342, -1.97925881134289, 1791227465954895692, 
2.2890729904174805, -2.0047922134399414, -1.9477412696850913, 1791227465995898216, 
2.2856667041778564, -2.013756036758423, -1.9087643210876164, 1791227466044864601, 
2.282399892807007, -2.022719621658325, -1.868048778549038, 1791227466095912513, 
2.2792749404907227, -2.034043073654175, -1.8220648711240237, 1791227466154938646, 
2.2773284912109375, -2.041293144226074, -1.7908478501480165, 1791227466195255948, 
2.2748756408691406, -2.0528528690338135, -1.7437767182395196, 1791227466256382817, 
2.2734057903289795, -2.062159776687622, -1.7047074431234837, 1791227466304894755, 
2.27207612991333, -2.07150936126709, -1.6645765015628076, 1791227466354897648, 
2.2713699340820312, -2.079622507095337, -1.632492338166374, 1791227466394894026, 
2.2707056999206543, -2.0891640186309814, -1.5902841263634395, 1791227466445882970, 
2.270564079284668, -2.098808765411377, -1.5497565320133206, 1791227466495919954, 
2.270890712738037, -2.1102547645568848, -1.5017323432214211, 1791227466554716438, 
2.2714054584503174, -2.1180949211120605, -1.4675541383401371, 1791227466596600747, 
2.2726919651031494, -2.129232883453369, -1.4194625068840185, 1791227466656253454, 
2.2743613719940186, -2.138411283493042, -1.3788880840320337, 1791227466704941779, 
2.2761895656585693, -2.148120164871216, -1.3385642874379966, 1791227466754898619, 
2.278156042098999, -2.155694007873535, -1.3065753538078786, 1791227466794901088, 
2.2806007862091064, -2.165614366531372, -1.2638560360899875, 1791227466846840526, 
2.2837131023406982, -2.174565076828003, -1.2250511360330663, 1791227466895961965, 
2.2867202758789062, -2.1826882362365723, -1.1901865449205813, 1791227466941129867, 
2.2902660369873047, -2.1913890838623047, -1.1509552069535398, 1791227466991435220, 
2.2956461906433105, -2.202225685119629, -1.0984110044168456, 1791227467057236387, 
2.2993667125701904, -2.2095859050750732, -1.0637596731854193, 1791227467101900969, 
2.304141044616699, -2.2176289558410645, -1.024990750485824, 1791227467149899973, 
2.3091652393341064, -2.2259011268615723, -0.9834715982172951, 1791227467199898420, 
2.3143482208251953, -2.233785629272461, -0.9440558406420245, 1791227467247881925, 
2.320143699645996, -2.2418012619018555, -0.9042803557837392, 1791227467297938474, 
2.3253719806671143, -2.248438596725464, -0.8697050478664452, 1791227467341600672, 
2.33186936378479, -2.2559642791748047, -0.830554294175854, 1791227467389930280, 
2.341176748275757, -2.265720844268799, -0.7754144189086358, 1791227467458942056, 
2.346952438354492, -2.2716050148010254, -0.7415508544302928, 1791227467501027137, 
2.354260206222534, -2.277780532836914, -0.7034013293434018, 1791227467549870290, 
2.3616161346435547, -2.2843129634857178, -0.6619177703560265, 1791227467600871697, 
2.368887186050415, -2.2895898818969727, -0.6245384698155005, 1791227467648898343, 
2.376447916030884, -2.295137405395508, -0.5848748668034258, 1791227467698992150, 
2.383512258529663, -2.2995123863220215, -0.5527073105618339, 1791227467740969140, 
2.391963481903076, -2.304659605026245, -0.5132319000888955, 1791227467791337634, 
2.4031190872192383, -2.310845375061035, -0.4593068884846445, 1791227467857838845, 
2.4107465744018555, -2.314624071121216, -0.425434618345625, 1791227467901867950, 
2.419612169265747, -2.31862473487854, -0.38595138874690943, 1791227467951958627, 
2.428215980529785, -2.322275161743164, -0.3447563846434359, 1791227468002874240, 
2.4374711513519287, -2.3252737522125244, -0.3080863666904693, 1791227468049889063, 
2.4466946125030518, -2.328252077102661, -0.2687940863802794, 1791227468099915729, 
2.458286762237549, -2.331264019012451, -0.22032833629875556, 1791227468160590627, 
2.463989734649658, -2.3326241970062256, -0.19434725871556172, 1791227468190798835, 
2.477532148361206, -2.3351683616638184, -0.13730081269069327, 1791227468260879447, 
2.4854025840759277, -2.336329936981201, -0.10540015755714327, 1791227468301088942, 
2.4950618743896484, -2.337294340133667, -0.06636623322994392, 1791227468351019378, 
2.505157232284546, -2.3378379344940186, -0.027134033632163313, 1791227468400170901, 
2.5143187046051025, -2.337939977645874, 0.012096071939260225, 1791227468450165731, 
2.524334192276001, -2.3377716541290283, 0.052416332826664434, 1791227468501444739, 
2.5315914154052734, -2.337498903274536, 0.08389202047991277, 1791227468541107630, 
2.5455245971679688, -2.3361012935638428, 0.1392443129891874, 1791227468610985489, 
2.554955244064331, -2.3348257541656494, 0.1780103276874074, 1791227468661095105, 
2.562706470489502, -2.3334085941314697, 0.209544683484573, 1791227468701012214, 
2.572601079940796, -2.331371307373047, 0.2508995173294094, 1791227468751735543, 
2.581979274749756, -2.328946590423584, 0.29153923460891396, 1791227468801275290, 
2.5915393829345703, -2.3261687755584717, 0.3331827708454896, 1791227468851305236, 
2.6010758876800537, -2.322735071182251, 0.373743558555787, 1791227468900872454, 
2.6121809482574463, -2.3181798458099365, 0.42143678703523296, 1791227468961289587, 
2.6180739402770996, -2.3155436515808105, 0.4459891528821658, 1791227468992148720, 
2.630276918411255, -2.3094663619995117, 0.49924409801486813, 1791227469060829789, 
2.637181520462036, -2.3054933547973633, 0.5301741931824537, 1791227469100903624, 
2.6456878185272217, -2.300553560256958, 0.5692646450788651, 1791227469150876193, 
2.653954029083252, -2.2950847148895264, 0.6090818259692247, 1791227469200904320, 
2.662104606628418, -2.2895095348358154, 0.6509217322539932, 1791227469250869303, 
2.669794797897339, -2.2835822105407715, 0.6902295526504271, 1791227469300886975, 
2.679363489151001, -2.2755494117736816, 0.7386031546340993, 1791227469361172097, 
2.6837403774261475, -2.271730661392212, 0.7617225832197559, 1791227469391498111, 
2.6931746006011963, -2.2622666358947754, 0.8154576909602836, 1791227469460900911, 
2.698594331741333, -2.256647825241089, 0.847846259506028, 1791227469500878162, 
2.7047951221466064, -2.2493982315063477, 0.8882001179466729, 1791227469550904811, 
2.710803747177124, -2.2423219680786133, 0.9279796493868742, 1791227469600868979, 
2.7168445587158203, -2.233952760696411, 0.9680501040091946, 1791227469650907020, 
2.7225501537323, -2.225841760635376, 1.0094676781564675, 1791227469700988107, 
2.7264955043792725, -2.2194223403930664, 1.0423431328432868, 1791227469742196572, 
2.7314252853393555, -2.2112224102020264, 1.0818569151160875, 1791227469791149576, 
2.737473249435425, -2.198550224304199, 1.1340421556255569, 1791227469860952356, 
2.7409920692443848, -2.1917052268981934, 1.168007659202404, 1791227469901923649, 
2.7443530559539795, -2.183098316192627, 1.2066293379805848, 1791227469950905717, 
2.7477900981903076, -2.1739959716796875, 1.2462549877175342, 1791227470000909986, 
2.750732660293579, -2.1649844646453857, 1.2852199408530567, 1791227470050873595, 
2.7535083293914795, -2.155463457107544, 1.3244948355918345, 1791227470101042909, 
2.7555456161499023, -2.1477770805358887, 1.355906272184365, 1791227470141105724, 
2.7574362754821777, -2.138551950454712, 1.3951716719351157, 1791227470191280534, 
2.759742259979248, -2.1253323554992676, 1.4517088085665888, 1791227470261233704, 
2.760620594024658, -2.117706060409546, 1.483664168337183, 1791227470300886213, 
2.7614614963531494, -2.1077396869659424, 1.5232463991114333, 1791227470350906312, 
2.7618637084960938, -2.098253011703491, 1.5635180853438484, 1791227470400893278, 
2.761946678161621, -2.0884811878204346, 1.6033073136749145, 1791227470450861533, 
2.7614705562591553, -2.078521728515625, 1.6431005319701262, 1791227470500975699, 
2.7609803676605225, -2.0704054832458496, 1.6760126502820627, 1791227470541488036, 
2.7597737312316895, -2.0612423419952393, 1.7160503895886523, 1791227470591312319, 
2.758418560028076, -2.0516672134399414, 1.7554381823083065, 1791227470640999437, 
2.7560901641845703, -2.0405917167663574, 1.8023873108562964, 1791227470700975807, 
2.7537200450897217, -2.03078031539917, 1.8423462124475285, 1791227470750888070, 
2.750973701477051, -2.0212087631225586, 1.8812930357434163, 1791227470800906451, 
2.7479166984558105, -2.0120115280151367, 1.9198169502769626, 1791227470850908045, 
2.7445175647735596, -2.002849578857422, 1.9616883101628437, 1791227470901953581, 
2.739967107772827, -1.9922648668289185, 2.0092405472629853, 1791227470961219427, 
2.73738431930542, -1.9870445728302002, 2.0331988307433284, 1791227470991597949, 
2.7328450679779053, -1.977989912033081, 2.074576306803756, 1791227471040988780, 
2.7269511222839355, -1.9676157236099243, 2.1217135573595405, 1791227471100891734, 
2.721529483795166, -1.9590942859649658, 2.1624419155278836, 1791227471150912835, 
2.7158045768737793, -1.9507747888565063, 2.201765493675556, 1791227471200877352, 
2.709960699081421, -1.942962884902954, 2.24125824897509, 1791227471250879983, 
2.704094171524048, -1.9356677532196045, 2.2781296240961333, 1791227471296911039, 
2.6959807872772217, -1.926375389099121, 2.33029840123675, 1791227471360915683, 
2.691950798034668, -1.9221184253692627, 2.353974674537359, 1791227471391467969, 
2.682659864425659, -1.9131108522415161, 2.4071557412498668, 1791227471457461094, 
2.6761577129364014, -1.9073117971420288, 2.4414616908192195, 1791227471500955484, 
2.668241500854492, -1.9009552001953125, 2.481180800356713, 1791227471550884932, 
2.660454273223877, -1.8949205875396729, 2.5195907292386, 1791227471600913884, 
2.6522960662841797, -1.8894191980361938, 2.559253964050132, 1791227471651883458, 
2.644547462463379, -1.8842320442199707, 2.596081709527169, 1791227471697997237, 
2.6336820125579834, -1.877995491027832, 2.645875876707241, 1791227471760802270, 
2.628507614135742, -1.8750625848770142, 2.670270613774591, 1791227471790664863, 
2.616340398788452, -1.8691980838775635, 2.723960407466118, 1791227471858333626, 
2.6085684299468994, -1.8656609058380127, 2.758837445738127, 1791227471901126410, 
2.599278688430786, -1.8620905876159668, 2.798191313716227, 1791227471950917746, 
2.590053081512451, -1.858750581741333, 2.838974953697159, 1791227472000910263, 
2.5811023712158203, -1.8560746908187866, 2.876562852600571, 1791227472047916247, 
2.5716872215270996, -1.8535006046295166, 2.916382772731651, 1791227472098005223, 
2.563615083694458, -1.851753830909729, 2.948760985035926, 1791227472141256320, 
2.5542943477630615, -1.8501534461975098, 2.988256687847049, 1791227472191356924, 
2.544593572616577, -1.848499059677124, 3.0282087090735827, 1791227472240884281, 
2.5329010486602783, -1.8474112749099731, 3.0754284754897703, 1791227472300971782, 
2.5233519077301025, -1.8467644453048706, 3.115297081144451, 1791227472350926003, 
2.5133018493652344, -1.8466436862945557, -3.128663300616468, 1791227472400896108, 
2.503950595855713, -1.8467767238616943, -3.09143590743662, 1791227472448898966, 
2.4941999912261963, -1.847405195236206, -3.052555783141877, 1791227472499186547, 
2.485616683959961, -1.8481394052505493, -3.0181522664528373, 1791227472541886103, 
2.4758143424987793, -1.8496416807174683, -2.9780204231598715, 1791227472591753123, 
2.4661214351654053, -1.8511114120483398, -2.93702219680272, 1791227472643190719, 
2.4542417526245117, -1.8538950681686401, -2.8881575914204936, 1791227472701950323, 
2.4444820880889893, -1.8564707040786743, -2.8477263109802644, 1791227472752122096, 
2.4354681968688965, -1.8594322204589844, -2.8084440262729324, 1791227472801111990, 
2.4261317253112793, -1.8626670837402344, -2.768332429956484, 1791227472851479895, 
2.4171929359436035, -1.8662949800491333, -2.7295012857025074, 1791227472901090507, 
2.410205125808716, -1.8694902658462524, -2.6976842550541758, 1791227472941762622, 
2.4015560150146484, -1.8737818002700806, -2.6570201165285026, 1791227472991467642, 
2.3933615684509277, -1.878233551979065, -2.6169791552843993, 1791227473041475174, 
2.3835604190826416, -1.8840408325195312, -2.569302465763651, 1791227473100731027, 
2.375626802444458, -1.8892090320587158, -2.5295767288119007, 1791227473150990407, 
2.3679141998291016, -1.8946912288665771, -2.490483046652715, 1791227473200970489, 
2.360137939453125, -1.9006385803222656, -2.451082727043224, 1791227473251031081, 
2.352691888809204, -1.9069865942001343, -2.4111218681357838, 1791227473301134850, 
2.3465664386749268, -1.9125372171401978, -2.378207841456984, 1791227473341362400, 
2.3393242359161377, -1.9193482398986816, -2.337313725984107, 1791227473392148370, 
2.3298251628875732, -1.929527759552002, -2.280145866396708, 1791227473460089498, 
2.3246395587921143, -1.935724139213562, -2.2482208972687254, 1791227473500924000, 
2.3182694911956787, -1.9437628984451294, -2.206984879201127, 1791227473552046889, 
2.3124427795410156, -1.9517444372177124, -2.168117228211489, 1791227473601065888, 
2.3071513175964355, -1.9598820209503174, -2.129171683270053, 1791227473650895336, 
2.3019442558288574, -1.9682457447052002, -2.089845572676354, 1791227473700871355, 
2.298222064971924, -1.9749704599380493, -2.057874590973629, 1791227473740637995, 
2.293497085571289, -1.9835885763168335, -2.0188983463796584, 1791227473791605103, 
2.287771701812744, -1.9965578317642212, -1.9649591901452754, 1791227473861109555, 
2.284881591796875, -2.003316879272461, -1.9334672577923064, 1791227473900935243, 
2.281724452972412, -2.0124619007110596, -1.8949071635914194, 1791227473950933363, 
2.2785136699676514, -2.021449327468872, -1.8545513661778166, 1791227474000917729, 
2.275994300842285, -2.03119158744812, -1.8170034863778521, 1791227474050897358, 
2.2735865116119385, -2.040513753890991, -1.7762782074714345, 1791227474101032498, 
2.2720882892608643, -2.0481114387512207, -1.7437508868686253, 1791227474140646184, 
2.2704765796661377, -2.057873249053955, -1.7026669169855606, 1791227474191309294, 
2.268857002258301, -2.0714402198791504, -1.6457525939391262, 1791227474261063184, 
2.2680556774139404, -2.0795304775238037, -1.6126863518394712, 1791227474301872645, 
2.267660617828369, -2.0892767906188965, -1.5736766612494812, 1791227474350967061, 
2.267784357070923, -2.0990400314331055, -1.536381946987964, 1791227474400903778, 
2.2682299613952637, -2.1087663173675537, -1.4978049698195801, 1791227474450905477, 
2.268897771835327, -2.1180343627929688, -1.4556315203423764, 1791227474501022724, 
2.269545793533325, -2.1253693103790283, -1.4227864052062802, 1791227474541887609, 
2.27113676071167, -2.13476300239563, -1.3849156944219403, 1791227474592399643, 
2.27388072013855, -2.1478607654571533, -1.3304485040326524, 1791227474660960325, 
2.2757554054260254, -2.1553163528442383, -1.2986011184701893, 1791227474701081189, 
2.278337240219116, -2.1647164821624756, -1.2577067033674956, 1791227474750900790, 
2.281541347503662, -2.1735568046569824, -1.218200412945539, 1791227474800927953, 
2.284801483154297, -2.1824347972869873, -1.1782579724550746, 1791227474850888911, 
2.2885971069335938, -2.191436767578125, -1.136414434681761, 1791227474902008252, 
2.2916784286499023, -2.197925329208374, -1.1047677715441726, 1791227474941170879, 
2.296027421951294, -2.206223726272583, -1.0648787403611892, 1791227474991492478, 
2.300684690475464, -2.214667797088623, -1.0255643599361073, 1791227475041610887, 
2.3068618774414062, -2.224651336669922, -0.9765151489647146, 1791227475100903863, 
2.3125178813934326, -2.232884407043457, -0.9346688809756876, 1791227475150926359, 
2.3181965351104736, -2.240264892578125, -0.894396476687077, 1791227475200893987, 
2.324352979660034, -2.247959852218628, -0.8541316307840972, 1791227475250911839, 
2.330734968185425, -2.255213975906372, -0.8152726956620562, 1791227475301032735, 
2.3362913131713867, -2.260786533355713, -0.7846530947354257, 1791227475340971713, 
2.343205690383911, -2.267740488052368, -0.7455284717665677, 1791227475391410867, 
2.350363254547119, -2.2740209102630615, -0.7066560176253617, 1791227475441386736, 
2.3596906661987305, -2.281832218170166, -0.6577452281499572, 1791227475501007091, 
2.3673253059387207, -2.287747859954834, -0.6150200161897343, 1791227475550926069, 
2.37526273727417, -2.293283224105835, -0.5750664227776103, 1791227475600928780, 
2.383361577987671, -2.298408031463623, -0.5345584484914943, 1791227475650988030, 
2.3921923637390137, -2.303598642349243, -0.4948532781502907, 1791227475702052543, 
2.398831844329834, -2.3069474697113037, -0.46442461186877576, 1791227475740900603, 
2.4077799320220947, -2.3113441467285156, -0.42462691810585207, 1791227475790904948, 
2.4170546531677246, -2.3153579235076904, -0.3848688388003226, 1791227475840936939, 
2.427544355392456, -2.3198413848876953, -0.3357908975535812, 1791227475900903121, 
2.436401844024658, -2.3228368759155273, -0.2967166515808925, 1791227475950931544, 
2.4455738067626953, -2.3256900310516357, -0.25704685840576197, 1791227476000951667, 
2.455146074295044, -2.3281753063201904, -0.2169528184424114, 1791227476051909887, 
2.4638400077819824, -2.3300693035125732, -0.18168854861827488, 1791227476096717087, 
2.4761524200439453, -2.3321616649627686, -0.13201984401976452, 1791227476161104111, 
2.4862256050109863, -2.333595037460327, -0.09234777628090779, 1791227476212621982, 
2.4956064224243164, -2.334207773208618, -0.05651490220313077, 1791227476258211707, 
2.502164125442505, -2.3347830772399902, -0.028838288861209396, 1791227476291929513, 
2.514033079147339, -2.33483624458313, 0.01689363320573566, 1791227476350949553, 
2.5236001014709473, -2.3347299098968506, 0.05772666404866411, 1791227476401055112, 
2.5334432125091553, -2.3343253135681152, 0.10065541186468283, 1791227476453073475, 
2.542579174041748, -2.3331961631774902, 0.13684057837166694, 1791227476497827479, 
2.5545642375946045, -2.3314974308013916, 0.18770851988965917, 1791227476560642480, 
2.560225009918213, -2.330479383468628, 0.2125152449445255, 1791227476591226198, 
2.5730016231536865, -2.3276872634887695, 0.26713705363940093, 1791227476657828672, 
2.578958511352539, -2.3259482383728027, 0.29123255758133615, 1791227476689030597, 
2.590759515762329, -2.3222274780273438, 0.3399417127113913, 1791227476750926549, 
2.6001899242401123, -2.3188228607177734, 0.3795477603739919, 1791227476800993852, 
2.6089260578155518, -2.3153750896453857, 0.41733547541375005, 1791227476848933039, 
2.618062734603882, -2.311077117919922, 0.45735181252727636, 1791227476899328923, 
2.625624418258667, -2.307471513748169, 0.49081724408237515, 1791227476941262183, 
2.6339151859283447, -2.3028032779693604, 0.5297366739987601, 1791227476990656303, 
2.645514488220215, -2.295914888381958, 0.5836068580435958, 1791227477059050463, 
2.6524956226348877, -2.291194200515747, 0.6160917476849151, 1791227477100922188, 
2.660792112350464, -2.285008192062378, 0.6549806966614956, 1791227477151120969, 
2.6689329147338867, -2.278897523880005, 0.6972250589826698, 1791227477202909474, 
2.676180601119995, -2.2727272510528564, 0.735679283038522, 1791227477249902713, 
2.6836347579956055, -2.2662479877471924, 0.7766872694501297, 1791227477299978060, 
2.6895196437835693, -2.260586738586426, 0.8107173220079401, 1791227477342111933, 
2.6963307857513428, -2.2533109188079834, 0.8509238540531501, 1791227477393021621, 
2.7050230503082275, -2.243112325668335, 0.904675749574745, 1791227477461307459, 
2.7092204093933105, -2.2375471591949463, 0.9353966406976587, 1791227477500900412, 
2.715223789215088, -2.229269504547119, 0.9758197242566419, 1791227477550951857, 
2.720858573913574, -2.221151828765869, 1.0159137176125255, 1791227477600934929, 
2.725569248199463, -2.213024377822876, 1.0549352989523653, 1791227477651024634, 
2.7304162979125977, -2.204806327819824, 1.0951904726720514, 1791227477701013749, 
2.733863115310669, -2.1976535320281982, 1.1261921196853453, 1791227477740899836, 
2.7382090091705322, -2.1886587142944336, 1.165557187215853, 1791227477791573029, 
2.743070602416992, -2.176377296447754, 1.2201942074261005, 1791227477861256684, 
2.745889902114868, -2.1687793731689453, 1.252015420478739, 1791227477901019356, 
2.7487432956695557, -2.159844160079956, 1.2934755741278896, 1791227477952304822, 
2.7515151500701904, -2.1502578258514404, 1.3328629231373839, 1791227478001370563, 
2.753488302230835, -2.1405539512634277, 1.3716586500571135, 1791227478050938663, 
2.7556357383728027, -2.1312735080718994, 1.414418558200492, 1791227478101965947, 
2.756619453430176, -2.1234681606292725, 1.445257888831887, 1791227478140899169, 
2.757917881011963, -2.1139495372772217, 1.4862866772596304, 1791227478191854800, 
2.7587549686431885, -2.10029673576355, 1.5408023287433739, 1791227478261904458, 
2.759005546569824, -2.092698097229004, 1.5723321224389173, 1791227478300863540, 
2.75907564163208, -2.0829620361328125, 1.6132573910821701, 1791227478352952641, 
2.758458137512207, -2.0732507705688477, 1.6517431154318711, 1791227478400891483, 
2.757575035095215, -2.063530683517456, 1.6907189121119062, 1791227478450890235, 
2.756314754486084, -2.054535150527954, 1.7292211724828945, 1791227478500913064, 
2.7550971508026123, -2.046767234802246, 1.7612282297627442, 1791227478541931260, 
2.753026247024536, -2.0373952388763428, 1.799125398569483, 1791227478591023208, 
2.749817132949829, -2.023996591567993, 1.8556051298444098, 1791227478661027610, 
2.747544527053833, -2.0163655281066895, 1.8891388304477923, 1791227478700975360, 
2.7445242404937744, -2.0069239139556885, 1.929381806253682, 1791227478751045364, 
2.7409470081329346, -1.9980034828186035, 1.9694142499416114, 1791227478800939414, 
2.7371671199798584, -1.9888556003570557, 2.009260750825471, 1791227478850902002, 
2.732840061187744, -1.9798858165740967, 2.0502133455638005, 1791227478901917770, 
2.729125738143921, -1.9724634885787964, 2.0835524726268515, 1791227478941933086, 
2.724057674407959, -1.963758945465088, 2.1222093451533914, 1791227478991144346, 
2.718885660171509, -1.9553067684173584, 2.1623021615950755, 1791227479040900611, 
2.7120513916015625, -1.9454429149627686, 2.2114508865961047, 1791227479101947307, 
2.706303834915161, -1.9378608465194702, 2.2499882678004393, 1791227479150937468, 
2.699901819229126, -1.9302834272384644, 2.2881816343969255, 1791227479200919180, 
2.693371534347534, -1.92277991771698, 2.3274311637826637, 1791227479250938631, 
2.6866228580474854, -1.9159207344055176, 2.3665772003571046, 1791227479300919926, 
2.681049108505249, -1.9102303981781006, 2.4005215148033288, 1791227479343005304, 
2.6738691329956055, -1.9039525985717773, 2.438636183954892, 1791227479391611384, 
2.6629252433776855, -1.8950412273406982, 2.4946996093449614, 1791227479461576981, 
2.656373977661133, -1.8900880813598633, 2.5262752083434883, 1791227479501054159, 
2.6483447551727295, -1.8846142292022705, 2.56590604432717, 1791227479550938594, 
2.6397156715393066, -1.8791308403015137, 2.606335190173588, 1791227479600939343, 
2.6310129165649414, -1.8740390539169312, 2.6466209559851213, 1791227479650905771, 
2.62212872505188, -1.869428277015686, 2.6871175613533493, 1791227479700927929, 
2.61496901512146, -1.8660619258880615, 2.719623560642353, 1791227479740943088, 
2.605876922607422, -1.8618470430374146, 2.7605326606049454, 1791227479791569605, 
2.596604585647583, -1.8583606481552124, 2.800529703144417, 1791227479841066811, 
2.5857372283935547, -1.85452401638031, 2.8473758536298823, 1791227479901029024, 
2.576164722442627, -1.8519618511199951, 2.8860182251140336, 1791227479950956823, 
2.566636323928833, -1.8494021892547607, 2.925117968467857, 1791227480000939902, 
2.557180404663086, -1.8475996255874634, 2.964408627665952, 1791227480050948560, 
2.547508955001831, -1.8457003831863403, 3.005771634728176, 1791227480102280249, 
2.539719820022583, -1.8447808027267456, 3.036781772813232, 1791227480140974614, 
2.5300588607788086, -1.8437031507492065, 3.0774219019713733, 1791227480190698140, 
2.515841007232666, -1.8429367542266846, 3.135821343065749, 1791227480263569396, 
2.5078728199005127, -1.8430118560791016, -3.1178028603793337, 1791227480300926115, 
2.498166561126709, -1.8435207605361938, -3.0785870559951682, 1791227480350922856, 
2.4883275032043457, -1.8440085649490356, -3.037745948171594, 1791227480400944725, 
2.478309392929077, -1.845213532447815, -2.998497496451489, 1791227480450919177, 
2.4696998596191406, -1.8464940786361694, -2.960733429026509, 1791227480496891654, 
2.4610061645507812, -1.848070740699768, -2.9260577823604956, 1791227480540983982, 
2.451589345932007, -1.850338339805603, -2.885980636052467, 1791227480591398746, 
2.4416251182556152, -1.8529614210128784, -2.8462551014903923, 1791227480641282120, 
2.4305636882781982, -1.8567031621932983, -2.800691470049204, 1791227480700926666, 
2.4214305877685547, -1.859885811805725, -2.7604727306444947, 1791227480750996848, 
2.412721872329712, -1.8635709285736084, -2.7213221207861484, 1791227480800912580, 
2.4037623405456543, -1.8675211668014526, -2.6814448972970792, 1791227480851892125, 
2.3958539962768555, -1.8718140125274658, -2.6445260293820354, 1791227480897941771, 
2.3884756565093994, -1.875819206237793, -2.6101070221007086, 1791227480940999337, 
2.3803794384002686, -1.8807010650634766, -2.5694799250473834, 1791227480990874568, 
2.3696579933166504, -1.8876097202301025, -2.514680014552299, 1791227481058127885, 
2.362963914871216, -1.8923976421356201, -2.479205093940039, 1791227481102224070, 
2.35530161857605, -1.8983665704727173, -2.439902695647815, 1791227481150918497, 
2.3480701446533203, -1.9046317338943481, -2.399207347649855, 1791227481200930912, 
2.3409264087677, -1.9112192392349243, -2.3609759541558337, 1791227481248914307, 
2.333885669708252, -1.9184980392456055, -2.3225836887308597, 1791227481298895028, 
2.3282651901245117, -1.9247004985809326, -2.290184646847783, 1791227481340939818, 
2.321566104888916, -1.9323906898498535, -2.2500533624847314, 1791227481391177255, 
2.313380718231201, -1.942765712738037, -2.195278756654949, 1791227481458769488, 
2.308645725250244, -1.9493340253829956, -2.161111835944976, 1791227481501147963, 
2.3033761978149414, -1.957368016242981, -2.1215944059594065, 1791227481551032655, 
2.2983598709106445, -1.9657233953475952, -2.0825571606088293, 1791227481601937334, 
2.2937369346618652, -1.9741172790527344, -2.0449714089660835, 1791227481649069234, 
2.2893364429473877, -1.9828150272369385, -2.005552757621762, 1791227481699924079, 
2.285993814468384, -1.9907094240188599, -1.9733297237540408, 1791227481740918862, 
2.282132625579834, -1.9994332790374756, -1.9323600113646648, 1791227481791642618, 
2.27762508392334, -2.011782646179199, -1.8772956774531424, 1791227481859708121, 
2.275087356567383, -2.019446611404419, -1.8421485621291005, 1791227481901923803, 
2.272489309310913, -2.029043436050415, -1.8014097517795937, 1791227481952951616, 
2.2702107429504395, -2.038849115371704, -1.7618101947798166, 1791227482003237231, 
2.268773317337036, -2.048112154006958, -1.7245423735919885, 1791227482050216682, 
2.267341375350952, -2.0578773021698, -1.6851927025846207, 1791227482101380143, 
2.2665045261383057, -2.0654053688049316, -1.6514149843709087, 1791227482143333212, 
2.2656731605529785, -2.075345277786255, -1.611207774725448, 1791227482191872229, 
2.265611410140991, -2.0886330604553223, -1.5571627513639872, 1791227482261105187, 
2.2655436992645264, -2.0962941646575928, -1.5241853749463192, 1791227482302273098, 
2.2662484645843506, -2.1060791015625, -1.4848413536573688, 1791227482352035128, 
2.266942262649536, -2.115413188934326, -1.444249744279302, 1791227482401122093, 
2.2682931423187256, -2.1245675086975098, -1.4055876890946981, 1791227482451038357, 
2.2699291706085205, -2.1339669227600098, -1.3653022656328078, 1791227482502470335, 
2.2716269493103027, -2.1416943073272705, -1.333349256049719, 1791227482541238157, 
2.273876428604126, -2.1509578227996826, -1.2923416656951257, 1791227482592071134, 
2.2779629230499268, -2.164106845855713, -1.2372869572303409, 1791227482660898873, 
2.2805182933807373, -2.1713435649871826, -1.2043044621316281, 1791227482701130370, 
2.284153461456299, -2.1807608604431152, -1.1630829644569254, 1791227482752103894, 
2.288203239440918, -2.1895856857299805, -1.1242518546162183, 1791227482800946242, 
2.2922415733337402, -2.197669744491577, -1.0836725043767486, 1791227482850922959, 
2.296670436859131, -2.2058310508728027, -1.043177182027405, 1791227482901931133, 
2.3002967834472656, -2.212387800216675, -1.0118249557220669, 1791227482941921530, 
2.3054280281066895, -2.220369577407837, -0.9730318403910154, 1791227482993527278, 
2.3132498264312744, -2.2314882278442383, -0.918303335794137, 1791227483062187900, 
2.3179585933685303, -2.237332344055176, -0.8875175321649281, 1791227483100930724, 
2.324036121368408, -2.244898796081543, -0.8473907469615555, 1791227483150991190, 
2.3306665420532227, -2.252197027206421, -0.8073702276482881, 1791227483200972909, 
2.337613105773926, -2.259429931640625, -0.7669128556930449, 1791227483250932102, 
2.344639778137207, -2.2661244869232178, -0.7260550319186758, 1791227483301949097, 
2.350200891494751, -2.2710986137390137, -0.6943301576451048, 1791227483341014093, 
2.3580234050750732, -2.2773568630218506, -0.6549897055949481, 1791227483391006023, 
2.369802236557007, -2.286245822906494, -0.5984053994920088, 1791227483462225179, 
2.3761343955993652, -2.290379524230957, -0.5667385898492443, 1791227483502060031, 
2.3845088481903076, -2.2956504821777344, -0.527027272504371, 1791227483550928796, 
2.393132448196411, -2.300612688064575, -0.4864473609668334, 1791227483600953151, 
2.4013376235961914, -2.304856061935425, -0.4466125858658787, 1791227483650916084, 
2.410170316696167, -2.309129476547241, -0.40581003724268944, 1791227483701904477, 
2.4175527095794678, -2.31230092048645, -0.3736509445032597, 1791227483743039236, 
2.4266347885131836, -2.315593719482422, -0.33665122277223786, 1791227483791195838, 
2.435373067855835, -2.3187382221221924, -0.2980374256710111, 1791227483841394361, 
2.4466893672943115, -2.3222568035125732, -0.25053433069162856, 1791227483903014061, 
2.4560749530792236, -2.324413537979126, -0.211812840236286, 1791227483951159411, 
2.465517044067383, -2.326539993286133, -0.1702322998356362, 1791227484000940945, 
2.4750561714172363, -2.328033208847046, -0.1291191599118817, 1791227484050963453, 
2.485267400741577, -2.329498052597046, -0.08874470647968552, 1791227484101932949, 
2.493445634841919, -2.3300087451934814, -0.057577650160771626, 1791227484141918364, 
2.5034842491149902, -2.3305530548095703, -0.017667333109589928, 1791227484190898163, 
2.5136377811431885, -2.330700159072876, 0.022525961787507997, 1791227484240929147, 
2.524965524673462, -2.3303167819976807, 0.07133970520703674, 1791227484300983763, 
2.534679889678955, -2.329428195953369, 0.1113072942418898, 1791227484350952654, 
2.5443625450134277, -2.328526735305786, 0.15208370806092025, 1791227484400954004, 
2.5538389682769775, -2.3267974853515625, 0.1905250391818596, 1791227484450952070, 
2.5631086826324463, -2.325206756591797, 0.2313770930817763, 1791227484500937879, 
2.570709228515625, -2.323201894760132, 0.26215650018252434, 1791227484540945458, 
2.580223560333252, -2.3206982612609863, 0.30209590224951016, 1791227484591071580, 
2.593587636947632, -2.316244125366211, 0.3574624096334401, 1791227484661738317, 
2.6011600494384766, -2.3134281635284424, 0.38919430653099835, 1791227484700934819, 
2.610431432723999, -2.3095862865448, 0.42858702844677465, 1791227484750941076, 
2.6195194721221924, -2.305305242538452, 0.4688901741671522, 1791227484800953299, 
2.6286346912384033, -2.300727605819702, 0.5096061884850872, 1791227484850938155, 
2.6372663974761963, -2.2957892417907715, 0.5494117501864099, 1791227484902906506, 
2.6437172889709473, -2.2918646335601807, 0.579859597568365, 1791227484940952402, 
2.6518490314483643, -2.286402463912964, 0.6207580388443205, 1791227484991070493, 
2.6601905822753906, -2.280477523803711, 0.6607956247235897, 1791227485040676140, 
2.6696829795837402, -2.2730376720428467, 0.7099350806997684, 1791227485101819112, 
2.676938056945801, -2.2668583393096924, 0.7489682801764967, 1791227485151950135, 
2.684004068374634, -2.259977340698242, 0.7889054802439638, 1791227485202054406, 
2.690948009490967, -2.253296136856079, 0.8298674895477256, 1791227485252080991, 
2.696765422821045, -2.2464981079101562, 0.864606563794025, 1791227485298635661, 
2.7022664546966553, -2.24014949798584, 0.8992510017550124, 1791227485342276035, 
2.7081165313720703, -2.2325594425201416, 0.9365268497279221, 1791227485391222031, 
2.7133562564849854, -2.2253034114837646, 0.9759192916773007, 1791227485441223906, 
2.720332145690918, -2.2150824069976807, 1.0234069509819794, 1791227485501919255, 
2.725494384765625, -2.2063369750976562, 1.0608354632341819, 1791227485551936020, 
2.729980707168579, -2.198190450668335, 1.101188745844563, 1791227485601976027, 
2.734290599822998, -2.1896045207977295, 1.1430938628435063, 1791227485653038362, 
2.738098382949829, -2.181088447570801, 1.1818713939699879, 1791227485698023812, 
2.741222858428955, -2.17344069480896, 1.2183083120244973, 1791227485742076640, 
2.744346857070923, -2.164368152618408, 1.256553897642659, 1791227485791394773, 
2.7481536865234375, -2.1518471240997314, 1.31089715000366, 1791227485858955471, 
2.750406503677368, -2.1438653469085693, 1.3446305204970606, 1791227485901959043, 
2.7523128986358643, -2.13427472114563, 1.3832457107475955, 1791227485950933179, 
2.7540981769561768, -2.1248512268066406, 1.423017005920398, 1791227486000930619, 
2.755368947982788, -2.1159045696258545, 1.4615709472932374, 1791227486048958310, 
2.7564756870269775, -2.106525182723999, 1.5020250996691058, 1791227486098961979, 
2.7569451332092285, -2.0981967449188232, 1.5354824114220746, 1791227486142015997, 
2.75722599029541, -2.088458776473999, 1.5734286183249904, 1791227486191065840, 
2.7569658756256104, -2.078915596008301, 1.6121402959089786, 1791227486242059193, 
2.7565362453460693, -2.06730055809021, 1.6591779120631633, 1791227486301966355, 
2.7554614543914795, -2.057429075241089, 1.6980485812087664, 1791227486351143106, 
2.7544779777526855, -2.047741651535034, 1.7401636741389104, 1791227486401932027, 
2.7525651454925537, -2.0385146141052246, 1.778004120643154, 1791227486449933596, 
2.7508769035339355, -2.029202461242676, 1.820189878622863, 1791227486499981888, 
2.7488045692443848, -2.0209381580352783, 1.8540656427583975, 1791227486543333625, 
2.745861768722534, -2.011124849319458, 1.89425249218084, 1791227486593178013, 
2.741330862045288, -1.998661756515503, 1.9476743081275478, 1791227486659695939, 
2.738412618637085, -1.9911701679229736, 1.9816159693188276, 1791227486703496686, 
2.7343971729278564, -1.9824860095977783, 2.020474635471358, 1791227486752235816, 
2.7301292419433594, -1.9739009141921997, 2.059960171062006, 1791227486801411733, 
2.7252559661865234, -1.9650791883468628, 2.099088983917135, 1791227486851350912, 
2.7201595306396484, -1.9564729928970337, 2.1392444561738366, 1791227486902461072, 
2.716028928756714, -1.9498047828674316, 2.1700898695697313, 1791227486941979335, 
2.7101409435272217, -1.9418151378631592, 2.2095927376022715, 1791227486992190664, 
2.701955556869507, -1.9308668375015259, 2.2653479053587406, 1791227487062451642, 
2.696927070617676, -1.9248632192611694, 2.297573139605479, 1791227487102073620, 
2.6901841163635254, -1.9172496795654297, 2.337800139231044, 1791227487152088520, 
2.683420419692993, -1.9105229377746582, 2.37674952811038, 1791227487201050586, 
2.6762518882751465, -1.9036598205566406, 2.417164357110687, 1791227487251105769, 
2.668560266494751, -1.897189736366272, 2.4587264547289096, 1791227487302116492, 
2.6624107360839844, -1.8920775651931763, 2.4916898341936746, 1791227487341991417, 
2.6543171405792236, -1.8861104249954224, 2.5318036536886996, 1791227487392127619, 
2.642883777618408, -1.8782305717468262, 2.586779637808637, 1791227487461807881, 
2.6355926990509033, -1.8739079236984253, 2.619022818676876, 1791227487502023643, 
2.62697172164917, -1.868850827217102, 2.659919775621112, 1791227487552952313, 
2.6179769039154053, -1.8645966053009033, 2.6960213737602916, 1791227487600962296, 
2.6089935302734375, -1.8603389263153076, 2.7358002487119615, 1791227487651962167, 
2.6001105308532715, -1.8565963506698608, 2.775892950918512, 1791227487701957043, 
2.592747449874878, -1.8537189960479736, 2.8086371710307994, 1791227487742004080, 
2.583179235458374, -1.85041344165802, 2.848787286202233, 1791227487792102372, 
2.573920726776123, -1.8477303981781006, 2.887967829016552, 1791227487842097301, 
2.5623667240142822, -1.844807505607605, 2.9355843180273644, 1791227487901971126, 
2.5527286529541016, -1.842947006225586, 2.9745275909702222, 1791227487951048685, 
2.5430057048797607, -1.8412296772003174, 3.015331525337816, 1791227488001946962, 
2.5332422256469727, -1.8402485847473145, 3.0544752878317563, 1791227488050948419, 
2.5233988761901855, -1.8393360376358032, 3.0954613628668883, 1791227488102123397, 
2.5153026580810547, -1.8390607833862305, 3.12865757978223, 1791227488142385871, 
2.5055923461914062, -1.8388460874557495, -3.1129422219851044, 1791227488192188071, 
2.4919979572296143, -1.8394871950149536, -3.0585625084694907, 1791227488261805297, 
2.48403000831604, -1.8400121927261353, -3.0266735658153143, 1791227488301964081, 
2.47457218170166, -1.841278076171875, -2.988844625433363, 1791227488351945016, 
2.4653186798095703, -1.8426165580749512, -2.9497392199927286, 1791227488401970636, 
2.455514430999756, -1.8447846174240112, -2.9114019880379707, 1791227488450932660, 
2.445878028869629, -1.847049593925476, -2.8715407601205682, 1791227488501971530, 
2.4380762577056885, -1.8493660688400269, -2.840206662647254, 1791227488542036239, 
2.428941011428833, -1.8523045778274536, -2.7999117381558474, 1791227488592199878, 
2.4203202724456787, -1.8553966283798218, -2.7633137534165177, 1791227488637711646, 
2.4084858894348145, -1.8601484298706055, -2.7106722095969986, 1791227488703265307, 
2.399766683578491, -1.864485502243042, -2.6729736547578358, 1791227488752022172, 
2.391094923019409, -1.8688311576843262, -2.6314087707545535, 1791227488801942394, 
2.382948160171509, -1.8736413717269897, -2.5912216253150158, 1791227488851981239, 
2.375631093978882, -1.8780521154403687, -2.553185903082768, 1791227488897925743, 
2.3679747581481934, -1.8832226991653442, -2.515287127909064, 1791227488946026383, 
2.360292911529541, -1.888942837715149, -2.475328918303153, 1791227488996123631, 
2.350681781768799, -1.8965702056884766, -2.4261321858625227, 1791227489057965519, 
2.3440632820129395, -1.9024914503097534, -2.3889546648390905, 1791227489106265764, 
2.3366482257843018, -1.9092885255813599, -2.348791596651374, 1791227489155969727, 
2.331064224243164, -1.9151419401168823, -2.316878547407233, 1791227489196968743, 
2.3245022296905518, -1.922284483909607, -2.2778268714304404, 1791227489246964742, 
2.318194627761841, -1.9298022985458374, -2.238132489291889, 1791227489296953423, 
2.3118512630462646, -1.9378080368041992, -2.197515068305209, 1791227489347031267, 
2.306335926055908, -1.945954442024231, -2.158311063839398, 1791227489397260450, 
2.301959991455078, -1.9523411989212036, -2.1248359807610666, 1791227489437527542, 
2.2955195903778076, -1.9632395505905151, -2.0730003239123844, 1791227489502000639, 
2.2907540798187256, -1.971867561340332, -2.0321483894646613, 1791227489552271409, 
2.286311149597168, -1.9809057712554932, -1.991300262900809, 1791227489601972110, 
2.2821576595306396, -1.9904093742370605, -1.951236228763169, 1791227489651980989, 
2.2788710594177246, -1.9986125230789185, -1.9157264647724699, 1791227489696941653, 
2.2759909629821777, -2.006821393966675, -1.8801929195881493, 1791227489742072850, 
2.2731785774230957, -2.015815496444702, -1.8399217745274836, 1791227489792238008, 
2.2698748111724854, -2.028261661529541, -1.7868071427878265, 1791227489858015871, 
2.268327236175537, -2.036552667617798, -1.752952840117448, 1791227489901965735, 
2.266660213470459, -2.046130657196045, -1.7128215623862981, 1791227489951949860, 
2.265451669692993, -2.055650472640991, -1.674231934167602, 1791227490001972207, 
2.264512777328491, -2.0652854442596436, -1.6346991034261025, 1791227490051970729, 
2.2638771533966064, -2.074531316757202, -1.5975736942429257, 1791227490097960620, 
2.2637436389923096, -2.083280324935913, -1.5622561736889988, 1791227490141940254, 
2.2637453079223633, -2.0930042266845703, -1.522265349742862, 1791227490192298540, 
2.264451265335083, -2.1029276847839355, -1.4819845249822112, 1791227490242006532, 
2.2655444145202637, -2.1140894889831543, -1.4326585531544247, 1791227490301946702, 
2.2669897079467773, -2.1235413551330566, -1.392410726309424, 1791227490351990447, 
2.2687017917633057, -2.13321590423584, -1.353165280296135, 1791227490401945413, 
2.270984411239624, -2.1429126262664795, -1.3126602141867687, 1791227490452947844, 
2.2731809616088867, -2.151581287384033, -1.2752967355065394, 1791227490498975924, 
2.275911331176758, -2.159574270248413, -1.2422220193526479, 1791227490542076466, 
2.279031991958618, -2.1685585975646973, -1.201547320057872, 1791227490592459048, 
2.282634735107422, -2.1774392127990723, -1.1621528452932863, 1791227490641886294, 
2.2872610092163086, -2.188023567199707, -1.1140977391847835, 1791227490702535572, 
2.2915213108062744, -2.1962532997131348, -1.0755093317883655, 1791227490751963535, 
2.296149492263794, -2.204348087310791, -1.0374568625390264, 1791227490802096453, 
2.300851821899414, -2.212158441543579, -1.0006217230879602, 1791227490849941983, 
2.3059587478637695, -2.2201850414276123, -0.9609681479476834, 1791227490899946636, 
2.3107080459594727, -2.2269091606140137, -0.9268099132006363, 1791227490942007773, 
2.316627025604248, -2.234795093536377, -0.8849879435047631, 1791227490991735694, 
2.325223684310913, -2.2450621128082275, -0.8306780040110481, 1791227491060513749, 
2.3291213512420654, -2.249302864074707, -0.8062126518316454, 1791227491090390948, 
2.337773323059082, -2.258148193359375, -0.7561117398582503, 1791227491152240672, 
2.345177412033081, -2.2650187015533447, -0.7157392560306176, 1791227491204286359, 
2.352064371109009, -2.2709062099456787, -0.6787717772929498, 1791227491251135818, 
2.3597259521484375, -2.2769036293029785, -0.6381722699655908, 1791227491300715214, 
2.366542339324951, -2.2820727825164795, -0.6036879398619317, 1791227491342920442, 
2.3748278617858887, -2.2875521183013916, -0.5630328024762085, 1791227491393885839, 
2.3831839561462402, -2.2928011417388916, -0.5238171456687122, 1791227491443928736, 
2.393338203430176, -2.2981762886047363, -0.4785036819948099, 1791227491502016420, 
2.4017834663391113, -2.3026371002197266, -0.4389004991111594, 1791227491551666234, 
2.4108221530914307, -2.3067407608032227, -0.3999630080676518, 1791227491602605071, 
2.4200029373168945, -2.310621500015259, -0.3601207266832368, 1791227491651688079, 
2.4293510913848877, -2.313920736312866, -0.3201723625450525, 1791227491702238815, 
2.4365029335021973, -2.316438913345337, -0.28719532487142757, 1791227491742254480, 
2.4454267024993896, -2.319340705871582, -0.24616745945444626, 1791227491793100071, 
2.458800792694092, -2.3223464488983154, -0.1919339402692879, 1791227491861956063, 
2.466681957244873, -2.323915958404541, -0.15963867837110465, 1791227491901955427, 
2.4765384197235107, -2.325409173965454, -0.11802518611815001, 1791227491951981931, 
2.486341953277588, -2.3266689777374268, -0.07663280839791138, 1791227492001974890, 
2.4963908195495605, -2.3274941444396973, -0.03651800662646323, 1791227492051978841, 
2.506333589553833, -2.3277697563171387, 0.002396187420601761, 1791227492100936088, 
2.5144753456115723, -2.327650547027588, 0.03282496984289578, 1791227492141946046, 
2.5241143703460693, -2.3275132179260254, 0.07282877332274104, 1791227492193088852, 
2.5379204750061035, -2.3262104988098145, 0.12785883821095137, 1791227492261732617, 
2.545705795288086, -2.325330972671509, 0.15883098921165428, 1791227492302103129, 
2.5554113388061523, -2.323713541030884, 0.19994932637531693, 1791227492353160673, 
2.564713954925537, -2.3219292163848877, 0.24023862209236532, 1791227492401968324, 
2.5742039680480957, -2.319430112838745, 0.28007415338775243, 1791227492452184164, 
2.5839791297912598, -2.316765308380127, 0.3206183720606556, 1791227492502032733, 
2.5916638374328613, -2.314112424850464, 0.35218447426405647, 1791227492541938805, 
2.6014926433563232, -2.3103907108306885, 0.392587631168551, 1791227492592339995, 
2.614429235458374, -2.3047351837158203, 0.4488526212765912, 1791227492662117054, 
2.621501922607422, -2.301454782485962, 0.4808756697569419, 1791227492701954883, 
2.6304445266723633, -2.296534538269043, 0.5214803628601351, 1791227492752196284, 
2.6389851570129395, -2.2918460369110107, 0.5628805436353446, 1791227492801982506, 
2.647113084793091, -2.286550760269165, 0.6007183025502201, 1791227492851982679, 
2.6551239490509033, -2.2810707092285156, 0.6409585153999346, 1791227492902932803, 
2.6613962650299072, -2.2764482498168945, 0.6707598527075255, 1791227492941964427, 
2.6691229343414307, -2.2700002193450928, 0.7100164160126657, 1791227492992497193, 
2.676389694213867, -2.2638418674468994, 0.7483247658475464, 1791227493042261598, 
2.6851112842559814, -2.255587577819824, 0.796370994648377, 1791227493103316328, 
2.6918420791625977, -2.2487916946411133, 0.8355779932522341, 1791227493151938875, 
2.6983642578125, -2.241337776184082, 0.8749696518059719, 1791227493201999163, 
2.7044601440429688, -2.234076499938965, 0.9154393509723265, 1791227493252274224, 
2.710322856903076, -2.2261569499969482, 0.9529504081053173, 1791227493301934657, 
2.714667558670044, -2.2205452919006348, 0.9854971477090337, 1791227493343043404, 
2.720197916030884, -2.2118895053863525, 1.026489754088076, 1791227493391797451, 
2.725188732147217, -2.2034130096435547, 1.066707544967986, 1791227493442044596, 
2.7306463718414307, -2.19307279586792, 1.1124550187677056, 1791227493501979610, 
2.735039234161377, -2.1843183040618896, 1.1522464099015148, 1791227493552025022, 
2.738945245742798, -2.175283670425415, 1.1918330886505302, 1791227493601969177, 
2.742619514465332, -2.166011333465576, 1.231432585050011, 1791227493651989945, 
2.745748996734619, -2.156999349594116, 1.2701291600007263, 1791227493702111659, 
2.7481250762939453, -2.1493163108825684, 1.3015752410740384, 1791227493742017067, 
2.7505109310150146, -2.1403331756591797, 1.3416117204928546, 1791227493792479749, 
2.7526817321777344, -2.1309220790863037, 1.3814535140614352, 1791227493841745353, 
2.754697799682617, -2.1194677352905273, 1.4297185632350693, 1791227493902397316, 
2.756075620651245, -2.1102612018585205, 1.4674342427500042, 1791227493952028173, 
2.756944179534912, -2.100555419921875, 1.5069262120997424, 1791227494002107522, 
2.7576496601104736, -2.090555429458618, 1.5493990166771041, 1791227494051984616, 
2.7578866481781006, -2.080779552459717, 1.5902813665749436, 1791227494102112449, 
2.7577264308929443, -2.073195695877075, 1.6231331650413297, 1791227494142097724, 
2.7571399211883545, -2.063631296157837, 1.663753502612532, 1791227494191938953, 
2.7560713291168213, -2.0537776947021484, 1.7037919487350675, 1791227494242112529, 
2.7544753551483154, -2.041867256164551, 1.7523477049471252, 1791227494302144292, 
2.7525534629821777, -2.0327653884887695, 1.7918082228999253, 1791227494352026443, 
2.7503695487976074, -2.0232093334198, 1.831592945864643, 1791227494401957360, 
2.7477245330810547, -2.0139012336730957, 1.8718996747688592, 1791227494452002142, 
2.745016574859619, -2.005206346511841, 1.907987585932444, 1791227494497636342, 
2.74200701713562, -1.9969907999038696, 1.9430680990125635, 1791227494542012015, 
2.738452196121216, -1.9881669282913208, 1.9830864260398635, 1791227494591841098, 
2.7330992221832275, -1.9766745567321777, 2.033348341849643, 1791227494658493089, 
2.729355573654175, -1.9689548015594482, 2.0679029184682514, 1791227494702291575, 
2.724379062652588, -1.960296869277954, 2.1070966817157615, 1791227494751968957, 
2.719343662261963, -1.9514970779418945, 2.1480417265691134, 1791227494802143760, 
2.7138335704803467, -1.9432200193405151, 2.187533586935387, 1791227494852956513, 
2.708395481109619, -1.9356741905212402, 2.2254186118322914, 1791227494899162694, 
2.703130006790161, -1.9287103414535522, 2.260012688306869, 1791227494942318464, 
2.696730613708496, -1.921249270439148, 2.2995695507825347, 1791227494991989039, 
2.687621593475342, -1.9112828969955444, 2.3522617135658335, 1791227495059246513, 
2.6818501949310303, -1.9053359031677246, 2.386993152001404, 1791227495102263612, 
2.674734592437744, -1.8987630605697632, 2.4255897363451684, 1791227495152001916, 
2.667219638824463, -1.8924384117126465, 2.4650669295927603, 1791227495201958047, 
2.66023325920105, -1.8866777420043945, 2.5026034360671288, 1791227495249074008, 
2.6520185470581055, -1.8808183670043945, 2.542404189015939, 1791227495299185322, 
2.6450159549713135, -1.876060128211975, 2.5748597051189197, 1791227495342008979, 
2.6362967491149902, -1.870993733406067, 2.6125180772074423, 1791227495392566079, 
2.624150514602661, -1.8639887571334839, 2.6679411379591684, 1791227495460527629, 
2.6170265674591064, -1.8604381084442139, 2.7021622772875777, 1791227495502178089, 
2.6082098484039307, -1.8562651872634888, 2.742869562119098, 1791227495551974140, 
2.5988478660583496, -1.8524694442749023, 2.7832662820137104, 1791227495601962907, 
2.5901288986206055, -1.8492094278335571, 2.821468868957587, 1791227495649991821, 
2.580218553543091, -1.8461425304412842, 2.862421465898929, 1791227495701110126, 
2.572558641433716, -1.8437994718551636, 2.8971507472201883, 1791227495742137885, 
2.5630364418029785, -1.8416342735290527, 2.9362003519238438, 1791227495792354278, 
2.552952289581299, -1.8394439220428467, 2.978463606565525, 1791227495844370601, 
2.541677474975586, -1.8378663063049316, 3.0249283505889144, 1791227495902818528, 
2.5321733951568604, -1.8368611335754395, 3.0653664912095384, 1791227495953406849, 
2.5222387313842773, -1.8361340761184692, 3.106072189902979, 1791227496004071219, 
2.5129148960113525, -1.8360393047332764, -3.139851093472669, 1791227496051119819, 
2.5030152797698975, -1.8361766338348389, -3.100159407544802, 1791227496102137144, 
2.4951260089874268, -1.836585521697998, -3.0684816844095915, 1791227496141960248, 
2.485363006591797, -1.8372176885604858, -3.028169639370289, 1791227496193608144, 
2.471911668777466, -1.838905692100525, -2.973258950642233, 1791227496262603378, 
2.4648189544677734, -1.8402564525604248, -2.94183876336937, 1791227496302056641, 
2.45526385307312, -1.8423258066177368, -2.900722765418215, 1791227496351943498, 
2.445547103881836, -1.8447741270065308, -2.8605749390072477, 1791227496401997271, 
2.435835599899292, -1.8477946519851685, -2.8201870680603562, 1791227496451988487, 
2.4263110160827637, -1.8510048389434814, -2.780272025231633, 1791227496502210890, 
2.4191691875457764, -1.8538906574249268, -2.747410701948451, 1791227496542054190, 
2.4103844165802, -1.8574484586715698, -2.7050960105964648, 1791227496592962021, 
2.398489475250244, -1.8635449409484863, -2.6519102899214575, 1791227496662293141, 
2.3915047645568848, -1.8672782182693481, -2.620607392281877, 1791227496702005038, 
2.3831865787506104, -1.8719875812530518, -2.580012739071492, 1791227496753043847, 
2.375821590423584, -1.8769396543502808, -2.542311372487587, 1791227496801980966, 
2.3676211833953857, -1.8826695680618286, -2.5029488344661446, 1791227496851980314, 
2.359827995300293, -1.8883819580078125, -2.463317290355225, 1791227496902006758, 
2.353787422180176, -1.8934184312820435, -2.4314654461495797, 1791227496942958976, 
2.346181869506836, -1.8998502492904663, -2.3909573453303627, 1791227496992642020, 
2.3367409706115723, -1.9091265201568604, -2.337046093719849, 1791227497062040201, 
2.3311471939086914, -1.9148755073547363, -2.3047108672860963, 1791227497102251832, 
2.324678421020508, -1.922197699546814, -2.2658320790821285, 1791227497151956651, 
2.318469285964966, -1.9296834468841553, -2.225232302692534, 1791227497202218675, 
2.312098979949951, -1.93764066696167, -2.1834110816901844, 1791227497251991274, 
2.306724786758423, -1.9456382989883423, -2.1440422169770343, 1791227497301982024, 
2.302537679672241, -1.951934576034546, -2.1110323341786357, 1791227497341965529, 
2.297776699066162, -1.9603750705718994, -2.0706475743922956, 1791227497391850994, 
2.2931971549987793, -1.9687626361846924, -2.031856727937668, 1791227497441970604, 
2.288116455078125, -1.9797841310501099, -1.9858202466131456, 1791227497501961605, 
2.2840776443481445, -1.988810658454895, -1.9465336669788356, 1791227497552167448, 
2.28094220161438, -1.9977285861968994, -1.9073963185519685, 1791227497602258431, 
2.277571439743042, -2.0068860054016113, -1.8668181090469544, 1791227497651981103, 
2.27496075630188, -2.0163333415985107, -1.8273323164836979, 1791227497701996852, 
2.27284836769104, -2.023837089538574, -1.7948995876459464, 1791227497742960777, 
2.2708327770233154, -2.0333313941955566, -1.7564171632491166, 1791227497792622242, 
2.26908540725708, -2.0429811477661133, -1.7157693423841198, 1791227497842246779, 
2.2677571773529053, -2.0530574321746826, -1.6756614896610422, 1791227497892409376, 
2.266615390777588, -2.0644469261169434, -1.6283006706610403, 1791227497951981179, 
2.26603102684021, -2.0744478702545166, -1.5869149734596188, 1791227498002000322, 
2.2657787799835205, -2.084634780883789, -1.5455566321083873, 1791227498051963712, 
2.2661471366882324, -2.0936882495880127, -1.5104293931284662, 1791227498096983766, 
2.2667760848999023, -2.1033167839050293, -1.4718448479821542, 1791227498145995611, 
2.2678020000457764, -2.1125173568725586, -1.4326725035663268, 1791227498195676276, 
2.2690935134887695, -2.120492458343506, -1.3978598845495003, 1791227498238112287, 
2.2713100910186768, -2.1331982612609863, -1.3423932281422928, 1791227498306623477, 
2.273690938949585, -2.142566442489624, -1.3029861847356328, 1791227498356150931, 
2.2757890224456787, -2.150339365005493, -1.270616676504777, 1791227498397983855, 
2.278942584991455, -2.1594371795654297, -1.2340796322736294, 1791227498446997217, 
2.282094717025757, -2.1685421466827393, -1.1929003210796751, 1791227498497970179, 
2.2858738899230957, -2.1772305965423584, -1.1538974416240324, 1791227498546959739, 
2.289891242980957, -2.1863138675689697, -1.113988697281665, 1791227498596829528, 
2.2950074672698975, -2.1962156295776367, -1.0637529474744383, 1791227498658572753, 
2.2995221614837646, -2.2042653560638428, -1.0236865031136535, 1791227498707446651, 
2.30462646484375, -2.2123265266418457, -0.9837748703956745, 1791227498756997837, 
2.3089070320129395, -2.218968152999878, -0.952033682513272, 1791227498797002441, 
2.3146579265594482, -2.226841449737549, -0.9130368028962431, 1791227498847004965, 
2.320753335952759, -2.234753131866455, -0.872040821916165, 1791227498896994546, 
2.327113389968872, -2.2420670986175537, -0.8320971105972302, 1791227498946960656, 
2.3336260318756104, -2.249070882797241, -0.7930731195254811, 1791227498996752758, 
2.3420534133911133, -2.2574777603149414, -0.7440980155645042, 1791227499058260747, 
2.3492448329925537, -2.264050006866455, -0.7039902927261581, 1791227499107280889, 
2.356602668762207, -2.2699451446533203, -0.666531747583534, 1791227499157048382, 
2.36274790763855, -2.2747175693511963, -0.6354586201539795, 1791227499196999813, 
2.3711156845092773, -2.2806928157806396, -0.59627416320195, 1791227499246976768, 
2.3793818950653076, -2.286140203475952, -0.5545420129937211, 1791227499297987428, 
2.3867528438568115, -2.2908031940460205, -0.5193485584111128, 1791227499341998372, 
2.395397901535034, -2.295523166656494, -0.4784052385826756, 1791227499392312848, 
2.4068491458892822, -2.301483631134033, -0.42493452569424933, 1791227499459065534, 
2.4147908687591553, -2.3050343990325928, -0.39023174740755073, 1791227499502101536, 
2.4240872859954834, -2.3091187477111816, -0.3491406438681991, 1791227499551981625, 
2.43377423286438, -2.312197685241699, -0.31088891751907716, 1791227499602470314, 
2.443028211593628, -2.315321683883667, -0.26928270745029137, 1791227499653001959, 
2.451160192489624, -2.3175694942474365, -0.23174498817628728, 1791227499698989825, 
2.458930492401123, -2.3194632530212402, -0.1976977469673326, 1791227499741976248, 
2.46868896484375, -2.321242332458496, -0.15859771960623448, 1791227499792420978, 
2.4785377979278564, -2.3227920532226562, -0.11926494436549444, 1791227499842036036, 
2.4901576042175293, -2.3239688873291016, -0.07171544639750854, 1791227499902276004, 
2.500199794769287, -2.324699640274048, -0.03233179118543107, 1791227499952369440, 
2.5098276138305664, -2.3248965740203857, 0.006645074194745424, 1791227500001978028, 
2.519249439239502, -2.324908971786499, 0.04541853316908369, 1791227500048979247, 
2.5286521911621094, -2.324277400970459, 0.08491868939705496, 1791227500099949791, 
2.537163257598877, -2.3234755992889404, 0.11892877782391735, 1791227500141688450, 
2.547032594680786, -2.3223814964294434, 0.15922406290565172, 1791227500192100716, 
2.5605292320251465, -2.3199565410614014, 0.21192242383339832, 1791227500261354674, 
2.5686936378479004, -2.3182337284088135, 0.2465299789352888, 1791227500301758546, 
2.5780208110809326, -2.315791368484497, 0.288408222576637, 1791227500351652154, 
2.587787628173828, -2.3128743171691895, 0.32983332149520855, 1791227500403265368, 
2.5970284938812256, -2.3095943927764893, 0.3686395557018349, 1791227500451291600, 
2.606229782104492, -2.3059942722320557, 0.4070370561758561, 1791227500501227549, 
2.614183187484741, -2.302422285079956, 0.44057293506363066, 1791227500544038274, 
2.6231579780578613, -2.298201322555542, 0.48006662494918284, 1791227500593945485, 
2.6316564083099365, -2.2935030460357666, 0.5169554625483731, 1791227500645565034, 
2.6393096446990967, -2.2891740798950195, 0.5509989165611316, 1791227500703307845, 
2.644552230834961, -2.2857298851013184, 0.5782216567955976, 1791227500753044952, 
2.652254581451416, -2.2804863452911377, 0.6170049202973369, 1791227500802004690, 
2.660825490951538, -2.274350881576538, 0.6585737800093088, 1791227500851991735, 
2.6691207885742188, -2.267749309539795, 0.6993638190788499, 1791227500901965653, 
2.675670862197876, -2.262375593185425, 0.7333545142374053, 1791227500943032911, 
2.682664394378662, -2.2559974193573, 0.7739489184422982, 1791227500992835343, 
2.6892168521881104, -2.2497358322143555, 0.8110913021118252, 1791227501042188556, 
2.6969382762908936, -2.241244077682495, 0.858494425110019, 1791227501102086920, 
2.7036871910095215, -2.2337749004364014, 0.90007518936626, 1791227501153000159, 
2.709296464920044, -2.2262752056121826, 0.9407147589901682, 1791227501202005535, 
2.714951515197754, -2.2186813354492188, 0.9792289515871043, 1791227501251925818, 
2.719827175140381, -2.211299180984497, 1.0175254922261145, 1791227501303442681, 
2.72428560256958, -2.2041525840759277, 1.048634290109213, 1791227501342009916, 
2.729328155517578, -2.1954522132873535, 1.088823221386017, 1791227501393316471, 
2.7334821224212646, -2.1872458457946777, 1.127135656079273, 1791227501442157759, 
2.738133430480957, -2.1771578788757324, 1.1735327533883015, 1791227501502015785, 
2.7420670986175537, -2.1683192253112793, 1.2155097981680358, 1791227501554016121, 
2.745206832885742, -2.159247398376465, 1.2534207198324625, 1791227501601992665, 
2.748297929763794, -2.1502575874328613, 1.2937580828440163, 1791227501652072128, 
2.751070976257324, -2.1404292583465576, 1.3335751956473518, 1791227501703024362, 
2.7525722980499268, -2.1330411434173584, 1.3633622293888545, 1791227501742064427, 
2.7547614574432373, -2.1233999729156494, 1.4033850729737591, 1791227501791746796, 
2.7570042610168457, -2.1097912788391113, 1.4622101311737654, 1791227501862829451, 
2.757766008377075, -2.1024534702301025, 1.4933559475849945, 1791227501902169914, 
2.758298635482788, -2.092834234237671, 1.5325934730307684, 1791227501952009442, 
2.758632183074951, -2.0825774669647217, 1.5732405774377283, 1791227502002011795, 
2.7584993839263916, -2.072618246078491, 1.6126925067074833, 1791227502052329898, 
2.758228302001953, -2.0629799365997314, 1.6534539903055303, 1791227502102995874, 
2.757416248321533, -2.0554144382476807, 1.684860167970338, 1791227502143061911, 
2.756218433380127, -2.0461301803588867, 1.7225483507589752, 1791227502191883449, 
2.7544803619384766, -2.036160945892334, 1.7620208761983143, 1791227502242191313, 
2.7522029876708984, -2.02518630027771, 1.8105557024728949, 1791227502303254813, 
2.74959659576416, -2.0155255794525146, 1.8503064214344715, 1791227502352016957, 
2.7468578815460205, -2.0062949657440186, 1.8890045453622597, 1791227502402010666, 
2.7436556816101074, -1.9969767332077026, 1.9290666749046335, 1791227502452011134, 
2.740351676940918, -1.9875191450119019, 1.971017706165801, 1791227502502963452, 
2.7373464107513428, -1.9802680015563965, 2.003415862689213, 1791227502544076692, 
2.7330288887023926, -1.9715970754623413, 2.042334678606232, 1791227502591919361, 
2.728566884994507, -1.9631798267364502, 2.0817568786852036, 1791227502642007251, 
2.7226006984710693, -1.9526240825653076, 2.1319854458047227, 1791227502704432298, 
2.7171504497528076, -1.9442219734191895, 2.170571748097897, 1791227502751993133, 
2.7115228176116943, -1.9361281394958496, 2.210675202211605, 1791227502802025799, 
2.7054519653320312, -1.9281980991363525, 2.250576560044376, 1791227502852546345, 
2.699129104614258, -1.920477271080017, 2.292312934840649, 1791227502902001875, 
2.6940174102783203, -1.9145336151123047, 2.323585343368598, 1791227502942071035, 
2.687067747116089, -1.9074585437774658, 2.3626838075365555, 1791227502992368282, 
2.6802659034729004, -1.9006096124649048, 2.4012643019534057, 1791227503042033973, 
2.6736903190612793, -1.8950104713439941, 2.4356146115006423, 1791227503087513500, 
2.662998676300049, -1.886314034461975, 2.4910355810393012, 1791227503157559220, 
2.656557321548462, -1.881590485572815, 2.523638279153454, 1791227503198202945, 
2.648562431335449, -1.8756572008132935, 2.563959819468236, 1791227503248113496, 
2.640045404434204, -1.8702248334884644, 2.6043496409058617, 1791227503298048269, 
2.6312074661254883, -1.8652182817459106, 2.6432275937767478, 1791227503348224466, 
2.621941566467285, -1.8604753017425537, 2.6828214946489304, 1791227503398368554, 
2.614786386489868, -1.8568536043167114, 2.7151329576962357, 1791227503437902801, 
2.601870059967041, -1.8513309955596924, 2.7702389040224897, 1791227503507858827, 
2.592773199081421, -1.8477718830108643, 2.810868723685561, 1791227503556958694, 
2.5854430198669434, -1.8454351425170898, 2.8420162195176704, 1791227503597020083, 
2.5757508277893066, -1.8424103260040283, 2.8828451402214332, 1791227503647013211, 
2.566072463989258, -1.8397780656814575, 2.923291180075824, 1791227503698077717, 
2.5565128326416016, -1.8377186059951782, 2.9618432677679167, 1791227503748103736, 
2.5467369556427, -1.8360036611557007, 3.0000850958860825, 1791227503796989727, 
2.5391454696655273, -1.835111379623413, 3.030524262329263, 1791227503837253120, 
2.5294971466064453, -1.8339186906814575, 3.0701136567118152, 1791227503887893173, 
2.5160534381866455, -1.833142638206482, 3.127407074651891, 1791227503958181920, 
2.508327007293701, -1.8331316709518433, -3.1247317787074826, 1791227503996989677, 
2.498305082321167, -1.8333202600479126, -3.084362747351721, 1791227504048015727, 
2.488429307937622, -1.8338236808776855, -3.044527278379894, 1791227504097993468, 
2.478623151779175, -1.8349374532699585, -3.004880460286721, 1791227504146983855, 
2.468825340270996, -1.8361716270446777, -2.9646105630650563, 1791227504197151078, 
2.4576451778411865, -1.8384695053100586, -2.915507841281816, 1791227504258950503, 
2.4511497020721436, -1.8398412466049194, -2.888052487465656, 1791227504293297039, 
2.439804792404175, -1.843029260635376, -2.83974218132892, 1791227504353176139, 
2.4301247596740723, -1.8460723161697388, -2.7999916260455704, 1791227504402990884, 
2.4206809997558594, -1.8494905233383179, -2.759525999351214, 1791227504454989143, 
2.412555694580078, -1.852981448173523, -2.724409617283632, 1791227504500108056, 
2.405365228652954, -1.8562443256378174, -2.6901431317907383, 1791227504542996436, 
2.3967366218566895, -1.8604183197021484, -2.65048387421768, 1791227504592739141, 
2.3884365558624268, -1.865028977394104, -2.610316283604537, 1791227504642889499, 
2.380525588989258, -1.8695530891418457, -2.5719096181074588, 1791227504689362396, 
2.371457099914551, -1.8757953643798828, -2.5241094129852253, 1791227504752077336, 
2.3631086349487305, -1.8814609050750732, -2.482501618525105, 1791227504803171650, 
2.355895519256592, -1.8872140645980835, -2.444146912982745, 1791227504850212657, 
2.3484151363372803, -1.893568515777588, -2.403964337814415, 1791227504901292050, 
2.3420441150665283, -1.8992034196853638, -2.370066525847361, 1791227504943093584, 
2.3356523513793945, -1.905717134475708, -2.3303492080293537, 1791227504992016882, 
2.326080083847046, -1.9157960414886475, -2.2736583286348573, 1791227505060873850, 
2.3222968578338623, -1.9203840494155884, -2.2495606930618597, 1791227505091061386, 
2.314605951309204, -1.929915189743042, -2.200446380708011, 1791227505153080226, 
2.3087658882141113, -1.9379287958145142, -2.159493655286055, 1791227505205256346, 
2.303781270980835, -1.9455561637878418, -2.122963108331621, 1791227505251273425, 
2.2992987632751465, -1.9532870054244995, -2.0832401692846143, 1791227505301473451, 
2.295236825942993, -1.9604320526123047, -2.0492867371239334, 1791227505344512608, 
2.2911593914031982, -1.9690898656845093, -2.0113410570792265, 1791227505394031264, 
2.2871053218841553, -1.977650761604309, -1.9716281498816537, 1791227505441913734, 
2.282630205154419, -1.9888317584991455, -1.923961608587576, 1791227505503045552, 
2.2790188789367676, -1.998163104057312, -1.8847991893015064, 1791227505553156594, 
2.2762420177459717, -2.0076348781585693, -1.8468420596192905, 1791227505601992028, 
2.2735629081726074, -2.0171093940734863, -1.8057278325244328, 1791227505652022558, 
2.2714593410491943, -2.02618670463562, -1.7655411397894814, 1791227505701974875, 
2.2699575424194336, -2.034205198287964, -1.7330844172890076, 1791227505743328700, 
2.268397331237793, -2.0441372394561768, -1.692764939550317, 1791227505793080700, 
2.267448902130127, -2.0540060997009277, -1.6537445141686828, 1791227505842460425, 
2.2664144039154053, -2.0655157566070557, -1.6052415307150543, 1791227505903149298, 
2.2663068771362305, -2.0755677223205566, -1.5660148282629553, 1791227505953043007, 
2.2664451599121094, -2.0857064723968506, -1.5264516906955687, 1791227506002025477, 
2.267096757888794, -2.095592975616455, -1.4865417608486111, 1791227506051987875, 
2.2677323818206787, -2.10518479347229, -1.446236421350391, 1791227506103111094, 
2.2687675952911377, -2.112482786178589, -1.4149290255070082, 1791227506143030962, 
2.2710072994232178, -2.126091957092285, -1.3579872288281984, 1791227506213572466, 
2.2721827030181885, -2.1315181255340576, -1.3347917500886608, 1791227506243000191, 
2.275071620941162, -2.142549753189087, -1.2869544893455733, 1791227506303055801, 
2.2778913974761963, -2.1517326831817627, -1.2462095243361409, 1791227506353995116, 
2.281066656112671, -2.160980701446533, -1.2080959908480167, 1791227506402007413, 
2.284802198410034, -2.16975998878479, -1.1672318159431216, 1791227506452024934, 
2.2886695861816406, -2.1790950298309326, -1.1254991520304174, 1791227506502989777, 
2.2922146320343018, -2.186197519302368, -1.0937241941398002, 1791227506542991427, 
2.2966952323913574, -2.1946446895599365, -1.0547434804013562, 1791227506593087375, 
2.3013267517089844, -2.202446937561035, -1.015873319859089, 1791227506641910910, 
2.3072805404663086, -2.2119696140289307, -0.9675500149870218, 1791227506703047855, 
2.312708616256714, -2.2198493480682373, -0.9270259282463192, 1791227506753168211, 
2.3185431957244873, -2.2272138595581055, -0.887871177295241, 1791227506802028444, 
2.324770450592041, -2.2346577644348145, -0.8484581375859944, 1791227506851990745, 
2.331195831298828, -2.2419676780700684, -0.8083324418366505, 1791227506903032231, 
2.336557388305664, -2.2475242614746094, -0.7771094999359976, 1791227506943048625, 
2.3436508178710938, -2.2543294429779053, -0.7367511391620578, 1791227506993153951, 
2.351135015487671, -2.261025905609131, -0.6974767523230423, 1791227507042425915, 
2.3584249019622803, -2.2670376300811768, -0.6570416584147029, 1791227507091881101, 
2.367648124694824, -2.2740938663482666, -0.6086365868463328, 1791227507152065739, 
2.3761677742004395, -2.2798335552215576, -0.5689947344183177, 1791227507202008157, 
2.384248971939087, -2.2850937843322754, -0.5277368971982832, 1791227507253028182, 
2.3931944370269775, -2.2901387214660645, -0.4868735951732085, 1791227507303004413, 
2.400092601776123, -2.293987512588501, -0.4533499158047543, 1791227507344080073, 
2.4089765548706055, -2.2980449199676514, -0.4134917066117812, 1791227507393148588, 
2.417999267578125, -2.3020479679107666, -0.37325836947764496, 1791227507443179324, 
2.4291915893554688, -2.306208372116089, -0.32569896983776453, 1791227507502713727, 
2.438525915145874, -2.3094065189361572, -0.2870380803889725, 1791227507553093225, 
2.4474778175354004, -2.3119077682495117, -0.24793146534187702, 1791227507603028461, 
2.4565699100494385, -2.314380168914795, -0.2093130175948381, 1791227507652988298, 
2.4660258293151855, -2.3160972595214844, -0.171366400161932, 1791227507703045565, 
2.4738376140594482, -2.3175435066223145, -0.1384350372466186, 1791227507743050460, 
2.4836931228637695, -2.3189244270324707, -0.09840584887361248, 1791227507793567683, 
2.4934780597686768, -2.319829225540161, -0.05778089198472125, 1791227507843325774, 
2.5026590824127197, -2.320326089859009, -0.022622578582755674, 1791227507888242279, 
2.516345977783203, -2.3204703330993652, 0.03344052734071179, 1791227507958181122, 
2.5244333744049072, -2.3202481269836426, 0.06556277832702635, 1791227507998027988, 
2.5339512825012207, -2.3194501399993896, 0.10418558746559496, 1791227508048001332, 
2.54412579536438, -2.3184473514556885, 0.145010947901227, 1791227508098001169, 
2.553731918334961, -2.316997528076172, 0.1865601143158188, 1791227508148049675, 
2.563459873199463, -2.3151960372924805, 0.22566418196067395, 1791227508198195996, 
2.571357250213623, -2.313328266143799, 0.2584322172899877, 1791227508239430390, 
2.581632137298584, -2.3106424808502197, 0.30318453054212585, 1791227508292934831, 
2.59287691116333, -2.3068349361419678, 0.35032360205143953, 1791227508352978036, 
2.6023592948913574, -2.3034112453460693, 0.38940428710419994, 1791227508403035658, 
2.6115338802337646, -2.2993052005767822, 0.42740232685515805, 1791227508452000702, 
2.6198160648345947, -2.2957215309143066, 0.4638446597375533, 1791227508498020748, 
2.6275839805603027, -2.2917144298553467, 0.4992861259335327, 1791227508543072968, 
2.636514902114868, -2.2867462635040283, 0.5396563405776389, 1791227508593485770, 
2.6477468013763428, -2.2798337936401367, 0.5928501124409953, 1791227508659086368, 
2.6532247066497803, -2.2761244773864746, 0.6190447521927092, 1791227508693342728, 
2.6631202697753906, -2.2688589096069336, 0.6667003353589065, 1791227508753171497, 
2.6708076000213623, -2.2629919052124023, 0.70833896214499, 1791227508803002569, 
2.6784908771514893, -2.2565133571624756, 0.7501415351716968, 1791227508854032514, 
2.684835433959961, -2.250709056854248, 0.7864062093225118, 1791227508898010293, 
2.690910816192627, -2.2444639205932617, 0.8206028503419025, 1791227508943083386, 
2.697148323059082, -2.2375130653381348, 0.8598976045468092, 1791227508992984301, 
2.70554780960083, -2.2275850772857666, 0.9129133173434316, 1791227509060567120, 
2.7094523906707764, -2.222595691680908, 0.9397727863710625, 1791227509094126484, 
2.716083526611328, -2.213383197784424, 0.9857843352658946, 1791227509153295390, 
2.720705032348633, -2.2061822414398193, 1.0246272928427917, 1791227509203103859, 
2.725950241088867, -2.1979687213897705, 1.0620098966850002, 1791227509250199213, 
2.7308053970336914, -2.1891610622406006, 1.1015185919703774, 1791227509300233353, 
2.7345876693725586, -2.1816952228546143, 1.1348039512637966, 1791227509342732837, 
2.7384796142578125, -2.1731948852539062, 1.1714017974688398, 1791227509393416158, 
2.7422688007354736, -2.1642379760742188, 1.2098154024062786, 1791227509443088760, 
2.745407819747925, -2.1555004119873047, 1.2474115691922938, 1791227509491174358, 
2.749277353286743, -2.144446849822998, 1.299118261548442, 1791227509553593793, 
2.751647710800171, -2.135067939758301, 1.3383741160515854, 1791227509603451637, 
2.7539031505584717, -2.126218795776367, 1.377473488193328, 1791227509651036123, 
2.7556402683258057, -2.1167261600494385, 1.4178494578010223, 1791227509700844280, 
2.7568976879119873, -2.1086924076080322, 1.4521792734061372, 1791227509742999783, 
2.757894277572632, -2.0990548133850098, 1.4916331142572257, 1791227509793061864, 
2.7587640285491943, -2.086782932281494, 1.5463920123836035, 1791227509861530197, 
2.758789300918579, -2.078125, 1.5804254252527223, 1791227509904465099, 
2.758699893951416, -2.068052053451538, 1.6209292102510573, 1791227509954001585, 
2.7581162452697754, -2.0583205223083496, 1.6602399543898951, 1791227510005134717, 
2.7570340633392334, -2.0493710041046143, 1.6986444469592057, 1791227510053035381, 
2.7557153701782227, -2.03979754447937, 1.7374665150856676, 1791227510103024074, 
2.754103899002075, -2.0317091941833496, 1.7685535867662845, 1791227510143018228, 
2.7523417472839355, -2.0225281715393066, 1.8099663472540615, 1791227510193288375, 
2.748765468597412, -2.0092742443084717, 1.8673371657960571, 1791227510262921379, 
2.7465884685516357, -2.001765489578247, 1.9003224156671148, 1791227510303018059, 
2.7431843280792236, -1.9924002885818481, 1.9406396069425405, 1791227510353102293, 
2.7396433353424072, -1.9829001426696777, 1.9812530686142282, 1791227510403020231, 
2.735548257827759, -1.9740610122680664, 2.021534977530465, 1791227510453021515, 
2.7313621044158936, -1.965404748916626, 2.0606480017069937, 1791227510502995929, 
2.727590560913086, -1.9586732387542725, 2.0919282558790244, 1791227510543106122, 
2.7229197025299072, -1.9502760171890259, 2.132041880262546, 1791227510593342502, 
2.7150721549987793, -1.9386364221572876, 2.1869357685656343, 1791227510663172836, 
2.7104580402374268, -1.931905746459961, 2.2183232122299277, 1791227510703434942, 
2.7044155597686768, -1.9241321086883545, 2.2582775233128163, 1791227510753991289, 
2.6980040073394775, -1.9164460897445679, 2.2982559651180363, 1791227510803039391, 
2.6915581226348877, -1.9093512296676636, 2.337172448933239, 1791227510853075583, 
2.684462308883667, -1.9021942615509033, 2.376940230038905, 1791227510903040898, 
2.6787021160125732, -1.8966087102890015, 2.409096211885673, 1791227510943188746, 
2.67154860496521, -1.8901031017303467, 2.449490560098443, 1791227510994336517, 
2.6605589389801025, -1.8814847469329834, 2.504676095887156, 1791227511062995727, 
2.6541082859039307, -1.8766642808914185, 2.537391404465938, 1791227511103053394, 
2.645862579345703, -1.8710006475448608, 2.577313954298258, 1791227511153124126, 
2.637371063232422, -1.8656976222991943, 2.618253732990041, 1791227511203040049, 
2.6284942626953125, -1.8606832027435303, 2.656733618109602, 1791227511253041504, 
2.619316816329956, -1.8560247421264648, 2.696544105472766, 1791227511302992005, 
2.612370729446411, -1.8525317907333374, 2.7293226534371207, 1791227511343120618, 
2.603287935256958, -1.8488844633102417, 2.7682953398239603, 1791227511393381701, 
2.594075918197632, -1.845258116722107, 2.8070927073499625, 1791227511443308543, 
2.5830750465393066, -1.8417502641677856, 2.853119401216737, 1791227511503579306, 
2.5733134746551514, -1.8389023542404175, 2.89265036162863, 1791227511553022662, 
2.563558578491211, -1.836470127105713, 2.9330434879863647, 1791227511603057320, 
2.553957223892212, -1.8344841003417969, 2.972628593643785, 1791227511653041240, 
2.5440423488616943, -1.8329213857650757, 3.0125346138007503, 1791227511703060548, 
2.536539077758789, -1.8318277597427368, 3.045290486773676, 1791227511744006545, 
2.5265915393829346, -1.8312450647354126, 3.0831868714596475, 1791227511792867971, 
2.5169107913970947, -1.8306909799575806, 3.124048231446164, 1791227511842901172, 
2.5050244331359863, -1.83059561252594, -3.109530685217461, 1791227511904034456, 
2.4953062534332275, -1.8309515714645386, -3.0687138999341825, 1791227511953038801, 
2.485159158706665, -1.8317621946334839, -3.029005550168601, 1791227512003001056, 
2.475620746612549, -1.8329601287841797, -2.988869200213024, 1791227512053047828, 
2.465691089630127, -1.8345098495483398, -2.9492993288839284, 1791227512103192424, 
2.458278179168701, -1.8360581398010254, -2.9180684219480146, 1791227512143191618, 
2.4493699073791504, -1.8382370471954346, -2.8798043798862714, 1791227512193421610, 
2.4397878646850586, -1.8410292863845825, -2.8410301533876727, 1791227512242986914, 
2.4305193424224854, -1.8439199924468994, -2.8016250153717173, 1791227512292989875, 
2.419609785079956, -1.8480372428894043, -2.7530253114828995, 1791227512353006182, 
2.4107375144958496, -1.8515979051589966, -2.7130598243460593, 1791227512403055157, 
2.402026653289795, -1.8558248281478882, -2.6726718298906786, 1791227512453045853, 
2.3931338787078857, -1.860251545906067, -2.6322149653509737, 1791227512503032660, 
2.3864378929138184, -1.8640851974487305, -2.600715681614143, 1791227512543009057, 
2.377977132797241, -1.8690507411956787, -2.559618522445692, 1791227512593614985, 
2.3704185485839844, -1.8741534948349, -2.5204225885337745, 1791227512643449831, 
2.3606948852539062, -1.8811982870101929, -2.471317356206987, 1791227512703175674, 
2.353188991546631, -1.8873324394226074, -2.4300973221319593, 1791227512753045149, 
2.346132516860962, -1.8934189081192017, -2.390624571884214, 1791227512803014547, 
2.3389229774475098, -1.9005134105682373, -2.3506228833443665, 1791227512853045094, 
2.3322947025299072, -1.9072588682174683, -2.3104515248090722, 1791227512903045366, 
2.3268983364105225, -1.9132649898529053, -2.279757581307101, 1791227512943041258, 
2.320723533630371, -1.9205371141433716, -2.2393148003956065, 1791227512993423555, 
2.314574718475342, -1.9285880327224731, -2.2001837975998875, 1791227513043226942, 
2.307698965072632, -1.9380460977554321, -2.1524214796540533, 1791227513102825387, 
2.302455186843872, -1.9460519552230835, -2.113714137133288, 1791227513153003941, 
2.297779083251953, -1.954100251197815, -2.073194255610887, 1791227513203196311, 
2.2931177616119385, -1.9626537561416626, -2.032937663130093, 1791227513253020164, 
2.289325714111328, -1.9706484079360962, -1.9962394754083246, 1791227513299021942, 
2.285626173019409, -1.978564977645874, -1.9608924357157242, 1791227513343073974, 
2.28196382522583, -1.9877798557281494, -1.9202212996031214, 1791227513393024131, 
2.2774693965911865, -2.0003340244293213, -1.8668499057401111, 1791227513459620351, 
2.2755706310272217, -2.006791353225708, -1.8397589649159742, 1791227513494157492, 
2.272578239440918, -2.0179598331451416, -1.7927657322638968, 1791227513553078646, 
2.2708311080932617, -2.0272083282470703, -1.7544668458320911, 1791227513603017144, 
2.2688612937927246, -2.037128448486328, -1.7139214573974684, 1791227513654235496, 
2.2679240703582764, -2.045949697494507, -1.6781064564877253, 1791227513700025871, 
2.267090082168579, -2.0543181896209717, -1.6434049973141795, 1791227513743034592, 
2.26653790473938, -2.064047336578369, -1.60540077051947, 1791227513793157486, 
2.2661290168762207, -2.077336072921753, -1.5513853859794833, 1791227513859843158, 
2.266383171081543, -2.08370304107666, -1.5278920929778699, 1791227513890264465, 
2.2671022415161133, -2.096339702606201, -1.478814322434206, 1791227513953053167, 
2.2681033611297607, -2.1058876514434814, -1.4383045480007077, 1791227514003280434, 
2.2693099975585938, -2.1146085262298584, -1.399372837505323, 1791227514051282712, 
2.271036148071289, -2.1242799758911133, -1.3590793651588178, 1791227514101314866, 
2.272698163986206, -2.132404088973999, -1.3240685521414823, 1791227514143491771, 
2.2750654220581055, -2.1416592597961426, -1.2836737231250543, 1791227514193627774, 
2.2779128551483154, -2.150832176208496, -1.243258200203903, 1791227514242687180, 
2.2817983627319336, -2.162172794342041, -1.1960897871771163, 1791227514303136257, 
2.2855467796325684, -2.1708171367645264, -1.1576963627779076, 1791227514352834291, 
2.289410352706909, -2.1796717643737793, -1.116431711410761, 1791227514404472568, 
2.293504238128662, -2.1877503395080566, -1.0775237762303282, 1791227514452154425, 
2.2980499267578125, -2.1960866451263428, -1.037573798623974, 1791227514502131002, 
2.302093267440796, -2.2025980949401855, -1.00469223091881, 1791227514544078842, 
2.3071537017822266, -2.210603952407837, -0.9656412494599005, 1791227514593958247, 
2.314760684967041, -2.221322536468506, -0.9122975648470747, 1791227514662585699, 
2.3195440769195557, -2.2276151180267334, -0.878530010348061, 1791227514704360047, 
2.325711488723755, -2.2347512245178223, -0.8388216851221438, 1791227514754016697, 
2.3323211669921875, -2.2420005798339844, -0.7989499841117701, 1791227514803176103, 
2.3392772674560547, -2.248955726623535, -0.7584783228024107, 1791227514853024520, 
2.3464536666870117, -2.2558021545410156, -0.716902420853763, 1791227514903050412, 
2.3525567054748535, -2.2610960006713867, -0.6847690387410257, 1791227514943140444, 
2.3602359294891357, -2.267448902130127, -0.6442974917815261, 1791227514994461363, 
2.371328592300415, -2.27533221244812, -0.5891099048822606, 1791227515062710835, 
2.3780689239501953, -2.2798588275909424, -0.5567572329044855, 1791227515103042572, 
2.386306047439575, -2.2847349643707275, -0.5167075257889812, 1791227515153089275, 
2.3949406147003174, -2.2897539138793945, -0.47656810450991594, 1791227515203049762, 
2.4037868976593018, -2.294013738632202, -0.43803914293042945, 1791227515253055248, 
2.4123339653015137, -2.2980387210845947, -0.39799666615447316, 1791227515302990545, 
2.4195613861083984, -2.3010785579681396, -0.36621979789710785, 1791227515343130177, 
2.429206371307373, -2.304619073867798, -0.3255772257023651, 1791227515393997856, 
2.4386579990386963, -2.3077807426452637, -0.2863188377526498, 1791227515442735389, 
2.4497969150543213, -2.310713768005371, -0.239145466703768, 1791227515503548129, 
2.4587173461914062, -2.3132762908935547, -0.1971031269238305, 1791227515554027157, 
2.4679696559906006, -2.3148608207702637, -0.15864557909195764, 1791227515603039140, 
2.4777543544769287, -2.3165459632873535, -0.11835856715493091, 1791227515653050618, 
2.4879682064056396, -2.3175461292266846, -0.07756806655176086, 1791227515703055599, 
2.495891809463501, -2.318319082260132, -0.04539538312578323, 1791227515743142452, 
2.506004571914673, -2.318732261657715, -0.005361825273695907, 1791227515792738084, 
2.5154926776885986, -2.318769931793213, 0.03409594886040735, 1791227515843108782, 
2.5273797512054443, -2.318105697631836, 0.08139135835258973, 1791227515903044716, 
2.536999225616455, -2.317466974258423, 0.1218684092916871, 1791227515953286978, 
2.546943187713623, -2.315913677215576, 0.15918841557074168, 1791227516003077356, 
2.5568227767944336, -2.314460039138794, 0.19895253771723928, 1791227516053042487, 
2.566420793533325, -2.312314748764038, 0.23709101108224676, 1791227516103054125, 
2.573988676071167, -2.3105313777923584, 0.26934275319397527, 1791227516143157203, 
2.5830578804016113, -2.3081307411193848, 0.3101175112992961, 1791227516193529761, 
2.592571496963501, -2.304884672164917, 0.3505345413849571, 1791227516243391471, 
2.6019463539123535, -2.3015530109405518, 0.3897986232176248, 1791227516293468383, 
2.6134047508239746, -2.296640634536743, 0.4378059615887151, 1791227516353031457, 
2.622305393218994, -2.292527914047241, 0.4768167401872912, 1791227516403177676, 
2.631166458129883, -2.2877249717712402, 0.5154460864947656, 1791227516453025651, 
2.639928102493286, -2.2826991081237793, 0.5559554706871602, 1791227516503039822, 
2.6467621326446533, -2.2787227630615234, 0.5917115159809209, 1791227516545196866, 
2.654752492904663, -2.2733728885650635, 0.6318362091203167, 1791227516593441009, 
2.662369728088379, -2.2674641609191895, 0.6708412483453156, 1791227516643528553, 
2.6719486713409424, -2.260066270828247, 0.7200289843000345, 1791227516705112114, 
2.6790356636047363, -2.2533979415893555, 0.7570433699941099, 1791227516753136006, 
2.6863291263580322, -2.2469711303710938, 0.7980971785261793, 1791227516804031961, 
2.6928250789642334, -2.2398359775543213, 0.8343933578390945, 1791227516853059512, 
2.6992130279541016, -2.232928514480591, 0.8743834426407859, 1791227516904035647, 
2.704113245010376, -2.226984739303589, 0.9059606364364404, 1791227516943155707, 
2.7100865840911865, -2.2195565700531006, 0.9462563849036116, 1791227516993074006, 
2.715717315673828, -2.2114920616149902, 0.9858908105293346, 1791227517042667625, 
2.721892833709717, -2.2019615173339844, 1.0311584904820832, 1791227517103208329, 
2.7267727851867676, -2.1938207149505615, 1.0738149946108648, 1791227517153263999, 
2.7314109802246094, -2.1851205825805664, 1.1159840347725678, 1791227517203059306, 
2.7356209754943848, -2.176356315612793, 1.1562811426768105, 1791227517253029921, 
2.7392265796661377, -2.167818069458008, 1.1950709645211282, 1791227517303058645, 
2.74198579788208, -2.1607611179351807, 1.22610645249054, 1791227517343139911, 
2.7451224327087402, -2.1516032218933105, 1.265326816436617, 1791227517393031458, 
2.747966766357422, -2.142589807510376, 1.3054158136909575, 1791227517443019899, 
2.7504329681396484, -2.1332783699035645, 1.3455676309272415, 1791227517493133841, 
2.752824306488037, -2.1220221519470215, 1.3919534920421492, 1791227517553609324, 
2.7544989585876465, -2.112861156463623, 1.4315793939462265, 1791227517603057096, 
2.7557809352874756, -2.103351354598999, 1.470369034999671, 1791227517653033944, 
2.756746530532837, -2.0937461853027344, 1.5117434007530082, 1791227517705032528, 
2.757146120071411, -2.086484909057617, 1.542332373510906, 1791227517743207972, 
2.7571587562561035, -2.0766565799713135, 1.5810991045144596, 1791227517793019985, 
2.7569894790649414, -2.062940835952759, 1.6351454479522844, 1791227517858946405, 
2.756545066833496, -2.056403160095215, 1.6621243213875956, 1791227517893187968, 
2.7554352283477783, -2.044748544692993, 1.7107332920664402, 1791227517953035595, 
2.753915548324585, -2.0354537963867188, 1.7507384308030265, 1791227518003108253, 
2.75215220451355, -2.0255749225616455, 1.791795787812034, 1791227518054075098, 
2.749828338623047, -2.0167958736419678, 1.8277518621958375, 1791227518100098057, 
2.747706651687622, -2.008859395980835, 1.862382979834745, 1791227518143279769, 
2.744748115539551, -1.999329924583435, 1.9015900813976279, 1791227518193130815, 
2.740469217300415, -1.9870638847351074, 1.9558761992448876, 1791227518260468954, 
2.7378907203674316, -1.9806857109069824, 1.9822469757435177, 1791227518293959684, 
2.7330915927886963, -1.9703269004821777, 2.0293480866865656, 1791227518353262345, 
2.728745222091675, -1.961775541305542, 2.068160557601287, 1791227518403032358, 
2.7240238189697266, -1.9530593156814575, 2.1096381672222955, 1791227518455059739, 
2.7192740440368652, -1.9453140497207642, 2.145488495312001, 1791227518500209412, 
2.714397668838501, -1.9385830163955688, 2.177544044397765, 1791227518543598999, 
2.708658456802368, -1.9302443265914917, 2.218013362334931, 1791227518593028448, 
2.7026047706604004, -1.922426700592041, 2.2589387224846065, 1791227518642829855, 
2.696693181991577, -1.9150985479354858, 2.2979929332017623, 1791227518690204051, 
2.6881301403045654, -1.9058772325515747, 2.3483181658308574, 1791227518753398855, 
2.6812267303466797, -1.8987202644348145, 2.389004726429153, 1791227518804074944, 
2.6740481853485107, -1.892354965209961, 2.426510628599493, 1791227518851145820, 
2.667003631591797, -1.8860453367233276, 2.4671772806867125, 1791227518901326805, 
2.6604270935058594, -1.8811213970184326, 2.4995261766336334, 1791227518943364947, 
2.6524033546447754, -1.8752864599227905, 2.540360061800958, 1791227518994048421, 
2.6413753032684326, -1.8679537773132324, 2.594453643564834, 1791227519061813935, 
2.636272668838501, -1.8648968935012817, 2.6182198666520797, 1791227519091706419, 
2.6256420612335205, -1.8585624694824219, 2.668480771909917, 1791227519155294734, 
2.615975856781006, -1.8542144298553467, 2.706978151350865, 1791227519205218775, 
2.6077427864074707, -1.8506314754486084, 2.7447617409161027, 1791227519252066990, 
2.5985910892486572, -1.8468254804611206, 2.7853889550863506, 1791227519302016805, 
2.59112811088562, -1.8441702127456665, 2.8175606860617455, 1791227519343041368, 
2.581650733947754, -1.841041088104248, 2.8584127302530074, 1791227519394107573, 
2.5682990550994873, -1.837471842765808, 2.9134304964165745, 1791227519463561051, 
2.560591697692871, -1.8356709480285645, 2.946527708436254, 1791227519503567055, 
2.550391674041748, -1.8336682319641113, 2.987191190995186, 1791227519554049843, 
2.5405752658843994, -1.8323101997375488, 3.0273075127236657, 1791227519603064569, 
2.5308432579040527, -1.8311620950698853, 3.0668308667978312, 1791227519653063125, 
2.521127939224243, -1.8305765390396118, 3.1066324726165706, 1791227519703065504, 
2.513289213180542, -1.8302159309387207, 3.138797044572775, 1791227519743018707, 
2.503312826156616, -1.8302280902862549, -3.1038780158385637, 1791227519794050843, 
2.4893815517425537, -1.831123948097229, -3.04994251261169, 1791227519862742253, 
2.4813194274902344, -1.8320679664611816, -3.0194242052078435, 1791227519903239406, 
2.471489667892456, -1.8332040309906006, -2.9794323408720893, 1791227519954088299, 
2.4618585109710693, -1.8349698781967163, -2.9398629739617923, 1791227520003023881, 
2.451887369155884, -1.836838722229004, -2.8998906714627233, 1791227520053067867, 
2.4422967433929443, -1.8394889831542969, -2.8607708997395096, 1791227520104088708, 
2.4349710941314697, -1.8415873050689697, -2.8282146770600525, 1791227520143020109, 
2.4254543781280518, -1.844670295715332, -2.788159335068753, 1791227520194050773, 
2.412332773208618, -1.8496615886688232, -2.7315583360328524, 1791227520264616798, 
2.407149076461792, -1.8520969152450562, -2.708373950964943, 1791227520293077241, 
2.396911859512329, -1.857186198234558, -2.6599988779364496, 1791227520353062048, 
2.388278007507324, -1.861825704574585, -2.619486700900557, 1791227520403070033, 
2.3798885345458984, -1.866678237915039, -2.579361867415051, 1791227520453037873, 
2.371645212173462, -1.8718385696411133, -2.539436715377252, 1791227520504072464, 
2.3652687072753906, -1.8763192892074585, -2.5075292957604587, 1791227520544033823, 
2.3575186729431152, -1.8820222616195679, -2.4697256280370365, 1791227520593101071, 
2.3468644618988037, -1.8910521268844604, -2.415118362196815, 1791227520663388069, 
2.341311454772949, -1.895810842514038, -2.3823701732234976, 1791227520704525399, 
2.3345484733581543, -1.902603268623352, -2.3428904212268966, 1791227520753625294, 
2.327798843383789, -1.909377932548523, -2.302350229782598, 1791227520803068756, 
2.3214519023895264, -1.9169389009475708, -2.2640442753618, 1791227520853071055, 
2.3151450157165527, -1.924289345741272, -2.2226821707219506, 1791227520904023820, 
2.3104140758514404, -1.9308139085769653, -2.1907904141059804, 1791227520944056616, 
2.3044984340667725, -1.9390238523483276, -2.1508231047512854, 1791227520993104514, 
2.2972850799560547, -1.9503685235977173, -2.0940555972325887, 1791227521063951274, 
2.293369770050049, -1.9570486545562744, -2.061489476851307, 1791227521104407390, 
2.2888498306274414, -1.9657280445098877, -2.02104486052446, 1791227521153171925, 
2.284754991531372, -1.9743527173995972, -1.9809652286870862, 1791227521203085221, 
2.28092622756958, -1.9833743572235107, -1.9417453311278892, 1791227521253068365, 
2.2773690223693848, -1.9929107427597046, -1.9028689645393477, 1791227521304062062, 
2.2748539447784424, -2.0006120204925537, -1.8722120913719218, 1791227521344022485, 
2.272141933441162, -2.0099992752075195, -1.8335630123828834, 1791227521393126075, 
2.269731283187866, -2.0192298889160156, -1.7930663031824723, 1791227521443566521, 
2.267908811569214, -2.0282533168792725, -1.752866147844358, 1791227521493321465, 
2.2657840251922607, -2.040051221847534, -1.7052999992199473, 1791227521553516589, 
2.264724016189575, -2.0493650436401367, -1.666277562326782, 1791227521603030204, 
2.263841152191162, -2.0593340396881104, -1.6256833457293411, 1791227521653071296, 
2.2634854316711426, -2.069307327270508, -1.586208936125678, 1791227521703069674, 
2.263345241546631, -2.077190637588501, -1.55471818905788, 1791227521743020616, 
2.2636070251464844, -2.087407112121582, -1.5137461149067037, 1791227521793117847, 
2.2644386291503906, -2.1016345024108887, -1.4553206246862078, 1791227521864337777, 
2.265245199203491, -2.107586622238159, -1.4322664316595939, 1791227521892983111, 
2.266794204711914, -2.1185598373413086, -1.3835013136633598, 1791227521953082979, 
2.2688546180725098, -2.1280274391174316, -1.3448741122596557, 1791227522003076234, 
2.2709503173828125, -2.1376521587371826, -1.3037847296898322, 1791227522053093141, 
2.2736141681671143, -2.1471848487854004, -1.2611551223667432, 1791227522105046191, 
2.275938034057617, -2.154268264770508, -1.230987175252886, 1791227522144075154, 
2.279576301574707, -2.16345477104187, -1.1938009476402034, 1791227522193351366, 
2.2844574451446533, -2.1755218505859375, -1.1379293089616342, 1791227522264646081, 
2.2878332138061523, -2.182361364364624, -1.1071337449502934, 1791227522304186400, 
2.2921578884124756, -2.1909313201904297, -1.0671715594879019, 1791227522353067843, 
2.2969143390655518, -2.1990978717803955, -1.0280568590800634, 1791227522403060955, 
2.3018851280212402, -2.2072765827178955, -0.985437977715791, 1791227522454076582, 
2.3065922260284424, -2.21443247795105, -0.9491642383638771, 1791227522499043823, 
2.311692237854004, -2.221428632736206, -0.9136749654721819, 1791227522544022908, 
2.3174848556518555, -2.229052782058716, -0.874237364831212, 1791227522593521927, 
2.3257856369018555, -2.2386505603790283, -0.8206352341785761, 1791227522660610402, 
2.3316879272460938, -2.24511456489563, -0.7855787412563415, 1791227522704036564, 
2.338716506958008, -2.251555919647217, -0.7478383585906695, 1791227522753319987, 
2.346111536026001, -2.258314609527588, -0.7070061877184167, 1791227522803054386, 
2.353605031967163, -2.264848470687866, -0.6635803626836793, 1791227522854047328, 
2.3605501651763916, -2.270268678665161, -0.6281839763848485, 1791227522900141971, 
2.3675694465637207, -2.2751832008361816, -0.5953321676362848, 1791227522944046004, 
2.375713586807251, -2.280683994293213, -0.5570091641784629, 1791227522993321945, 
2.3842406272888184, -2.2856550216674805, -0.5173901674482272, 1791227523043589531, 
2.3928616046905518, -2.2908360958099365, -0.47537405654054954, 1791227523094686195, 
2.403367519378662, -2.295609474182129, -0.43049184753986947, 1791227523152678027, 
2.4120397567749023, -2.299694776535034, -0.39024354408132095, 1791227523203239076, 
2.4210031032562256, -2.303311586380005, -0.34994854699139744, 1791227523251390390, 
2.430304527282715, -2.306776762008667, -0.309120616843587, 1791227523300696341, 
2.4388537406921387, -2.3095407485961914, -0.2747128290022462, 1791227523344138840, 
2.4485023021698, -2.3119380474090576, -0.23594166663295274, 1791227523393021882, 
2.460860252380371, -2.3148193359375, -0.1802711270413137, 1791227523461116468, 
2.466266632080078, -2.315791130065918, -0.15532943344401665, 1791227523491394765, 
2.477884292602539, -2.3174140453338623, -0.1076099740551897, 1791227523553480528, 
2.4878692626953125, -2.318481683731079, -0.06633371180119203, 1791227523604600374, 
2.497455596923828, -2.3190228939056396, -0.028386235069164434, 1791227523652072657, 
2.5071985721588135, -2.31919002532959, 0.010290022280485962, 1791227523702152027, 
2.5150258541107178, -2.3192343711853027, 0.04370472293762673, 1791227523744189264, 
2.5250608921051025, -2.3186264038085938, 0.0838822780284976, 1791227523794154999, 
2.5346860885620117, -2.317891836166382, 0.12385413001403915, 1791227523845357975, 
2.546659469604492, -2.3161842823028564, 0.17159598268338133, 1791227523905553280, 
2.556485891342163, -2.314657211303711, 0.21191832811947206, 1791227523955071974, 
2.5666306018829346, -2.312230110168457, 0.2518733190796086, 1791227524006064978, 
2.5759830474853516, -2.3095998764038086, 0.2889383515581746, 1791227524053081965, 
2.58512806892395, -2.306894302368164, 0.3297035082288771, 1791227524103161762, 
2.593144178390503, -2.304175853729248, 0.36269570008960234, 1791227524144440357, 
2.602479934692383, -2.300534725189209, 0.40327329315475724, 1791227524195301834, 
2.611832857131958, -2.2966010570526123, 0.4433012499198516, 1791227524243541965, 
2.622281074523926, -2.2913007736206055, 0.4897884240101013, 1791227524304414430, 
2.631107807159424, -2.2866618633270264, 0.5296438671246497, 1791227524354513734, 
2.639763832092285, -2.281430721282959, 0.5689357849871383, 1791227524404164042, 
2.647752523422241, -2.276193141937256, 0.6082515630498831, 1791227524454223025, 
2.655935049057007, -2.2703421115875244, 0.6464462385273938, 1791227524504215838, 
2.6614904403686523, -2.2659242153167725, 0.6781673700690066, 1791227524544171681, 
2.6721858978271484, -2.257112741470337, 0.7348875612073577, 1791227524614434131, 
2.6765828132629395, -2.2532958984375, 0.7592163654302015, 1791227524644242408, 
2.683810234069824, -2.2465274333953857, 0.7982784871305147, 1791227524694101848, 
2.691826581954956, -2.237903356552124, 0.8462421818829893, 1791227524754291361, 
2.6982247829437256, -2.230949878692627, 0.8855537796733203, 1791227524804188024, 
2.704197883605957, -2.223234176635742, 0.9252206344049612, 1791227524854104534, 
2.7103893756866455, -2.215444564819336, 0.9672908921370004, 1791227524904074328, 
2.7144787311553955, -2.208977699279785, 0.9989876725409984, 1791227524944090737, 
2.7199697494506836, -2.200813055038452, 1.0394455956992452, 1791227524995078767, 
2.7243309020996094, -2.1931896209716797, 1.0782931361297032, 1791227525044183698, 
2.7292981147766113, -2.1839497089385986, 1.1181952551829868, 1791227525093942410, 
2.73453950881958, -2.1730778217315674, 1.1659606737186956, 1791227525154355033, 
2.7379724979400635, -2.164872646331787, 1.205030044344885, 1791227525204138245, 
2.741157054901123, -2.1560826301574707, 1.2436308101487574, 1791227525254125781, 
2.744396686553955, -2.1469054222106934, 1.2832333889032306, 1791227525304210834, 
2.746375322341919, -2.139586925506592, 1.3141029888977729, 1791227525344154106, 
2.748645067214966, -2.1306002140045166, 1.3547470226274307, 1791227525394415132, 
2.750602960586548, -2.121079683303833, 1.393993363767514, 1791227525442673765, 
2.7525625228881836, -2.1094236373901367, 1.4419819354858483, 1791227525503869117, 
2.7536497116088867, -2.0998542308807373, 1.4809868017742693, 1791227525552803088, 
2.7544851303100586, -2.090270757675171, 1.5218934826398183, 1791227525603070316, 
2.754849433898926, -2.081084966659546, 1.56193286777709, 1791227525653098910, 
2.7549519538879395, -2.071183204650879, 1.6033523490078174, 1791227525704081246, 
2.7547523975372314, -2.0629305839538574, 1.636765561536071, 1791227525745038476, 
2.753732681274414, -2.05293345451355, 1.674805703883719, 1791227525793049275, 
2.7527689933776855, -2.0431342124938965, 1.7149826516687652, 1791227525843722570, 
2.7510368824005127, -2.0338189601898193, 1.7528532202589577, 1791227525893191705, 
2.749044895172119, -2.022595167160034, 1.7997577117103607, 1791227525953161617, 
2.746654748916626, -2.0131711959838867, 1.8408713362657916, 1791227526004088868, 
2.744049549102783, -2.0039141178131104, 1.8807053742439162, 1791227526054062286, 
2.7408223152160645, -1.9946491718292236, 1.9202931067333746, 1791227526104127888, 
2.73824405670166, -1.9872370958328247, 1.9532362328187318, 1791227526144084868, 
2.734405040740967, -1.9781306982040405, 1.9909788116784153, 1791227526194050463, 
2.730187177658081, -1.9688496589660645, 2.031375568629911, 1791227526244327933, 
2.725769519805908, -1.9602556228637695, 2.070975948908803, 1791227526294253789, 
2.7201192378997803, -1.950079321861267, 2.119271867361678, 1791227526354609285, 
2.7147581577301025, -1.9416327476501465, 2.1598347181542934, 1791227526404061453, 
2.7093636989593506, -1.9334485530853271, 2.200603587590251, 1791227526454093281, 
2.703172445297241, -1.9252276420593262, 2.2401089342363676, 1791227526504058911, 
2.698174238204956, -1.9189659357070923, 2.272949889127802, 1791227526544035908, 
2.6916990280151367, -1.9113589525222778, 2.311696538477047, 1791227526594097619, 
2.684943914413452, -1.9042332172393799, 2.352046444757683, 1791227526643876990, 
2.6778922080993652, -1.8969907760620117, 2.3918922205299573, 1791227526694484181, 
2.6688950061798096, -1.8891007900238037, 2.438147055263886, 1791227526754117243, 
2.6616427898406982, -1.8827861547470093, 2.4772383717495274, 1791227526804090059, 
2.654073476791382, -1.8771305084228516, 2.516183688834143, 1791227526854059355, 
2.646101713180542, -1.8712186813354492, 2.5567572392801807, 1791227526905090589, 
2.639329671859741, -1.867053747177124, 2.587257417224011, 1791227526944068699, 
2.6309304237365723, -1.8618724346160889, 2.6270036895079087, 1791227526994161415, 
2.6222329139709473, -1.8570876121520996, 2.6683762888194287, 1791227527044058557, 
2.613020420074463, -1.8523603677749634, 2.7094750353547092, 1791227527094074031, 
2.6017367839813232, -1.8475546836853027, 2.756658785623613, 1791227527154046833, 
2.5927414894104004, -1.843926191329956, 2.7971942532497107, 1791227527204127072, 
2.583693265914917, -1.8409143686294556, 2.8383209870331427, 1791227527254214003, 
2.5747439861297607, -1.838069200515747, 2.8755941857418006, 1791227527300150802, 
2.566767930984497, -1.8359651565551758, 2.9098186615556485, 1791227527344096598, 
2.5571258068084717, -1.8338234424591064, 2.949326523930599, 1791227527394447602, 
2.5442681312561035, -1.831358551979065, 3.00214075404089, 1791227527459909776, 
2.5354785919189453, -1.8301998376846313, 3.0370550117226145, 1791227527504079139, 
2.5256893634796143, -1.8290603160858154, 3.077280279423173, 1791227527553863385, 
2.515686511993408, -1.828747034072876, 3.1143994338429586, 1791227527604437734, 
2.505990743637085, -1.8284718990325928, -3.1292939196372807, 1791227527655301036, 
2.4969496726989746, -1.8286455869674683, -3.0915479637436314, 1791227527701336420, 
2.488224506378174, -1.829246997833252, -3.057651988891944, 1791227527744171583, 
2.478549003601074, -1.8300411701202393, -3.016677850983552, 1791227527794196517, 
2.4685771465301514, -1.8314012289047241, -2.9768247370447907, 1791227527844236039, 
2.456810712814331, -1.8334378004074097, -2.928708542066523, 1791227527904236375, 
2.4466588497161865, -1.8356635570526123, -2.887601110725349, 1791227527954167640, 
2.4372787475585938, -1.8384042978286743, -2.848802807523691, 1791227528003193437, 
2.4282450675964355, -1.8409429788589478, -2.8098952363995218, 1791227528051979738, 
2.4191668033599854, -1.8443068265914917, -2.7697353368161397, 1791227528102490124, 
2.411503553390503, -1.8472687005996704, -2.736512387113816, 1791227528144522036, 
2.402432680130005, -1.8512985706329346, -2.6960726248828135, 1791227528194135428, 
2.394446849822998, -1.855299472808838, -2.656202718765947, 1791227528244559639, 
2.386305809020996, -1.8598735332489014, -2.6199169903859545, 1791227528292283986, 
2.3756749629974365, -1.866104006767273, -2.5696575747943267, 1791227528354296944, 
2.367527723312378, -1.871618390083313, -2.53034327669491, 1791227528404094542, 
2.3598904609680176, -1.8769490718841553, -2.492091188936866, 1791227528453091490, 
2.3524913787841797, -1.8826364278793335, -2.4537554942546014, 1791227528502076964, 
2.3459384441375732, -1.8881171941757202, -2.419251798972143, 1791227528545069912, 
2.338632345199585, -1.8945690393447876, -2.379277084690367, 1791227528595147855, 
2.3316421508789062, -1.901379942893982, -2.339410061347509, 1791227528646430411, 
2.3234965801239014, -1.9100306034088135, -2.2921609455724705, 1791227528705477352, 
2.3173418045043945, -1.9173015356063843, -2.2531173542692122, 1791227528753959120, 
2.311220407485962, -1.924687147140503, -2.213253869564588, 1791227528804045954, 
2.305264472961426, -1.9328248500823975, -2.1735358758876835, 1791227528854082961, 
2.29955792427063, -1.9409421682357788, -2.134580457846064, 1791227528904080883, 
2.2954587936401367, -1.947731375694275, -2.1040454999030467, 1791227528944048767, 
2.290721893310547, -1.9555727243423462, -2.0642454567229365, 1791227528994132466, 
2.284726619720459, -1.9675679206848145, -2.009496910131492, 1791227529064304392, 
2.2822823524475098, -1.9725666046142578, -1.9860715218369895, 1791227529094294975, 
2.2780652046203613, -1.9830470085144043, -1.93796909382971, 1791227529154061387, 
2.2743399143218994, -1.9921642541885376, -1.895554389365745, 1791227529204117104, 
2.2713284492492676, -2.001762628555298, -1.8558548664010388, 1791227529254070434, 
2.268519401550293, -2.0114941596984863, -1.8159751707169398, 1791227529304078353, 
2.2667806148529053, -2.018972396850586, -1.7835024440586245, 1791227529344068842, 
2.2647440433502197, -2.0282704830169678, -1.7415222297051824, 1791227529395182468, 
2.2633109092712402, -2.0377185344696045, -1.702930264199113, 1791227529444166835, 
2.261922597885132, -2.0494728088378906, -1.6546306210483348, 1791227529504250935, 
2.2612226009368896, -2.059262990951538, -1.612710851321794, 1791227529555109312, 
2.2609055042266846, -2.0694007873535156, -1.5711682525073718, 1791227529604079206, 
2.2609548568725586, -2.0793066024780273, -1.5308232900245942, 1791227529654098916, 
2.2615671157836914, -2.089545726776123, -1.4917288716792299, 1791227529704069690, 
2.262299060821533, -2.097653388977051, -1.4604958099638476, 1791227529744050603, 
2.2634949684143066, -2.107218027114868, -1.4206179684535925, 1791227529794181931, 
2.2648684978485107, -2.116562843322754, -1.3817787041062697, 1791227529843855823, 
2.2671725749969482, -2.1276843547821045, -1.3341270781918944, 1791227529904551988, 
2.2696096897125244, -2.1371066570281982, -1.2957077495323055, 1791227529953679844, 
2.272346019744873, -2.14644455909729, -1.2548887806403375, 1791227530004099326, 
2.275447130203247, -2.155406951904297, -1.2153946119346617, 1791227530054079846, 
2.2790775299072266, -2.1649417877197266, -1.1752302247692206, 1791227530105094645, 
2.282026767730713, -2.1719844341278076, -1.1442278674849253, 1791227530144225965, 
2.286306858062744, -2.180556297302246, -1.1045169047531516, 1791227530194398698, 
2.290463924407959, -2.189265489578247, -1.063126593990679, 1791227530244028193, 
2.295173168182373, -2.197558641433716, -1.0225552552781494, 1791227530294222489, 
2.3012020587921143, -2.207146167755127, -0.9733520803029523, 1791227530353863449, 
2.3067805767059326, -2.2150943279266357, -0.9349542175520605, 1791227530404143887, 
2.3124616146087646, -2.2227072715759277, -0.8958040081100356, 1791227530454116505, 
2.318516969680786, -2.2302567958831787, -0.8552551156244613, 1791227530505285909, 
2.323460817337036, -2.236219644546509, -0.8234118104114893, 1791227530545145948, 
2.3301596641540527, -2.2429935932159424, -0.785500220249382, 1791227530594358810, 
2.33974552154541, -2.2525134086608887, -0.73023442164331, 1791227530663883126, 
2.3441226482391357, -2.2562761306762695, -0.7066611968267276, 1791227530694145533, 
2.353443145751953, -2.263976573944092, -0.6569989651893084, 1791227530754537188, 
2.361236333847046, -2.270076036453247, -0.6167052248703749, 1791227530804104611, 
2.36920166015625, -2.275437355041504, -0.578766524580512, 1791227530854101399, 
2.377681255340576, -2.280999183654785, -0.5382783831010421, 1791227530904079554, 
2.3846089839935303, -2.284945011138916, -0.5064513778089468, 1791227530944053824, 
2.3932065963745117, -2.2898306846618652, -0.46604795425896134, 1791227530994195683, 
2.402160406112671, -2.294067144393921, -0.4255912008587199, 1791227531044296408, 
