acc_x, acc_y, angular_z, stamp, 
0.006066501140594482, 0.021104156970977783, -2.638619319939386e-12, 1791227895269661413, 
-0.003134787082672119, -0.0009140968322753906, -4.980042154751424e-11, 1791227895300954876, 
0.007518947124481201, 0.009613752365112305, -1.1327765607002656e-10, 1791227895332963070, 
-0.01070249080657959, 0.0017752647399902344, -2.4751021665605884e-10, 1791227895364089933, 
-0.021510779857635498, 0.0053095221519470215, 2.2122725501305737e-06, 1791227895391027762, 
-0.027063488960266113, -0.007829904556274414, -4.139763562201031e-10, 1791227895421325340, 
0.017908751964569092, 0.0046613216400146484, -2.2794992333496747e-10, 1791227895444897780, 
-0.02162700891494751, -0.006449759006500244, 1.6261334258469097e-06, 1791227895481538511, 
-0.01441115140914917, -0.011976659297943115, 2.0095440687979213e-06, 1791227895511192299, 
-0.012455642223358154, 0.006032466888427734, 1.979022499105292e-06, 1791227895541304756, 
-0.0319066047668457, 0.011219978332519531, -2.4453503444672083e-10, 1791227895572821471, 
0.029344797134399414, 0.0017285943031311035, -7.281254747314292e-11, 1791227895604588600, 
0.027705371379852295, -0.0104941725730896, -2.6748297681557954e-12, 1791227895631470350, 
0.00041872262954711914, -0.021863281726837158, -9.836276308488686e-11, 1791227895661573502, 
-0.006489872932434082, -0.0017228126525878906, 1.9846865676277623e-06, 1791227895691605406, 
-0.0027061104774475098, 0.018046915531158447, 1.977937636088212e-06, 1791227895721741386, 
0.03660416603088379, 0.005237758159637451, 1.9813408253641553e-06, 1791227895751825256, 
-0.01742345094680786, -0.026697516441345215, -5.365841888843792e-11, 1791227895781888401, 
-0.04446607828140259, -0.0067893266677856445, 2.068433987269888e-06, 1791227895810703072, 
0.011236965656280518, 0.028918564319610596, 1.7409127202550979e-06, 1791227895844939674, 
-0.001090705394744873, 0.015075922012329102, -2.7530172659376918e-11, 1791227895872093928, 
0.029193639755249023, -0.029919743537902832, -3.542619152153735e-11, 1791227895902337888, 
-0.0052741169929504395, -0.030116796493530273, -8.111344239555595e-11, 1791227895932151621, 
0.0004545450210571289, -0.009340226650238037, -3.836496249775254e-11, 1791227895962243007, 
0.027380287647247314, -0.005835294723510742, -5.4613531137777575e-12, 1791227895992242677, 
0.028962671756744385, -0.02194911241531372, -3.4114509849698707e-12, 1791227896022417559, 
-0.0017715692520141602, -0.014155864715576172, 1.2681623437813206e-11, 1791227896053187033, 
-0.014558553695678711, -0.01088804006576538, 4.1028121097743035e-11, 1791227896084585959, 
0.009177148342132568, 0.0021404623985290527, 3.2006917704691745e-11, 1791227896114759464, 
0.04486799240112305, 0.03239428997039795, 2.465457173644602e-11, 1791227896143308595, 
-0.002331256866455078, -0.016322433948516846, 1.9885522709923505e-06, 1791227896173282759, 
-0.036489665508270264, -0.012244582176208496, 1.6939797889407346e-11, 1791227896196053782, 
0.002953052520751953, 0.017705321311950684, 3.509553879039074e-11, 1791227896223520806, 
0.03367668390274048, -0.0036873221397399902, -2.794557889101833e-11, 1791227896253337203, 
0.019272446632385254, -0.03401988744735718, -4.521909113824854e-11, 1791227896275441475, 
-0.02767205238342285, -0.009026646614074707, 3.1499746364327206e-06, 1791227896313284961, 
-0.02011394500732422, 0.03085261583328247, -8.85027042549118e-12, 1791227896343383662, 
0.021406710147857666, 0.016084015369415283, -1.709764321766577e-11, 1791227896373402884, 
0.024904191493988037, -0.02530139684677124, -3.630741436849769e-11, 1791227896404572091, 
-0.02744126319885254, -0.03425472974777222, -3.5098793010498436e-11, 1791227896436500132, 
-0.021968841552734375, 0.010975658893585205, 3.082213347980563e-11, 1791227896463554943, 
-0.010853767395019531, 0.018680274486541748, 4.268982031734514e-11, 1791227896493490244, 
0.012305498123168945, -0.010510146617889404, 3.985946313664838e-11, 1791227896523535240, 
-0.018072783946990967, -0.031058013439178467, 6.078458615911905e-11, 1791227896553517008, 
-0.025191903114318848, 0.004932582378387451, 7.37024573935814e-11, 1791227896583581329, 
-0.01942652463912964, 0.026824116706848145, -2.051058261328751e-06, 1791227896612642273, 
0.02406597137451172, 0.004197597503662109, -1.8693599348666007e-06, 1791227896644529491, 
-0.03206896781921387, -0.012860536575317383, -1.8376117660809242e-06, 1791227896676966406, 
-0.03178805112838745, -0.01573401689529419, -2.2107051682419393e-06, 1791227896703929529, 
-0.0368274450302124, 0.01655113697052002, -2.1813334128956846e-10, 1791227896732890967, 
0.0529630184173584, 0.010456502437591553, -2.8326131566190277e-10, 1791227896763968575, 
0.040400028228759766, -0.03745400905609131, -1.9317024052112622e-10, 1791227896794070013, 
-0.03182858228683472, -0.014572501182556152, -9.96786316404833e-11, 1791227896824139805, 
-0.0046236515045166016, 0.00012409687042236328, -1.9853551461406212e-06, 1791227896854164686, 
0.022742033004760742, 0.03463500738143921, -1.960752949022098e-06, 1791227896884567694, 
0.006316006183624268, -0.023580729961395264, -2.2382658096547795e-10, 1791227896917055117, 
-0.01167762279510498, -0.014126479625701904, -1.9303915308281878e-10, 1791227896944460186, 
-0.029782354831695557, 0.009009182453155518, -1.2575721584469046e-10, 1791227896974442409, 
-0.00443112850189209, 0.01254051923751831, -1.93472853896703e-10, 1791227897004522247, 
0.04420274496078491, -6.198883056640625e-05, -1.9805216362530473e-06, 1791227897034620530, 
0.002543926239013672, -0.0004673004150390625, -2.053856262887861e-06, 1791227897063643022, 
-0.04221904277801514, 0.005544841289520264, -6.595368118952196e-11, 1791227897094907629, 
0.001055896282196045, 0.023326754570007324, -1.186390135350718e-10, 1791227897124967386, 
0.04961031675338745, -0.000299990177154541, -1.1421148585378822e-10, 1791227897157000227, 
0.03860718011856079, -0.008914470672607422, -6.891278853235009e-11, 1791227897188037991, 
-0.012635767459869385, -0.008210837841033936, -3.342428416641208e-12, 1791227897215006642, 
-0.010691404342651367, 0.006437957286834717, 0.0021773149095600905, 1791227897245037324, 
0.1932671070098877, 0.05152249336242676, 0.0032015720279620235, 1791227897275086112, 
-1.4230008125305176, 0.7464914321899414, 0.1666476788036897, 1791227897305158255, 
0.4966672658920288, -0.1804029941558838, 0.4335629920247342, 1791227897335190709, 
-0.10728347301483154, 0.2613838315010071, 0.4215413198821356, 1791227897365279068, 
-0.20387506484985352, -0.0735810399055481, 0.4065214075327231, 1791227897396853369, 
0.19988465309143066, -0.2564576268196106, 0.4068795596338433, 1791227897428589788, 
-0.20297366380691528, 0.43015629053115845, 0.4705410711451102, 1791227897455546759, 
0.1599293351173401, -0.24083155393600464, 0.4461658589063253, 1791227897485537386, 
-0.15965425968170166, -0.36924153566360474, 0.42399496789731667, 1791227897515624657, 
0.18211007118225098, 0.139562726020813, 0.4144373865565997, 1791227897544657500, 
-0.005552172660827637, 0.13263845443725586, 0.3440114127158273, 1791227897575868479, 
-0.04574012756347656, 0.021592020988464355, 0.35418843936197575, 1791227897605789742, 
-0.19487333297729492, 0.19539594650268555, 0.3858066249191134, 1791227897637052188, 
0.2110629677772522, -0.058828532695770264, 0.42173783024401584, 1791227897668614043, 
-0.06952792406082153, -0.06191897392272949, 0.4862535073704, 1791227897696071054, 
0.04280126094818115, -0.07801324129104614, 0.43357226893445067, 1791227897726076550, 
0.14135026931762695, -0.21183067560195923, 0.4130890223597735, 1791227897756250562, 
-0.009935081005096436, 0.14004027843475342, 0.38044682452184514, 1791227897786259311, 
0.04772233963012695, 0.06188172101974487, 0.3760138986544268, 1791227897816336203, 
-0.0391080379486084, 0.028850913047790527, 0.378752901682484, 1791227897846568089, 
0.005487322807312012, 0.000612795352935791, 0.40008673237492975, 1791227897876606084, 
0.04205256700515747, -0.016401708126068115, 0.3858923735349175, 1791227897908591700, 
-0.0833250880241394, -0.07817316055297852, 0.4598169644994776, 1791227897935660552, 
0.00680387020111084, -0.09027493000030518, 0.3903229367478552, 1791227897966620956, 
0.0600162148475647, 0.04394936561584473, 0.39528108348767166, 1791227897996880436, 
-0.1916213035583496, 0.17229151725769043, 0.39606299287253427, 1791227898026714005, 
0.31493043899536133, -0.11545145511627197, 0.4203515225108457, 1791227898056759694, 
-0.16916179656982422, -0.024771928787231445, 0.4228830719133082, 1791227898087064906, 
0.03208357095718384, -0.1820778250694275, 0.42135763745104227, 1791227898116949258, 
-0.1567973494529724, 0.08856213092803955, 0.33595439572165686, 1791227898149593812, 
0.015050053596496582, 0.2346366047859192, 0.3351997367148646, 1791227898178636293, 
0.34236323833465576, -0.07004636526107788, 0.4030913734967179, 1791227898207187070, 
0.0928848385810852, -0.055285096168518066, 0.44061649224213295, 1791227898237202695, 
-0.2175859808921814, 0.0216599702835083, 0.4313512700844834, 1791227898267267556, 
0.04454392194747925, -0.13024061918258667, 0.39732619866333346, 1791227898297317706, 
0.0342402458190918, 0.06839489936828613, 0.37549533326681256, 1791227898327513144, 
0.17829519510269165, -0.12319797277450562, 0.3870126802206897, 1791227898357495163, 
0.03049778938293457, 0.020734727382659912, 0.3842808104654308, 1791227898388752777, 
0.01125258207321167, 0.17617440223693848, 0.372110847928046, 1791227898420771437, 
0.09739458560943604, -0.07567179203033447, 0.4361597005716085, 1791227898447681976, 
-0.11597204208374023, -0.01082003116607666, 0.38700783903910907, 1791227898477703184, 
0.09156692028045654, -0.13650411367416382, 0.3951339815837358, 1791227898507801641, 
-0.11152702569961548, 0.15319788455963135, 0.393032912267266, 1791227898537849430, 
0.11666619777679443, -0.05156499147415161, 0.4287584583672509, 1791227898567959052, 
-0.10070395469665527, -0.033454716205596924, 0.44291158670833597, 1791227898598107343, 
-0.004660308361053467, 0.04634517431259155, 0.4183512317798646, 1791227898628778037, 
-0.01718008518218994, -0.07845377922058105, 0.3785526457158038, 1791227898662053142, 
0.2267667055130005, -0.06180459260940552, 0.4618686025107658, 1791227898688349537, 
0.10127776861190796, -0.010735929012298584, 0.3880364504180026, 1791227898718247514, 
0.05362147092819214, -0.09358316659927368, 0.38473878217394375, 1791227898748348638, 
0.0789523720741272, 0.12775379419326782, 0.3843376981649947, 1791227898778437756, 
-0.03319346904754639, -0.0016050338745117188, 0.38261570253242083, 1791227898808503176, 
-0.09791696071624756, -0.11900144815444946, 0.3617583878317704, 1791227898838577741, 
0.1530551314353943, 0.04787576198577881, 0.361794188317007, 1791227898868682730, 
-0.20440107583999634, 0.0008598566055297852, 0.3757036928003998, 1791227898900921940, 
0.013026654720306396, -0.16004341840744019, 0.4639812697953396, 1791227898928823630, 
-0.09861481189727783, 0.1940109133720398, 0.4418313750052973, 1791227898958794584, 
0.0009642243385314941, 0.09269297122955322, 0.44825599150991524, 1791227898988847834, 
0.06599581241607666, -0.23840659856796265, 0.4393757593087831, 1791227899018949056, 
0.19776636362075806, -0.10719972848892212, 0.4329161216245108, 1791227899048985728, 
-0.029199838638305664, 0.22531932592391968, 0.4314545492687006, 1791227899079118411, 
0.017485976219177246, 0.016963422298431396, 0.4414620014430345, 1791227899109151487, 
-0.09086483716964722, -0.12548041343688965, 0.4137121182749049, 1791227899140920439, 
-0.19488275051116943, 0.027863502502441406, 0.39553672967326287, 1791227899172398816, 
0.03943634033203125, -0.04343235492706299, 0.4689094072864433, 1791227899199378934, 
-0.10395890474319458, 0.1649465560913086, 0.44916895933627765, 1791227899229392737, 
0.331589937210083, 0.03612112998962402, 0.4889876638016121, 1791227899259486675, 
-0.2607662081718445, -0.08375900983810425, 0.48584712313584255, 1791227899289531369, 
0.03254002332687378, 0.11336803436279297, 0.4628288292182668, 1791227899319607697, 
0.16746318340301514, -0.07153725624084473, 0.46530782194327946, 1791227899349701454, 
-0.05412590503692627, -0.1881147027015686, 0.4897354645677684, 1791227899381133108, 
-0.11205434799194336, 0.4066634178161621, 0.4661765118504456, 1791227899412832177, 
0.24674785137176514, -0.04100239276885986, 0.5461730984284995, 1791227899439979816, 
0.19192272424697876, -0.2685275673866272, 0.49797406996743293, 1791227899469978603, 
0.12098360061645508, 0.011280655860900879, 0.5285502886254876, 1791227899500310435, 
-0.11141479015350342, 0.28261876106262207, 0.5132191129005138, 1791227899530188310, 
0.46814388036727905, -0.1289517879486084, 0.5288420022479892, 1791227899560185483, 
-0.07318627834320068, -0.04428672790527344, 0.5581039772825468, 1791227899590200983, 
-0.23263025283813477, -0.07621055841445923, 0.5368757059101232, 1791227899621564264, 
0.25919991731643677, 0.23746538162231445, 0.5319965468195201, 1791227899652893392, 
0.06770956516265869, -0.02867347002029419, 0.617518519017141, 1791227899680488423, 
0.11919146776199341, -0.2525947690010071, 0.5861563777686931, 1791227899710449120, 
-0.15076857805252075, -0.018534839153289795, 0.5837609290751851, 1791227899740541257, 
-0.07739758491516113, 0.23398923873901367, 0.587618657106193, 1791227899770565164, 
0.20059317350387573, -0.11945492029190063, 0.6232894465850197, 1791227899799646469, 
-0.24404281377792358, -0.2755506634712219, 0.5691642453736995, 1791227899830989059, 
0.14191198348999023, 0.24232977628707886, 0.6079795355179001, 1791227899860961220, 
-0.3053087592124939, 0.16834181547164917, 0.569829877796339, 1791227899893099588, 
0.1372673511505127, -0.46227413415908813, 0.6023474746828928, 1791227899922970128, 
-0.2911328673362732, 0.05309915542602539, 0.6349070665641401, 1791227899951100879, 
0.022036433219909668, 0.15818297863006592, 0.6556972481781399, 1791227899980046918, 
-0.014322280883789062, -0.09909838438034058, 0.6004139979546854, 1791227900011109844, 
0.2436707615852356, -0.09760928153991699, 0.5955932059208718, 1791227900041206458, 
-0.018268585205078125, 0.07311022281646729, 0.6300976631188233, 1791227900071401183, 
0.020742833614349365, 0.10960686206817627, 0.6482717509966258, 1791227900101333583, 
0.18956327438354492, -0.1474677324295044, 0.5691152104370628, 1791227900133483082, 
0.07171934843063354, -0.11602127552032471, 0.5923306817421856, 1791227900165031320, 
-0.16479408740997314, 0.02709352970123291, 0.7328791875756613, 1791227900191582895, 
0.30005866289138794, -0.24217075109481812, 0.6267947462559283, 1791227900221615337, 
-0.16834193468093872, 0.07581883668899536, 0.618628253232909, 1791227900250646681, 
0.02167034149169922, -0.05299097299575806, 0.6139941847827466, 1791227900281731280, 
-0.2428678274154663, -0.2526746988296509, 0.6176204179143462, 1791227900311747716, 
0.058819472789764404, 0.21791505813598633, 0.5977028001918652, 1791227900341841342, 
0.0010162591934204102, 0.20426636934280396, 0.6165415187489088, 1791227900372889307, 
-0.12995576858520508, -0.4424067735671997, 0.6053376371742311, 1791227900404814823, 
-0.46697360277175903, 0.1601649522781372, 0.6544006557653541, 1791227900432103512, 
0.32243889570236206, 0.07606685161590576, 0.6590536144551401, 1791227900462092706, 
-0.13170957565307617, -0.10137695074081421, 0.6976539107443629, 1791227900492149639, 
-0.1108216643333435, -0.07021224498748779, 0.6390909957058369, 1791227900522216813, 
0.0018426179885864258, -0.13722801208496094, 0.6108164420240337, 1791227900552289986, 
-0.3974824547767639, -0.28390973806381226, 0.5528908793970434, 1791227900582501733, 
0.09253180027008057, -0.24485468864440918, 0.40388116823442, 1791227900613111924, 
-0.14610987901687622, -0.13805609941482544, 0.28380881418858483, 1791227900645197878, 
0.2055712342262268, 0.0587276816368103, 0.28594824813705894, 1791227900671735417, 
0.19911092519760132, 0.16537457704544067, 0.24126182203547206, 1791227900703283426, 
-0.0070601701736450195, -0.07896512746810913, 0.3371745385543644, 1791227900733336467, 
0.13575631380081177, -0.10196131467819214, 0.3734392225238252, 1791227900763295581, 
0.039342641830444336, 0.02876460552215576, 0.3635161149873528, 1791227900793403221, 
-0.12336993217468262, 0.01951777935028076, 0.3518132400262001, 1791227900823413260, 
0.03595840930938721, -0.10487192869186401, 0.34599344677551974, 1791227900853454325, 
-0.07315176725387573, -0.16964775323867798, 0.33557389677483934, 1791227900884874281, 
0.1475062370300293, -0.01574099063873291, 0.35212148504606133, 1791227900916003255, 
-0.1759796142578125, 0.1078142523765564, 0.4026884304174673, 1791227900943429076, 
0.2181207537651062, -0.11547529697418213, 0.3609709658052417, 1791227900973523811, 
-0.07908850908279419, -0.055368125438690186, 0.3617439913030047, 1791227901003488250, 
-0.02096879482269287, 0.02716827392578125, 0.37780676765230226, 1791227901033586957, 
0.07028520107269287, -0.08659499883651733, 0.3884243255753638, 1791227901063631292, 
0.031631529331207275, 0.043598055839538574, 0.35566293998203663, 1791227901093764149, 
-0.10232400894165039, -0.0751984715461731, 0.3384617236467595, 1791227901124838441, 
-0.1514083743095398, 0.11669820547103882, 0.33407891591294886, 1791227901157232612, 
0.22352385520935059, -0.03811854124069214, 0.4394448137063018, 1791227901183920298, 
-0.27709805965423584, 0.1746644377708435, 0.36508367191799307, 1791227901213795840, 
-0.07135981321334839, -0.13388705253601074, 0.3440336902948214, 1791227901243938714, 
-0.006752133369445801, -0.23775649070739746, 0.3600884971838243, 1791227901273957953, 
-0.016942918300628662, 0.1622253656387329, 0.39001419021657296, 1791227901303960156, 
0.26002228260040283, 0.0373915433883667, 0.3926472382019068, 1791227901334074098, 
-0.18933600187301636, -0.05177867412567139, 0.34904659544150707, 1791227901364813179, 
0.036130428314208984, -0.13895702362060547, 0.34034958025368245, 1791227901397315110, 
-0.07811111211776733, 0.04546093940734863, 0.45055543180826246, 1791227901424319284, 
-0.06042659282684326, 0.11590421199798584, 0.41829330576230467, 1791227901454258206, 
-0.10154455900192261, 0.08829861879348755, 0.364010631948536, 1791227901484339832, 
0.13479000329971313, -0.1843056082725525, 0.3474387162244313, 1791227901514464181, 
0.28007805347442627, 0.09461939334869385, 0.39365592923273723, 1791227901544514864, 
-0.5150209665298462, 0.09421390295028687, 0.41979730292053513, 1791227901574579390, 
0.2208918333053589, -0.0444067120552063, 0.36806669498130384, 1791227901605242690, 
0.02040618658065796, -0.12025916576385498, 0.3225588857390575, 1791227901636939019, 
0.5780290365219116, 0.03401780128479004, 0.3946275368937213, 1791227901666763938, 
-0.4298936128616333, 0.145987868309021, 0.4581566317705801, 1791227901694842772, 
0.2506831884384155, -0.2212948203086853, 0.40516306038253275, 1791227901724870554, 
0.0019957423210144043, 0.029884397983551025, 0.32779674948075815, 1791227901747062698, 
0.034878671169281006, 0.05444693565368652, 0.4229912497473914, 1791227901785018643, 
0.003774881362915039, 0.10840296745300293, 0.4307634091437198, 1791227901815088901, 
-0.12967437505722046, 0.03054732084274292, 0.40843713955308, 1791227901844430141, 
-0.027170300483703613, -0.2606699466705322, 0.352160006635334, 1791227901877083858, 
-0.12654685974121094, -0.05167180299758911, 0.40193025849173786, 1791227901907943266, 
0.16200977563858032, 0.2473403811454773, 0.4705008082227116, 1791227901935423177, 
-0.30377453565597534, 0.004685342311859131, 0.4041251021216771, 1791227901965430778, 
0.21228569746017456, -0.13276952505111694, 0.3391184927236482, 1791227901988989900, 
-0.18989211320877075, -0.19625353813171387, 0.465220309542604, 1791227902014651137, 
-0.03481316566467285, 0.038191020488739014, 0.3957423246568681, 1791227902045628122, 
-0.009430646896362305, 0.34330254793167114, 0.40464978501464033, 1791227902075689035, 
0.25475919246673584, -0.19031107425689697, 0.39909806752841476, 1791227902105819060, 
-0.23477208614349365, -0.2995191216468811, 0.39845577212840816, 1791227902135808491, 
0.06360417604446411, 0.1440412998199463, 0.42251972564807233, 1791227902165875629, 
-0.08632552623748779, 0.16574597358703613, 0.41958929320570837, 1791227902196861939, 
-0.10284870862960815, -0.028904974460601807, 0.4080074777431438, 1791227902228856369, 
0.14096343517303467, -0.21260273456573486, 0.4631738302521221, 1791227902256616813, 
-0.18884873390197754, 0.0006278753280639648, 0.43799111189776896, 1791227902286184670, 
0.10423088073730469, 0.23137307167053223, 0.44749756146888076, 1791227902316224045, 
-0.07471871376037598, -0.09173649549484253, 0.4373624632932096, 1791227902346238314, 
-0.024858593940734863, -0.14751994609832764, 0.4085830369492192, 1791227902376468392, 
-0.10897642374038696, 0.0025491714477539062, 0.4275564519350135, 1791227902406440403, 
-0.025480151176452637, 0.13777321577072144, 0.43150160000184923, 1791227902437306695, 
0.03638499975204468, -0.08874577283859253, 0.40341245585289687, 1791227902468854564, 
0.13091307878494263, -0.09610754251480103, 0.4356299978301856, 1791227902496722862, 
-0.07624310255050659, 0.048800647258758545, 0.4389740688461153, 1791227902526676379, 
0.11482453346252441, 0.09942632913589478, 0.46389082910837026, 1791227902556721118, 
-0.1126139760017395, -0.15279948711395264, 0.4393654616548137, 1791227902586852486, 
0.057083189487457275, 0.046863019466400146, 0.41888738282275606, 1791227902616931485, 
0.1326512098312378, -0.0012642741203308105, 0.4655360087522958, 1791227902647050394, 
-0.11773818731307983, 0.08635580539703369, 0.46043332920290864, 1791227902677096120, 
-0.2520063519477844, -0.16960185766220093, 0.39431901095319927, 1791227902709040777, 
0.08393782377243042, 0.0492590069770813, 0.42376420556778344, 1791227902739105119, 
0.5734442472457886, 0.2042204737663269, 0.49996860015899913, 1791227902767281313, 
-0.43019211292266846, -0.25022923946380615, 0.4568867544540765, 1791227902797547777, 
0.004263639450073242, -0.16963833570480347, 0.38841860764654873, 1791227902819491117, 
-0.10662192106246948, 0.1407310962677002, 0.45467948659087215, 1791227902847574793, 
0.2998694181442261, 0.10450524091720581, 0.4517254559563161, 1791227902877455232, 
-0.0399777889251709, -0.2052186131477356, 0.437487797286757, 1791227902907572430, 
-0.0576779842376709, -0.13047587871551514, 0.46029892681537077, 1791227902936652160, 
-0.07725965976715088, 0.3160126209259033, 0.45222450500395445, 1791227902967809969, 
0.39499127864837646, -0.0022254586219787598, 0.4577421011715019, 1791227902997763946, 
-0.13387149572372437, -0.34081900119781494, 0.4255590855005411, 1791227903028858124, 
0.34590113162994385, 0.22617417573928833, 0.44532550624726147, 1791227903061177188, 
0.19080018997192383, 0.4502464532852173, 0.654372548023333, 1791227903088451331, 
0.8859898447990417, -0.35745567083358765, 0.6717026981965847, 1791227903118558699, 
-0.3780556321144104, 0.09812307357788086, 0.608007212208854, 1791227903148539302, 
-0.24270987510681152, -0.28919368982315063, 0.6032494007607007, 1791227903178535289, 
0.04677790403366089, 0.15061360597610474, 0.5810851832084524, 1791227903208527596, 
-0.11277061700820923, 0.09673154354095459, 0.5714646480563713, 1791227903238609680, 
0.12439006567001343, -0.44887101650238037, 0.5575985419238844, 1791227903269344187, 
-0.5045810341835022, 0.23019379377365112, 0.5116263185498956, 1791227903301516938, 
-0.4191991686820984, -0.033590614795684814, 0.6371311758590122, 1791227903327664264, 
-0.15639197826385498, 0.08325427770614624, 0.5573218701782954, 1791227903358717197, 
1.056593656539917, 0.03614199161529541, 0.5226649084891393, 1791227903388736179, 
-0.6679369807243347, 0.025878727436065674, 0.5265751210755143, 1791227903418883606, 
0.08588367700576782, 0.29303115606307983, 0.539274557402677, 1791227903448878730, 
-0.10744333267211914, -0.25008654594421387, 0.6226955500991714, 1791227903478878898, 
0.2675706148147583, 0.2624121904373169, 0.603519535448604, 1791227903508977365, 
0.3338245153427124, -0.4348795413970947, 0.5468030533569466, 1791227903541262238, 
0.28399336338043213, 0.0035619735717773438, 0.6532361234432322, 1791227903569052630, 
-0.2722012400627136, -0.010744690895080566, 0.589496090912047, 1791227903599051549, 
0.3845757246017456, 0.08558762073516846, 0.576849208589096, 1791227903629090614, 
0.12525683641433716, -0.03435772657394409, 0.5706871734388154, 1791227903659176890, 
0.02541416883468628, -0.07051092386245728, 0.5972250276514095, 1791227903689191117, 
0.23982220888137817, 0.1586589813232422, 0.5938603151572758, 1791227903718504681, 
-0.5975509881973267, -0.031617701053619385, 0.5788657621669951, 1791227903749327895, 
-0.19445645809173584, -0.061412274837493896, 0.5441300221912332, 1791227903781720646, 
-0.3580690622329712, -0.08297079801559448, 0.585468390393139, 1791227903811725404, 
0.012793779373168945, 0.01150733232498169, 0.6391845206619624, 1791227903839612698, 
-0.46765923500061035, -0.10835087299346924, 0.588901254099087, 1791227903869621353, 
0.44956421852111816, -0.01965773105621338, 0.5882728651129963, 1791227903899687900, 
-0.31818491220474243, 0.04416424036026001, 0.590256201468634, 1791227903929759519, 
0.1699284315109253, -0.13031870126724243, 0.5745663959634725, 1791227903959785387, 
-0.4872146248817444, -0.10291087627410889, 0.5554944006803924, 1791227903989912794, 
0.10152000188827515, 0.0484083890914917, 0.5138238048979388, 1791227904021292499, 
-0.023526549339294434, 0.07692569494247437, 0.5039165787545394, 1791227904052967791, 
0.06698673963546753, -0.11083781719207764, 0.5564054303875253, 1791227904080197844, 
0.07343250513076782, 0.13848638534545898, 0.4945814621128717, 1791227904110166815, 
0.03547859191894531, -0.0003897547721862793, 0.5220856772371558, 1791227904140196033, 
0.14206808805465698, -0.187880277633667, 0.5163181384025706, 1791227904169275805, 
-0.6538841128349304, -0.042125582695007324, 0.4615808459223905, 1791227904200319614, 
0.5050718188285828, -0.2158551812171936, 0.4899272050147737, 1791227904230454906, 
-0.09496110677719116, 0.06425786018371582, 0.49698354387301685, 1791227904261484847, 
-0.15340089797973633, 0.11264091730117798, 0.4716832760696936, 1791227904293379225, 
-0.036266863346099854, -0.10927659273147583, 0.524619299198342, 1791227904319677014, 
-0.767731785774231, -0.24677008390426636, 0.4420237175579413, 1791227904350741470, 
0.20851224660873413, 0.09297990798950195, 0.4744394368253458, 1791227904380737864, 
-0.14768773317337036, 0.03943610191345215, 0.4762740952673694, 1791227904410886742, 
0.05695384740829468, -0.15106910467147827, 0.4637893909799184, 1791227904440936743, 
-0.011923789978027344, -0.2215183973312378, 0.4350492329233891, 1791227904471114285, 
-0.28607243299484253, 0.05381089448928833, 0.4350893658757119, 1791227904501332676, 
-0.13353073596954346, 0.0472642183303833, 0.41362591821685313, 1791227904533309889, 
-0.24277818202972412, -0.2057558298110962, 0.42726648065648054, 1791227904563709289, 
0.11279493570327759, 0.10725206136703491, 0.45052953095452186, 1791227904591312751, 
0.0004467964172363281, 0.028893351554870605, 0.4246357364905316, 1791227904620253691, 
0.33675432205200195, -0.20039713382720947, 0.41552588566041415, 1791227904651376743, 
-0.18022245168685913, 0.16053223609924316, 0.4295264116208592, 1791227904681610101, 
0.3515568971633911, -0.10538864135742188, 0.42142986171642854, 1791227904711515141, 
-0.17666292190551758, -0.1869913935661316, 0.4327329493299579, 1791227904740659330, 
0.13213521242141724, 0.08065921068191528, 0.4033720187567971, 1791227904773021936, 
0.027535080909729004, 0.06582307815551758, 0.35040610002088285, 1791227904805686595, 
0.026037216186523438, -0.3094489574432373, 0.42117010280005046, 1791227904831818436, 
-0.033759474754333496, 0.10232079029083252, 0.3907182251401727, 1791227904861786896, 
-0.08602684736251831, 0.2618163228034973, 0.37220831346882804, 1791227904891867050, 
-0.09422111511230469, -0.24250078201293945, 0.3764340094205159, 1791227904921940126, 
0.25246328115463257, 0.14726674556732178, 0.3979876386539794, 1791227904952091758, 
-0.4582720398902893, 0.20990008115768433, 0.3902550550084029, 1791227904982106236, 
-0.10194015502929688, -0.5285979509353638, 0.39373142162743446, 1791227905013418504, 
0.15230178833007812, 0.15195071697235107, 0.40516224718586685, 1791227905044965925, 
0.22591668367385864, 0.2805154323577881, 0.4355319604959021, 1791227905072382597, 
-0.130801260471344, -0.37575072050094604, 0.39600689075924245, 1791227905102376090, 
0.18331915140151978, 0.0924481749534607, 0.4239131178091274, 1791227905132593211, 
-0.3459116220474243, 0.18896377086639404, 0.38152104681341087, 1791227905162475497, 
0.12779086828231812, -0.23196542263031006, 0.3726031474915074, 1791227905192615018, 
0.09005051851272583, 0.23075836896896362, 0.39488830811202263, 1791227905221715531, 
0.17712676525115967, -0.010447025299072266, 0.36176610544824395, 1791227905253782898, 
-0.2811107039451599, -0.15300452709197998, 0.3975771196763093, 1791227905284975541, 
-0.1180834174156189, 0.15900439023971558, 0.4577699027659888, 1791227905312888719, 
-0.09471619129180908, -0.02157360315322876, 0.38986796308886756, 1791227905343499104, 
0.08535033464431763, -0.4097934365272522, 0.4180212507146029, 1791227905373630191, 
-0.0642126202583313, 0.24162745475769043, 0.42685639659996655, 1791227905403553618, 
0.13028109073638916, 0.02792257070541382, 0.418168495903468, 1791227905432670857, 
-0.11005187034606934, -0.20541787147521973, 0.3731790537533712, 1791227905463616565, 
0.2655503749847412, 0.12548065185546875, 0.38959646687279587, 1791227905493740180, 
-0.12867146730422974, -0.021581172943115234, 0.3649512981080295, 1791227905525330241, 
-0.14147049188613892, -0.20360147953033447, 0.38020899533402713, 1791227905556138797, 
0.050524771213531494, 0.23692142963409424, 0.45131162574097566, 1791227905583693258, 
-0.33169442415237427, -0.08503031730651855, 0.43356057623206573, 1791227905613746952, 
-0.16001880168914795, -0.20565825700759888, 0.40920347699563664, 1791227905643746748, 
-0.03143793344497681, 0.04542970657348633, 0.41558818988891677, 1791227905673901208, 
-0.10893398523330688, -0.07461690902709961, 0.41389162569836896, 1791227905703874079, 
-0.16866713762283325, -0.0556337833404541, 0.3928203002163302, 1791227905733986236, 
-0.14271724224090576, 0.030028820037841797, 0.3822770089055979, 1791227905765731487, 
0.542669951915741, -0.0455818772315979, 0.3642499761664032, 1791227905797353300, 
-0.5802417993545532, 0.09155523777008057, 0.4314483691131593, 1791227905824029741, 
-0.30165690183639526, -0.1868627667427063, 0.4308318571337309, 1791227905854018257, 
0.5518991947174072, -0.17770308256149292, 0.39826251567903836, 1791227905884079514, 
-0.3670072555541992, 0.21117162704467773, 0.41300912423399594, 1791227905914179702, 
-0.33653581142425537, 0.01121586561203003, 0.44505038926479856, 1791227905944205074, 
0.12126976251602173, -0.18096017837524414, 0.4147675468087708, 1791227905974302049, 
-0.4019039273262024, 0.059637606143951416, 0.4029721875518286, 1791227906005077599, 
-0.010790109634399414, -0.06220942735671997, 0.36569867970894304, 1791227906037080920, 
0.11639577150344849, 0.0030565857887268066, 0.37305887592183484, 1791227906064599478, 
-0.06204599142074585, 0.056172311305999756, 0.36101396557989657, 1791227906094806286, 
-0.013001441955566406, -0.04954659938812256, 0.3933156229297493, 1791227906124711327, 
-0.12313520908355713, 0.02668631076812744, 0.4099687391212006, 1791227906154734002, 
-0.16534465551376343, 0.06598973274230957, 0.4129063207446264, 1791227906184762779, 
-0.23056668043136597, -0.18874919414520264, 0.4118819102588313, 1791227906214825503, 
0.047948241233825684, 0.08078396320343018, 0.4062195622240292, 1791227906245095922, 
0.22524309158325195, -0.08672839403152466, 0.3731149520674155, 1791227906277738184, 
-0.041767656803131104, -0.13060683012008667, 0.44327423100037394, 1791227906305068254, 
-0.24424076080322266, 0.12649226188659668, 0.3870834594621875, 1791227906335109796, 
-0.12438040971755981, 0.0800972580909729, 0.36749663928575244, 1791227906365122816, 
-0.2854710817337036, -0.026646971702575684, 0.3915989802358854, 1791227906395202699, 
-0.014537155628204346, -0.14992374181747437, 0.416622151228675, 1791227906425249795, 
-0.06507289409637451, -0.14470845460891724, 0.4065141285692699, 1791227906455462398, 
-0.11526298522949219, 0.1011812686920166, 0.4305369508117274, 1791227906484394941, 
-0.09005260467529297, -0.11904728412628174, 0.35719267948529493, 1791227906517225170, 
-0.36975574493408203, -0.3045070767402649, 0.3715068458580207, 1791227906548373305, 
0.23620206117630005, 0.18037956953048706, 0.4271070829032485, 1791227906575748920, 
-0.040086567401885986, 0.1642168164253235, 0.38017928861114525, 1791227906605708566, 
0.18587565422058105, -0.23516958951950073, 0.4055939896510096, 1791227906635748334, 
0.7273008227348328, 0.02810800075531006, 0.38110128691494505, 1791227906665783173, 
-0.08450382947921753, 0.17578727006912231, 0.38946709916788447, 1791227906695888962, 
-0.5118020176887512, 0.008793771266937256, 0.4179505210902495, 1791227906725972560, 
0.3196498155593872, -0.09677040576934814, 0.38676409287185215, 1791227906757090883, 
-0.3628693222999573, -0.19995784759521484, 0.3694235986910642, 1791227906789526219, 
0.7732704281806946, 0.005018651485443115, 0.4318911230869328, 1791227906816206716, 
-0.2663549780845642, 0.13024497032165527, 0.3480875684529809, 1791227906846192984, 
-0.07839083671569824, -0.053491950035095215, 0.370128076142301, 1791227906876257246, 
0.009497582912445068, 0.07674050331115723, 0.3878057969537513, 1791227906906328871, 
-0.08608198165893555, -0.17713981866836548, 0.40633628946936917, 1791227906936376274, 
0.08518117666244507, 0.06522905826568604, 0.4190997721535292, 1791227906966454254, 
-0.2746511697769165, 0.10872149467468262, 0.4030618938803067, 1791227906997353523, 
0.12161201238632202, -0.23383843898773193, 0.40293201975254284, 1791227907029110019, 
0.05787098407745361, 0.0643647313117981, 0.4459730161440645, 1791227907056791697, 
-0.1820136308670044, -0.014410674571990967, 0.3985600570589853, 1791227907086899055, 
-0.1442854404449463, -0.027097344398498535, 0.3997178142499827, 1791227907116771800, 
-0.317440927028656, -0.09602349996566772, 0.3838145816899925, 1791227907146850406, 
0.11896353960037231, -0.02234518527984619, 0.3770423570281762, 1791227907176940654, 
0.0039406418800354, 0.04205334186553955, 0.39605306477000574, 1791227907207018512, 
0.035513341426849365, 0.034969866275787354, 0.3980346077099955, 1791227907237525940, 
0.07356405258178711, 0.20184028148651123, 0.38488049518862416, 1791227907269095402, 
-0.06450903415679932, -0.08862704038619995, 0.42611131065266233, 1791227907297292699, 
0.01990664005279541, -0.14447021484375, 0.4057215692437602, 1791227907327327970, 
-0.9058389067649841, 0.01595437526702881, 0.42287122552058726, 1791227907357274812, 
0.9735766053199768, -0.1472243070602417, 0.43604451224976404, 1791227907387414601, 
-0.31442803144454956, 0.14594519138336182, 0.4362461593042181, 1791227907416452188, 
-0.010545194149017334, -0.15453410148620605, 0.4230655163124507, 1791227907447562784, 
-0.1137734055519104, 0.11843198537826538, 0.4113456269934225, 1791227907477609553, 
-0.4258541464805603, 0.01818770170211792, 0.393684079876413, 1791227907509080407, 
0.11128300428390503, -0.05529344081878662, 0.3897647666158602, 1791227907540624043, 
-0.19834387302398682, 0.0014385581016540527, 0.4589833908172815, 1791227907567814328, 
0.010650455951690674, -0.09044212102890015, 0.42355891512336974, 1791227907597932510, 
-0.14199119806289673, -0.0386967658996582, 0.35499154439921426, 1791227907627973329, 
-0.3812527060508728, 0.06484544277191162, 0.33892016933958524, 1791227907658719926, 
0.24396395683288574, 0.05141657590866089, 0.3573169437233875, 1791227907688902039, 
-0.3158921003341675, -0.03351461887359619, 0.39411902312849245, 1791227907718723023, 
0.12128055095672607, 0.05840116739273071, 0.40769665391052917, 1791227907749199307, 
-0.1289394497871399, -0.055965542793273926, 0.4118275372670164, 1791227907780658820, 
-0.06418335437774658, -0.022675395011901855, 0.46226871258736507, 1791227907808952010, 
-0.40612274408340454, 0.24094021320343018, 0.42164061384857277, 1791227907838796877, 
-0.04410278797149658, -0.04427909851074219, 0.40623846415715015, 1791227907868844019, 
-0.06503546237945557, -0.18935304880142212, 0.3783005843809883, 1791227907898773118, 
-0.2215728759765625, 0.10989058017730713, 0.3878579993931163, 1791227907928905391, 
-0.020868957042694092, 0.16291749477386475, 0.3939268982227249, 1791227907958918797, 
0.6388040781021118, 0.013477206230163574, 0.3981270361692037, 1791227907989161480, 
0.012089788913726807, 0.4333401918411255, 0.3466985102178352, 1791227908021560513, 
-0.23552554845809937, -0.4119347333908081, 0.4241117942027481, 1791227908049112946, 
0.6589637398719788, 0.10000425577163696, 0.368912664137765, 1791227908079035972, 
-0.3521115183830261, 0.265158474445343, 0.36682634436159967, 1791227908109081086, 
0.02076047658920288, -0.05552631616592407, 0.42358886479804836, 1791227908139083198, 
-0.18281084299087524, 0.06645947694778442, 0.40829877831839007, 1791227908169174455, 
0.054808974266052246, 0.24253499507904053, 0.36569639993906466, 1791227908239359477, 
-0.4176188111305237, -0.4139339327812195, 0.3662406840020902, 1791227908269597301, 
-0.3509756326675415, 0.24280142784118652, 0.42149510870617385, 1791227908299383983, 
-0.19425392150878906, 0.1436639428138733, 0.4396787582719139, 1791227908328522617, 
0.08747828006744385, -0.18084615468978882, 0.39316964075721145, 1791227908359548990, 
0.008642613887786865, 0.008826196193695068, 0.33991146933844907, 1791227908388669245, 
-0.41600656509399414, -0.10124880075454712, 0.32055372728987924, 1791227908421497724, 
-0.14834779500961304, 0.20278984308242798, 0.38853607661827544, 1791227908452431309, 
-0.19990402460098267, -0.15204668045043945, 0.4777491136112298, 1791227908480170605, 
0.1428208351135254, 0.0043637752532958984, 0.4460740167669634, 1791227908509886883, 
0.05780571699142456, 0.07647663354873657, 0.40934576828648384, 1791227908539917538, 
0.1326543092727661, 0.08263170719146729, 0.39168009786358304, 1791227908570273508, 
-0.36692458391189575, -0.15750277042388916, 0.3819699424813015, 1791227908600084215, 
-0.5547589063644409, 0.025642037391662598, 0.39917225893279434, 1791227908630160988, 
0.33780044317245483, 0.08426529169082642, 0.4169568127332878, 1791227908662139275, 
-0.45306187868118286, 0.2101721167564392, 0.4140478653112943, 1791227908693359492, 
0.4878993630409241, -0.12332826852798462, 0.45927477950480977, 1791227908720376782, 
-0.1830635666847229, 0.04118680953979492, 0.37937915892536794, 1791227908750435583, 
-0.5770275592803955, -0.1521340012550354, 0.39533039342211257, 1791227908780593313, 
-0.0522119402885437, 0.20327842235565186, 0.44758309387814804, 1791227908810570910, 
0.5259417295455933, -0.3865450620651245, 0.4210416439388234, 1791227908870730154, 
-0.06368064880371094, 0.153692364692688, 0.36498218038286745, 1791227908901781416, 
0.13137120008468628, 0.03229886293411255, 0.345409151175331, 1791227908933311682, 
-0.4125947952270508, 0.011990725994110107, 0.40916563571657716, 1791227908960905193, 
-0.06780451536178589, 0.044543325901031494, 0.40269980937691197, 1791227908990963138, 
-0.2147945761680603, 0.11357474327087402, 0.4028766422304499, 1791227909021170297, 
-0.04154402017593384, 0.010653495788574219, 0.3869291126021954, 1791227909051108705, 
-0.21722924709320068, 0.040686190128326416, 0.369118448917783, 1791227909081164984, 
0.35385191440582275, -0.09097719192504883, 0.39372455103494886, 1791227909111257357, 
0.137018084526062, 0.00027310848236083984, 0.3808405197558294, 1791227909174054089, 
0.007770657539367676, 0.049987614154815674, 0.3895443560661743, 1791227909204906586, 
-0.4821088910102844, 0.13557970523834229, 0.3879456386569629, 1791227909271721621, 
0.019780099391937256, 0.03441953659057617, 0.38687090044209105, 1791227909311731605, 
0.2236628532409668, 0.2920588254928589, 0.3830228838835357, 1791227909341790650, 
0.7654731273651123, 0.08929359912872314, 0.3224196399707302, 1791227909365791348, 
-0.26152968406677246, 0.002050638198852539, 0.46121397451654, 1791227909392193020, 
0.00942838191986084, -0.010949373245239258, 0.4153979535821031, 1791227909422175347, 
-0.30523771047592163, 0.1916458010673523, 0.43734277392786647, 1791227909452117953, 
0.0505908727645874, 0.05524861812591553, 0.4161524493253902, 1791227909482030983, 
-0.17478811740875244, -0.11649715900421143, 0.3939063297048846, 1791227909512120170, 
-0.10809135437011719, -0.07669001817703247, 0.35442177238217804, 1791227909542162449, 
-0.142473042011261, -0.15244615077972412, 0.35918116230828007, 1791227909573602224, 
0.33446311950683594, 0.37272369861602783, 0.38595953614074757, 1791227909605419109, 
0.2438012957572937, 0.09895092248916626, 0.41560145695125583, 1791227909632628313, 
-0.3575258255004883, 0.05039107799530029, 0.4099655395666481, 1791227909662460585, 
0.2964082360267639, 0.1554194688796997, 0.4047447928091007, 1791227909692499775, 
-0.40876996517181396, 0.062016844749450684, 0.42140689451682506, 1791227909722568312, 
0.3494298458099365, 0.08697640895843506, 0.38761194146805084, 1791227909753012112, 
0.3409388065338135, 0.07205778360366821, 0.39860275996099037, 1791227909813910397, 
-0.25001102685928345, -0.11329138278961182, 0.4132439562585811, 1791227909844676309, 
-0.4172806739807129, -0.00999230146408081, 0.45880371717563717, 1791227909872937433, 
0.31494754552841187, 0.2813739776611328, 0.405216399016077, 1791227909903318874, 
-0.5270189046859741, -0.005074858665466309, 0.3990181728394187, 1791227909933035382, 
0.8360128998756409, -0.42888057231903076, 0.38291624884387687, 1791227909963984102, 
-0.4122380018234253, 0.12351793050765991, 0.36938861195936507, 1791227909993895626, 
0.4934994578361511, 0.06742757558822632, 0.39291049376274945, 1791227910024175537, 
-0.033005356788635254, 0.2519742250442505, 0.38909521472690284, 1791227910053965631, 
-0.24658191204071045, -0.18050247430801392, 0.391310365705174, 1791227910085214567, 
0.10000967979431152, 0.0649462342262268, 0.41251933639752114, 1791227910115415685, 
-0.3228980302810669, 0.11475622653961182, 0.44564536060935894, 1791227910143962669, 
0.2903464436531067, 0.11248195171356201, 0.3849250810439814, 1791227910173950531, 
-0.39588624238967896, -0.16644805669784546, 0.37322712823611026, 1791227910203882862, 
-0.12871861457824707, 0.0896751880645752, 0.3848291669024651, 1791227910233955266, 
-0.18184959888458252, 0.12272864580154419, 0.42576157233705825, 1791227910263982359, 
0.22524875402450562, -0.11036932468414307, 0.4289072222736792, 1791227910294015115, 
-0.025316238403320312, 0.06315058469772339, 0.3699471444770115, 1791227910325979294, 
-0.37338322401046753, 0.04658937454223633, 0.3411093733733464, 1791227910357545066, 
-0.30660480260849, -0.07627701759338379, 0.4107971197740361, 1791227910384321705, 
-0.045411527156829834, -0.03185993432998657, 0.40437337324391043, 1791227910414173167, 
-0.36071622371673584, 0.3017235994338989, 0.3971073584404129, 1791227910444174259, 
-0.3950325846672058, -0.1265484094619751, 0.379048440871419, 1791227910474243839, 
-1.131195068359375, -0.18411636352539062, 0.3917721116253147, 1791227910504301788, 
0.33445268869400024, -0.0918770432472229, 0.4360860124335768, 1791227910534318752, 
-0.5004687309265137, 0.4841880798339844, 0.36623168101017595, 1791227910565332516, 
0.013172805309295654, -0.16324007511138916, 0.34234913225325725, 1791227910597305558, 
-0.09383034706115723, -0.026050806045532227, 0.44314441628274764, 1791227910624614411, 
-0.03766220808029175, 0.024583637714385986, 0.45409355270756097, 1791227910653591260, 
0.3032798767089844, 0.170129656791687, 0.4089172989147392, 1791227910683674492, 
0.2511100769042969, -0.01951897144317627, 0.3456118466729344, 1791227910714782987, 
-0.3360323905944824, 0.08980250358581543, 0.35119549080590196, 1791227910744796372, 
-0.06577682495117188, 0.025529861450195312, 0.36543772582308925, 1791227910774881385, 
-0.5581294894218445, 0.19102931022644043, 0.41913131974769735, 1791227910804674501, 
0.5733228921890259, 0.12881630659103394, 0.37077799427012587, 1791227910837734451, 
-0.6372230052947998, -0.012044072151184082, 0.43793444987401786, 1791227910865204379, 
0.4005638360977173, -0.09643661975860596, 0.4120234426604097, 1791227910895137350, 
-0.6741675138473511, -0.02859020233154297, 0.43375622122349905, 1791227910925216117, 
0.20067065954208374, 0.5000050663948059, 0.37827133562676585, 1791227910947405196, 
-0.42420804500579834, -0.03365969657897949, 0.362836801101934, 1791227910985406911, 
-0.5519607067108154, -0.27531784772872925, 0.3548427576341066, 1791227911015440933, 
0.5883844494819641, 0.48636794090270996, 0.44510437040808287, 1791227911045777902, 
0.4842666983604431, 0.3457360863685608, 0.4022408466933683, 1791227911077339099, 
0.34245771169662476, -0.2883332371711731, 0.38835406327714866, 1791227911108356236, 
-0.47585874795913696, -0.035439372062683105, 0.45538391787031685, 1791227911135780738, 
0.11170047521591187, 0.25484639406204224, 0.4491951179024736, 1791227911165737473, 
-0.1277034878730774, 0.0954781174659729, 0.4215574026718118, 1791227911195768249, 
0.1478620171546936, -0.2275792956352234, 0.38610106409983386, 1791227911225861297, 
-0.27012336254119873, 0.16272568702697754, 0.40097190539948097, 1791227911255929569, 
0.14743298292160034, 0.09301096200942993, 0.4293602799154579, 1791227911286030144, 
-0.1713051199913025, 0.2232188582420349, 0.38494837912385604, 1791227911317281508, 
-0.1745206117630005, -0.23270052671432495, 0.34034001513247036, 1791227911349751734, 
0.16323482990264893, -0.005824744701385498, 0.4370352133344807, 1791227911376342314, 
0.2525855302810669, 0.21677160263061523, 0.3991471411768871, 1791227911406332196, 
-0.09248232841491699, 0.3223443031311035, 0.4202793043491848, 1791227911436321063, 
0.11535441875457764, -0.12911951541900635, 0.41828455589804264, 1791227911466373523, 
0.07155686616897583, 0.007555067539215088, 0.4242388884145827, 1791227911496464146, 
0.25753915309906006, 0.19967901706695557, 0.4179940044981398, 1791227911526544151, 
0.294708251953125, 0.4543840289115906, 0.40988095181091955, 1791227911556662805, 
0.2588796019554138, -0.1218193769454956, 0.3300524505471736, 1791227911588654755, 
0.08704835176467896, -0.4141714572906494, 0.3971149339771428, 1791227911616828619, 
0.14353960752487183, 0.5483093857765198, 0.3943037992224195, 1791227911646805197, 
-0.4049028754234314, 0.4338614344596863, 0.41518186885032504, 1791227911676864210, 
0.18872380256652832, -0.411332368850708, 0.4091400988887309, 1791227911706898921, 
-0.13231313228607178, -0.12993717193603516, 0.4228387689046286, 1791227911737005502, 
0.4842749834060669, 0.38116008043289185, 0.39056505180035456, 1791227911767066220, 
-0.1946936845779419, 0.10334223508834839, 0.33148342241042644, 1791227911797748984, 
-0.17857033014297485, -0.15556776523590088, 0.34423359767103034, 1791227911829276571, 
-0.03974968194961548, -0.09023541212081909, 0.4556891752889002, 1791227911857302883, 
0.16036760807037354, 0.5265381932258606, 0.4141971846944519, 1791227911887425482, 
0.0746612548828125, -0.0842096209526062, 0.3853325130949782, 1791227911917359386, 
-0.18898242712020874, -0.15696632862091064, 0.3896894186594685, 1791227911947455891, 
0.020641684532165527, -0.00604015588760376, 0.39801558671594006, 1791227911977515766, 
0.031125307083129883, 0.43736279010772705, 0.39444424024381003, 1791227912007623795, 
0.004975795745849609, -0.2366310954093933, 0.39622620479616455, 1791227912038064232, 
-0.38847190141677856, 0.12244021892547607, 0.39578022940929375, 1791227912069364493, 
-0.4951624274253845, -0.07692146301269531, 0.4026721630197598, 1791227912100332131, 
-0.694200873374939, 0.3887316584587097, 0.43543290534403334, 1791227912127880744, 
0.47911345958709717, -0.15464431047439575, 0.40165168978546756, 1791227912157894836, 
-0.15501630306243896, -0.27426695823669434, 0.39285955779982734, 1791227912188036471, 
0.015623509883880615, 0.5193008780479431, 0.4046442341846005, 1791227912218100747, 
-0.20151138305664062, 0.022157013416290283, 0.3851895493553054, 1791227912248172581, 
-0.12265753746032715, -0.35879844427108765, 0.3895548203364656, 1791227912278261858, 
-0.07376188039779663, 0.23738837242126465, 0.3842339635363889, 1791227912309785790, 
-0.17153596878051758, 0.4049009084701538, 0.3937663165927074, 1791227912341510365, 
0.060726284980773926, -0.29315638542175293, 0.45909330264746157, 1791227912368399673, 
0.037613093852996826, -0.19597917795181274, 0.4109957921773346, 1791227912398409412, 
0.3388453722000122, 0.33532649278640747, 0.40025763768017253, 1791227912428562516, 
-0.08996593952178955, 0.2033190131187439, 0.3957454139279234, 1791227912458600614, 
0.12332797050476074, -0.007448673248291016, 0.4164780939667028, 1791227912487717836, 
-0.16071265935897827, -0.18149369955062866, 0.392999869337866, 1791227912518748268, 
0.37337517738342285, 0.4469778537750244, 0.3897227616004821, 1791227912549369943, 
-0.8853002190589905, -0.2198028564453125, 0.38758616009654573, 1791227912581565703, 
0.1672176718711853, 0.041886746883392334, 0.46341181118125, 1791227912609039286, 
-0.35502541065216064, -0.055978238582611084, 0.39998551018450645, 1791227912638992967, 
0.7850286364555359, 0.2884688377380371, 0.3696095076560051, 1791227912669106150, 
-0.4802103042602539, -0.01179581880569458, 0.399171508493934, 1791227912699197508, 
0.20269161462783813, -0.029691874980926514, 0.39522968694790506, 1791227912729319317, 
-0.21678048372268677, 0.13527679443359375, 0.3960857670670004, 1791227912759400838, 
0.2002735733985901, -0.12139415740966797, 0.4091811684031015, 1791227912789394053, 
-0.21769475936889648, -0.02141261100769043, 0.3875426713422258, 1791227912822537522, 
0.31873828172683716, 0.291812002658844, 0.48409880244510894, 1791227912849488725, 
-0.5202120542526245, 0.0607340931892395, 0.3984390801945051, 1791227912879546382, 
0.264445424079895, -0.22669851779937744, 0.36270451118052854, 1791227912909612616, 
0.013218343257904053, 0.23953509330749512, 0.36104198629891304, 1791227912938657625, 
0.27569520473480225, 0.20901721715927124, 0.36928944640748507, 1791227912968714349, 
-0.44621026515960693, 0.012148380279541016, 0.386023078547872, 1791227912999776778, 
0.3914582133293152, -0.10294753313064575, 0.38982810182074784, 1791227913029873064, 
-0.43399232625961304, 0.4714967608451843, 0.36315481054584964, 1791227913061495723, 
0.0070914626121521, -0.5740471482276917, 0.3729061199114719, 1791227913092413187, 
-0.49900197982788086, 0.1658371090888977, 0.44424561973942855, 1791227913120140903, 
0.4870760440826416, 0.1732875108718872, 0.3889153035789353, 1791227913150116667, 
-0.6406676173210144, 0.3834039568901062, 0.33333036761937646, 1791227913173593782, 
0.13308411836624146, -0.5315584540367126, 0.4713186852360166, 1791227913200331412, 
0.01402658224105835, 0.3891865015029907, 0.4254899526439142, 1791227913230258122, 
0.02461618185043335, 0.19316744804382324, 0.37668100072824945, 1791227913260299542, 
0.2091161012649536, -0.027374684810638428, 0.3629193253732899, 1791227913290389765, 
0.0006328821182250977, -0.1686885952949524, 0.41817765763392406, 1791227913320459780, 
0.15264761447906494, 0.6677010655403137, 0.41632889995627986, 1791227913350631642, 
-0.549452006816864, -0.11129581928253174, 0.3969367799750692, 1791227913381839479, 
0.10285252332687378, -0.5595107674598694, 0.4056893881838202, 1791227913412565411, 
-0.21230047941207886, 0.6455634236335754, 0.43327955927085404, 1791227913439811585, 
-0.13357669115066528, -0.05949181318283081, 0.3729272936270231, 1791227913470785846, 
-0.16572171449661255, -0.3857460021972656, 0.4180402076952847, 1791227913500864331, 
0.4596623182296753, 0.5496686100959778, 0.4243003867506901, 1791227913530976311, 
-0.16721343994140625, 0.07366561889648438, 0.4023513320054305, 1791227913561010176, 
0.1813182830810547, -0.057283639907836914, 0.4019532150994626, 1791227913591145140, 
-0.18545711040496826, -0.09008044004440308, 0.3890489612501286, 1791227913621618175, 
-0.00535506010055542, 0.34226828813552856, 0.3432523091883574, 1791227913653965524, 
-0.08683651685714722, -0.04081624746322632, 0.4277785533501685, 1791227913681392113, 
0.10804641246795654, -0.27458882331848145, 0.43170454925131607, 1791227913711335721, 
0.047251343727111816, 0.603454053401947, 0.43464551648788285, 1791227913741391965, 
-0.2537807822227478, -0.1786934733390808, 0.42913176375211964, 1791227913771502529, 
0.030691802501678467, -0.07492935657501221, 0.4197442054579534, 1791227913801528912, 
-0.09708589315414429, 0.263543963432312, 0.3871582811638376, 1791227913830641101, 
-0.07970672845840454, -0.13639700412750244, 0.3580867140072154, 1791227913861712959, 
-0.11505448818206787, 0.056993722915649414, 0.3678217241673037, 1791227913893613998, 
-0.22453051805496216, 0.24083125591278076, 0.40349686570622034, 1791227913923332873, 
-0.14123272895812988, -0.02386409044265747, 0.42399229369937, 1791227913951976718, 
0.3180053234100342, 0.0018083453178405762, 0.3930508212855751, 1791227913981955435, 
-0.4694678783416748, 0.33721089363098145, 0.37786861316490455, 1791227914012020490, 
-0.14102500677108765, -0.12294024229049683, 0.39907632889625505, 1791227914042079611, 
-0.5126047134399414, -0.1816004514694214, 0.400676572215896, 1791227914072165525, 
0.3971446752548218, 0.37734782695770264, 0.38483918615914325, 1791227914102288896, 
-0.46218276023864746, 0.09736597537994385, 0.3803780514445053, 1791227914133680942, 
0.28843003511428833, -0.31996774673461914, 0.37104196523169963, 1791227914166241746, 
0.27628064155578613, 0.3403482437133789, 0.4358963497816432, 1791227914201720173, 
-0.12650012969970703, 0.08278000354766846, 0.4083018363900671, 1791227914231743704, 
0.07627660036087036, -0.371934711933136, 0.39777222156033687, 1791227914262616752, 
-0.23669064044952393, 0.49284398555755615, 0.3831401548940751, 1791227914294007298, 
0.02911388874053955, -0.2688100337982178, 0.37851230774094596, 1791227914324663494, 
0.07094287872314453, 0.09824681282043457, 0.4091200983767062, 1791227914353015485, 
0.1928313970565796, 0.38943415880203247, 0.4164558620176394, 1791227914383279062, 
0.004855513572692871, -0.06586241722106934, 0.38503399040348524, 1791227914405694194, 
0.1035730242729187, -0.11434680223464966, 0.453382027262519, 1791227914443105052, 
-0.3438141942024231, 0.29343825578689575, 0.40360326640678573, 1791227914473059028, 
0.6609273552894592, 0.009793221950531006, 0.37297254903825533, 1791227914533680304, 
-0.018102824687957764, 0.40801912546157837, 0.36076315000002124, 1791227914565492664, 
-0.23624134063720703, -0.4078195095062256, 0.436346246868233, 1791227914593517143, 
-0.0030950307846069336, 0.30496126413345337, 0.38985122974783487, 1791227914624267681, 
-0.22047913074493408, -0.10803824663162231, 0.40404006178230345, 1791227914654041730, 
0.3281742334365845, 0.07027393579483032, 0.40868766926527955, 1791227914684387669, 
-0.2738054394721985, 0.2192811369895935, 0.43398755697340696, 1791227914714130100, 
-0.296319842338562, -0.24405771493911743, 0.4019575086792368, 1791227914744158859, 
0.11567723751068115, 0.4393237233161926, 0.3930374390523749, 1791227914774185611, 
-0.013119935989379883, -0.22537022829055786, 0.3623547397658891, 1791227914806309502, 
0.3314358592033386, 0.09043776988983154, 0.3843409355011398, 1791227914835311680, 
-0.05901390314102173, 0.1890982985496521, 0.3978786388379643, 1791227914864576153, 
-0.052055418491363525, -0.2940872311592102, 0.39452718648993684, 1791227914894277130, 
-0.319084107875824, 0.4647582769393921, 0.40179104328924414, 1791227914924301604, 
0.1450837254524231, -0.2800148129463196, 0.3991325627236884, 1791227914954616280, 
0.44324254989624023, 0.3885369300842285, 0.37568097921735877, 1791227914984548381, 
-0.20749837160110474, 0.042013466358184814, 0.375410615717619, 1791227915014442767, 
0.10519427061080933, -0.27225828170776367, 0.40378995537696727, 1791227915045713383, 
-0.0169144868850708, 0.48224711418151855, 0.39152511249618815, 1791227915077564349, 
0.20208489894866943, -0.07520854473114014, 0.44883810640909, 1791227915103662940, 
-0.16329938173294067, -0.22577506303787231, 0.39078515247253764, 1791227915133763414, 
0.23591965436935425, 0.4110068082809448, 0.34875648223657674, 1791227915164875790, 
-0.3140054941177368, -0.1153179407119751, 0.3865588473724945, 1791227915194753498, 
0.3150624632835388, -0.011717379093170166, 0.4168606101049133, 1791227915224709092, 
-0.10710853338241577, 0.38989126682281494, 0.39887434134935607, 1791227915255042933, 
-0.6220929622650146, -0.4473878741264343, 0.38655652964812814, 1791227915286105441, 
0.11696803569793701, 0.19787615537643433, 0.37108196680586797, 1791227915318094302, 
0.25824815034866333, 0.2723844051361084, 0.42055871760461283, 1791227915345017634, 
-0.01691991090774536, -0.4739009141921997, 0.4107923298494802, 1791227915375031012, 
0.08796632289886475, 0.40009522438049316, 0.4113355031368162, 1791227915405137309, 
0.17956870794296265, 0.023480534553527832, 0.39745003155835407, 1791227915435168721, 
-0.376506507396698, -0.13971543312072754, 0.3943588109282273, 1791227915465231279, 
0.0672752857208252, 0.22203052043914795, 0.3930537045376573, 1791227915495549506, 
0.048219144344329834, 0.14713460206985474, 0.4077501115685555, 1791227915525575952, 
-0.00035625696182250977, -0.1857941746711731, 0.3956148747022841, 1791227915557531512, 
-0.16865277290344238, 0.2546411156654358, 0.4309695213200653, 1791227915585500022, 
-0.12243419885635376, 0.10463249683380127, 0.4006645517183052, 1791227915615567039, 
-0.16590285301208496, -0.40496373176574707, 0.3960191374108677, 1791227915645621565, 
-0.03045600652694702, 0.4911918044090271, 0.3661540666834159, 1791227915667730195, 
-0.19639849662780762, -0.5129173398017883, 0.4407426784932952, 1791227915695735081, 
0.1833733320236206, 0.5958282947540283, 0.41551405761404786, 1791227915725796018, 
0.005570054054260254, 0.010056734085083008, 0.4091295052227683, 1791227915754880488, 
-0.7158875465393066, -0.6794238686561584, 0.3609842761610344, 1791227915785901960, 
-0.11420667171478271, 0.7318131327629089, 0.3823429096801153, 1791227915816018173, 
0.37971001863479614, -0.32546383142471313, 0.40542861417637743, 1791227915846122160, 
-0.051573097705841064, 0.047208309173583984, 0.3838686864403858, 1791227915877606432, 
-0.01585221290588379, 0.4791598916053772, 0.3750788044836738, 1791227915909528417, 
0.06898880004882812, -0.5045551061630249, 0.4242284187891435, 1791227915936402406, 
-0.2387993335723877, 0.4192417860031128, 0.3701074985825187, 1791227915966329185, 
0.05843460559844971, 0.08794617652893066, 0.38832345380020195, 1791227915996447976, 
0.022726118564605713, -0.1764770746231079, 0.40315947999804036, 1791227916026542832, 
-0.04455190896987915, -0.04512876272201538, 0.4257590026696721, 1791227916056675379, 
0.2936367392539978, 0.1470024585723877, 0.423043825052094, 1791227916086723258, 
0.031372666358947754, 0.13466817140579224, 0.3946924480046628, 1791227916117543348, 
-0.2448028326034546, -0.25592726469039917, 0.35771208862751197, 1791227916149992485, 
0.49614280462265015, 0.2386288046836853, 0.4308669546754789, 1791227916176891963, 
-0.09279996156692505, 0.18485039472579956, 0.39557323557215684, 1791227916206841274, 
-0.15999466180801392, -0.3636702299118042, 0.39893213098267993, 1791227916236909654, 
0.3495272994041443, 0.2729717493057251, 0.39573612291139065, 1791227916266972090, 
-0.5803861021995544, 0.010964632034301758, 0.3731762542764886, 1791227916297076330, 
0.042702317237854004, -0.17724508047103882, 0.39987650653818263, 1791227916327192714, 
0.37803924083709717, 0.3696475625038147, 0.41381214844926295, 1791227916357806963, 
-0.2511252164840698, -0.0754958987236023, 0.3894817851988694, 1791227916388678711, 
-0.19239789247512817, -0.07222986221313477, 0.42101128458493126, 1791227916417340417, 
0.0970005989074707, 0.24354475736618042, 0.386236948129521, 1791227916447481315, 
0.3588903546333313, 0.18528753519058228, 0.39141549531835995, 1791227916477455395, 
-0.16737359762191772, 0.0030484795570373535, 0.41291382476541805, 1791227916507543814, 
-0.15763413906097412, -0.2974892854690552, 0.4316220284456131, 1791227916537603014, 
0.2922382354736328, 0.19237017631530762, 0.426774280936342, 1791227916567698389, 
-0.8643441200256348, -0.048499464988708496, 0.39576778333001666, 1791227916597990992, 
0.6564092040061951, -0.10723775625228882, 0.3955078409334366, 1791227916629990646, 
0.6312981843948364, 0.3736357092857361, 0.4162401570943263, 1791227916659875043, 
-0.04148000478744507, -0.3735901713371277, 0.41301667016407567, 1791227916687038795, 
-0.07830852270126343, 0.31937146186828613, 0.3907005254650004, 1791227916717953638, 
0.011235475540161133, 0.4783821105957031, 0.41421378484568216, 1791227916748110105, 
0.11073213815689087, -0.7924397587776184, 0.3868657387851657, 1791227916778130248, 
0.21876084804534912, 0.7126414775848389, 0.409961039980087, 1791227916808248777, 
0.08462011814117432, 0.05661189556121826, 0.418611357026837, 1791227916838274305, 
-0.0994376540184021, -0.6119334101676941, 0.3992774294544107, 1791227916869557293, 
0.03548431396484375, 0.9373103976249695, 0.3728954859156966, 1791227916901722652, 
0.20088642835617065, -0.4875641465187073, 0.4149871495328886, 1791227916928460234, 
0.031691014766693115, -0.051717936992645264, 0.3764450538401595, 1791227916958523504, 
0.12490618228912354, 0.517483651638031, 0.38835561166332266, 1791227916988629362, 
-0.14928781986236572, -0.3474997878074646, 0.4053020687202351, 1791227917017667808, 
-0.2162400484085083, 0.20886468887329102, 0.37953863335084814, 1791227917048848418, 
0.4173511862754822, 0.11761206388473511, 0.40061920115914873, 1791227917078806439, 
-0.026259541511535645, 0.2013489007949829, 0.4045373410815452, 1791227917110021375, 
-0.3683927059173584, -0.07560586929321289, 0.3920350989826705, 1791227917141683251, 
0.07084554433822632, -0.32542794942855835, 0.4304942966663266, 1791227917169151885, 
-0.17361700534820557, 0.4090808629989624, 0.3793693658075367, 1791227917199001377, 
-0.09572207927703857, -0.07192063331604004, 0.36586924592252174, 1791227917229146470, 
-0.2855640649795532, -0.05417114496231079, 0.39090690413627227, 1791227917259192283, 
0.3166224956512451, 0.16620022058486938, 0.41156231215992245, 1791227917289307014, 
-0.34845423698425293, -0.05630350112915039, 0.4188809326875464, 1791227917319314844, 
-0.17009484767913818, 0.0844351053237915, 0.4168731204028164, 1791227917349730512, 
0.24668824672698975, -0.15997064113616943, 0.37113649835358803, 1791227917381822393, 
-0.08328795433044434, 0.34336793422698975, 0.4091095857830967, 1791227917409548127, 
-0.4058789610862732, -0.027572691440582275, 0.4037866872181853, 1791227917439571873, 
0.14427775144577026, -0.3273478150367737, 0.3930884913676176, 1791227917469703919, 
-0.22254282236099243, 0.41111260652542114, 0.40139944820443024, 1791227917499713575, 
-0.14952516555786133, 0.0901532769203186, 0.4057748972005682, 1791227917529772505, 
-0.34453529119491577, -0.3743600845336914, 0.3973517516734406, 1791227917559835723, 
-0.014543354511260986, 0.5722624063491821, 0.4158138192885686, 1791227917589972246, 
-0.27031952142715454, -0.0073795318603515625, 0.3735144861509726, 1791227917622374447, 
-0.15847694873809814, -0.541738748550415, 0.38912235953873847, 1791227917652947656, 
0.41287994384765625, 0.7734342813491821, 0.4178203788179835, 1791227917680286623, 
0.10941570997238159, 0.6096428036689758, 0.380899288410568, 1791227917710293577, 
-0.18590158224105835, -0.5923981666564941, 0.39005554095031153, 1791227917740381922, 
0.23383492231369019, 0.3287743330001831, 0.3995999960983315, 1791227917770310458, 
-0.2508167028427124, 0.22055339813232422, 0.38939017532592013, 1791227917800358727, 
0.005151093006134033, -0.2831006646156311, 0.3908510402925522, 1791227917830474140, 
0.1692366600036621, 0.23266196250915527, 0.37462717074011825, 1791227917861926227, 
-0.3799748420715332, -0.1826271414756775, 0.3661473456257651, 1791227917894247142, 
0.18618232011795044, 0.26854079961776733, 0.44555497519426124, 1791227917920784305, 
-0.1829323172569275, 0.034386277198791504, 0.3707224037099203, 1791227917950731259, 
-0.1796078085899353, -0.21423405408859253, 0.36380629341781845, 1791227917980780543, 
-0.19628924131393433, 0.1618902087211609, 0.38125239294757696, 1791227918010799291, 
-0.09313082695007324, -0.04029965400695801, 0.41723800259195776, 1791227918040893904, 
0.02635335922241211, 0.16928529739379883, 0.42595720019061273, 1791227918069986646, 
0.08381718397140503, -0.010600268840789795, 0.39417345494232514, 1791227918101836805, 
-0.08066195249557495, 0.008056402206420898, 0.3733704832955233, 1791227918134339160, 
0.10105544328689575, -0.11407893896102905, 0.4374777466479462, 1791227918161278164, 
0.266251802444458, -0.0486111044883728, 0.4060872324052624, 1791227918191258777, 
-0.6245085597038269, 0.2505619525909424, 0.38569001183197005, 1791227918221315310, 
0.3460879921913147, -0.10698729753494263, 0.401500370473264, 1791227918251391606, 
-0.44783449172973633, 0.020977556705474854, 0.4013519322584862, 1791227918281450282, 
0.349656343460083, 0.20339155197143555, 0.4030924298418329, 1791227918311489340, 
-0.3708123564720154, -0.13332456350326538, 0.4041724249660565, 1791227918341919842, 
-0.2511783242225647, -0.2192314863204956, 0.3847239440207262, 1791227918373749319, 
0.025418519973754883, 0.4012603163719177, 0.4193130233504547, 1791227918403818290, 
-0.030366063117980957, -0.05330997705459595, 0.43746065963183317, 1791227918431737613, 
0.09925025701522827, -0.3178669810295105, 0.39750612647592126, 1791227918461814581, 
-0.1515081524848938, 0.768255889415741, 0.41267708472029335, 1791227918491870422, 
-0.4041895270347595, -0.4640241265296936, 0.4188438564622176, 1791227918521945069, 
0.20722556114196777, -0.24400299787521362, 0.43678548863926975, 1791227918551157923, 
0.052654266357421875, 1.046511173248291, 0.3748327553997079, 1791227918582323430, 
-0.3041832447052002, -0.6813597679138184, 0.36401632191736705, 1791227918613888001, 
0.2574363946914673, -0.020683765411376953, 0.3881001362229779, 1791227918645559463, 
-0.18748730421066284, 0.6131264567375183, 0.4602275347660934, 1791227918672422847, 
-0.21265733242034912, -0.6619108319282532, 0.4158939378213535, 1791227918702355908, 
0.1126861572265625, 0.37425750494003296, 0.3795444182874794, 1791227918732423018, 
-0.22559642791748047, 0.05855005979537964, 0.3620155682216408, 1791227918762474476, 
-0.01743924617767334, -0.2807348370552063, 0.38939603324535754, 1791227918792549635, 
0.03739809989929199, 0.3183125853538513, 0.4177972922878894, 1791227918821728760, 
0.3002859950065613, -0.0028397440910339355, 0.3609588859055094, 1791227918853778415, 
-0.05908823013305664, 0.07096797227859497, 0.34287028280767284, 1791227918885893388, 
-0.4782167673110962, 0.04227930307388306, 0.4277735267829377, 1791227918912883158, 
0.09168946743011475, -0.20135748386383057, 0.399075357856884, 1791227918943009159, 
-0.19732409715652466, 0.4027494192123413, 0.4242012828893968, 1791227918973025305, 
-0.37069177627563477, -0.1451016664505005, 0.42734964342858084, 1791227919002037007, 
0.6982534527778625, -0.210152268409729, 0.3693680482941813, 1791227919033121442, 
0.1812739372253418, 0.24605053663253784, 0.39457213382302786, 1791227919063176820, 
-0.3468259572982788, 0.033107221126556396, 0.40409452626144826, 1791227919094448963, 
0.1003122329711914, 0.019327104091644287, 0.4028212577823989, 1791227919125733443, 
-0.12027597427368164, -0.06484943628311157, 0.4335397969482836, 1791227919153399848, 
0.10700476169586182, 0.10228490829467773, 0.4021633093463028, 1791227919183428976, 
-0.10957014560699463, 0.17754590511322021, 0.39030411179048713, 1791227919213569464, 
0.029225647449493408, -0.2277640700340271, 0.3919383472205045, 1791227919244350273, 
0.21110159158706665, 0.26901376247406006, 0.4205827228376036, 1791227919274374534, 
-0.2774584889411926, 0.10476410388946533, 0.42751401989882065, 1791227919304428855, 
-0.03022545576095581, -0.57242751121521, 0.4043873235658702, 1791227919334441774, 
-0.21537649631500244, -0.057329773902893066, 0.3630202740513654, 1791227919365733214, 
-0.11420595645904541, 0.48504638671875, 0.39854585772601764, 1791227919395920930, 
0.12598377466201782, -0.4982898235321045, 0.42130383569496915, 1791227919424687171, 
-0.4371699094772339, 0.2554228901863098, 0.3976943182222978, 1791227919454420398, 
0.20013678073883057, 0.47651195526123047, 0.404863296530165, 1791227919484536375, 
-0.5609995126724243, -0.5766507983207703, 0.3880398952474579, 1791227919514476431, 
-0.24446088075637817, 0.012460529804229736, 0.38067103960921356, 1791227919544574494, 
0.049623966217041016, 0.3222721815109253, 0.4102584822147337, 1791227919574588467, 
-0.2504066824913025, -0.39957815408706665, 0.383677395840615, 1791227919606541022, 
0.2582065463066101, 0.34189313650131226, 0.39373091842714064, 1791227919637015979, 
-0.4029879570007324, 0.1884012222290039, 0.38416689022909356, 1791227919664729536, 
-0.23951846361160278, -0.546754777431488, 0.36813854587563205, 1791227919694707902, 
0.30866456031799316, 0.3616349697113037, 0.4190843147413391, 1791227919724733290, 
-0.601643979549408, 0.27235299348831177, 0.39961549668437324, 1791227919754720136, 
0.30055123567581177, -0.25465911626815796, 0.39271187046450845, 1791227919784765468, 
-0.1437530517578125, 0.23775732517242432, 0.38670102444675714, 1791227919814825013, 
0.28339308500289917, -0.19541215896606445, 0.3700579893083496, 1791227919846088068, 
0.2583196759223938, 0.2165955901145935, 0.3853741487428842, 1791227919877989120, 
-0.524054229259491, -0.06629675626754761, 0.435193877164072, 1791227919905105795, 
0.13573265075683594, 0.07869845628738403, 0.38299468706705186, 1791227919935073117, 
-0.13385272026062012, 0.09858697652816772, 0.38670858933613267, 1791227919965184460, 
-0.03479665517807007, -0.0370100736618042, 0.43225403121692885, 1791227919995252885, 
0.4238601326942444, 0.313687264919281, 0.4447394261534878, 1791227920025304218, 
-0.22938847541809082, -0.402804970741272, 0.41308364822238214, 1791227920055378511, 
-0.14176255464553833, -0.09661120176315308, 0.4002709351582899, 1791227920085780432, 
0.03926694393157959, 0.12336874008178711, 0.3579241967994165, 1791227920118195802, 
-0.427276074886322, -0.11824178695678711, 0.42486337555333575, 1791227920145629518, 
-0.08825534582138062, 0.4708697199821472, 0.39496524948818246, 1791227920175632979, 
0.21949464082717896, -0.5263811945915222, 0.4087768601497307, 1791227920205735188, 
0.019128501415252686, 0.007807135581970215, 0.4002262561134395, 1791227920236018550, 
0.05876624584197998, 0.7440338134765625, 0.41028465077738624, 1791227920266130300, 
-0.4011824131011963, -0.5468929409980774, 0.4221174225342107, 1791227920296108718, 
0.3567686080932617, 0.026850759983062744, 0.39028066764351743, 1791227920326564427, 
0.27172982692718506, 0.4799767732620239, 0.3652821856188603, 1791227920357728844, 
-0.4769189953804016, -0.4563484787940979, 0.34456962341981345, 1791227920389786447, 
0.33713197708129883, 0.10377973318099976, 0.44602431827080713, 1791227920416331767, 
-0.1621904969215393, 0.34794414043426514, 0.4206632741867879, 1791227920446589145, 
0.009371757507324219, -0.34858977794647217, 0.4114952302613368, 1791227920476538280, 
-0.06957346200942993, 0.06376051902770996, 0.416437450608795, 1791227920506350833, 
-0.5750569105148315, 0.3670952320098877, 0.3974061929310539, 1791227920536433070, 
0.22980153560638428, -0.29179513454437256, 0.3637781104475269, 1791227920566678866, 
0.30987775325775146, 0.0595095157623291, 0.369749834720614, 1791227920597738086, 
0.3005005121231079, 0.15364456176757812, 0.3691918769544925, 1791227920630179502, 
-0.09677153825759888, -0.22776728868484497, 0.43461396339326985, 1791227920666725710, 
-0.2532840371131897, 0.18496638536453247, 0.3737933984794757, 1791227920696827975, 
-0.21187686920166016, -0.056648433208465576, 0.3818291230224764, 1791227920727114502, 
0.1564667820930481, 0.008348584175109863, 0.3954866367210176, 1791227920758183246, 
0.060479164123535156, 0.3532588481903076, 0.3860360337815118, 1791227920789787748, 
-0.0738065242767334, -0.4261188507080078, 0.43666346308409204, 1791227920817211828, 
0.044974684715270996, 0.3435065746307373, 0.37845181591695537, 1791227920847376605, 
-0.12705636024475098, 0.09366506338119507, 0.37444170770041096, 1791227920877177130, 
-0.16567593812942505, -0.1931309700012207, 0.40033161449159477, 1791227920907480648, 
-0.14188402891159058, -0.2805309295654297, 0.42641020618856235, 1791227920967541052, 
0.323225200176239, 0.15900474786758423, 0.392271688620748, 1791227920998108358, 
-0.06308901309967041, -0.004381537437438965, 0.3785814680197413, 1791227921029812241, 
-0.17467916011810303, -0.05672025680541992, 0.4506941381746394, 1791227921058016996, 
0.17203247547149658, -0.026833713054656982, 0.426168191034312, 1791227921088047271, 
-0.2705855965614319, 0.39412403106689453, 0.4190561986627336, 1791227921117694996, 
-0.6380763053894043, -0.7342153191566467, 0.40176035721836045, 1791227921147802781, 
0.24901515245437622, 0.14830970764160156, 0.41086384252654135, 1791227921177843626, 
-0.03538423776626587, 0.6736010313034058, 0.40111945766055435, 1791227921207910914, 
-0.062354207038879395, -0.8389469981193542, 0.4073805869305214, 1791227921237964107, 
-0.01655757427215576, 0.5131141543388367, 0.37594312750336895, 1791227921271043444, 
0.3774387836456299, 0.3086598515510559, 0.4272794913092609, 1791227921300110656, 
-0.2821246385574341, -0.5999808311462402, 0.39679781653599083, 1791227921328232002, 
-0.20954489707946777, 0.41925686597824097, 0.3876666266327742, 1791227921358221400, 
0.3688487410545349, -0.02178657054901123, 0.38032251790637384, 1791227921388339081, 
-0.43682652711868286, -0.32499903440475464, 0.4003496036567675, 1791227921418363478, 
-0.3124939799308777, 0.5842111706733704, 0.43700082392717343, 1791227921448458115, 
-0.16398835182189941, -0.38212263584136963, 0.402317581783606, 1791227921478503479, 
-0.41165071725845337, -0.19999712705612183, 0.338260721189744, 1791227921510023469, 
0.05644577741622925, 0.21614181995391846, 0.3605412158469371, 1791227921541982111, 
-0.13595890998840332, 0.12730830907821655, 0.44007071827514416, 1791227921568759387, 
0.3653756380081177, 0.04800260066986084, 0.3963925684905144, 1791227921598847854, 
-0.492763876914978, -0.0287398099899292, 0.3921451294632013, 1791227921628831256, 
0.19494527578353882, 0.13913118839263916, 0.3876425943544404, 1791227921658881392, 
-0.14577168226242065, 0.025276899337768555, 0.3974489823178702, 1791227921688972123, 
-0.46219271421432495, -0.25551658868789673, 0.39742740775564966, 1791227921719055974, 
0.1053418517112732, 0.41247594356536865, 0.39451561657145695, 1791227921749996746, 
0.3822022080421448, -0.10578662157058716, 0.3655594146767089, 1791227921781707612, 
-0.07543307542800903, -0.14643943309783936, 0.4258824400236099, 1791227921809323941, 
-0.036745309829711914, 0.35731780529022217, 0.38260394586464114, 1791227921839309524, 
-0.30949729681015015, -0.23810040950775146, 0.3888478037057356, 1791227921869366509, 
-0.12985408306121826, 0.11393636465072632, 0.4081402122131262, 1791227921899405877, 
-0.08179569244384766, 0.1296049952507019, 0.3996121742736418, 1791227921929496545, 
0.19940650463104248, -0.10021698474884033, 0.4015693407686655, 1791227921959870042, 
0.4118831157684326, 0.3199096918106079, 0.41403777821657695, 1791227921990174909, 
-0.2179623246192932, -0.3536868095397949, 0.3820538382402051, 1791227922022012643, 
-0.11295604705810547, -0.01713395118713379, 0.42688826394581403, 1791227922049833285, 
0.07100534439086914, 0.38534629344940186, 0.38709030495194263, 1791227922079821817, 
-0.5296573638916016, -0.6582176685333252, 0.39169911832081344, 1791227922109860169, 
-0.30107879638671875, 0.5670729279518127, 0.3951997435148121, 1791227922139942987, 
0.568871259689331, 0.04108989238739014, 0.4096773615736434, 1791227922169981141, 
-0.7242194414138794, -0.5936380624771118, 0.41452160858166254, 1791227922200097159, 
0.5765287280082703, 0.8048481941223145, 0.39546175956870966, 1791227922230783237, 
-0.3781173825263977, 0.09343641996383667, 0.3625845630158589, 1791227922262285917, 
0.12338173389434814, -0.5410698056221008, 0.3664407469328072, 1791227922293111996, 
0.011132001876831055, 0.5182406306266785, 0.4230059498515536, 1791227922320455262, 
-0.43179434537887573, -0.07479238510131836, 0.3989236682778571, 1791227922350383161, 
0.24512118101119995, -0.12344002723693848, 0.38136749051636776, 1791227922380475430, 
-0.22509920597076416, 0.29622703790664673, 0.40374446880124315, 1791227922410520700, 
0.051805853843688965, -0.06364142894744873, 0.4259688013324522, 1791227922439640141, 
0.030231773853302002, -0.03962177038192749, 0.3797594866999327, 1791227922470730284, 
-0.45468324422836304, 0.09424072504043579, 0.3764132741162449, 1791227922502092062, 
0.35148102045059204, 0.17508149147033691, 0.35164699905206215, 1791227922534334534, 
0.5222805142402649, -0.12377738952636719, 0.45363209909628466, 1791227922560912581, 
0.09403949975967407, 0.06502377986907959, 0.4036953600702414, 1791227922590906731, 
-0.3307749032974243, 0.052253127098083496, 0.4156861401925978, 1791227922621037094, 
0.038194894790649414, 0.1265571117401123, 0.4389342774725359, 1791227922651157338, 
-0.03931707143783569, 0.03857392072677612, 0.41888542855426464, 1791227922680224253, 
-0.011404812335968018, -0.3374922275543213, 0.3695740911419791, 1791227922711404508, 
0.1333180069923401, 0.6601834297180176, 0.36950854521229615, 1791227922742500511, 
0.22342729568481445, -0.1449122428894043, 0.37680369822291543, 1791227922774073423, 
-0.3373950123786926, 0.09279066324234009, 0.42680230829764454, 1791227922801459424, 
-0.3552454710006714, -0.0677827000617981, 0.37629494201375013, 1791227922831454151, 
0.2571526765823364, 0.028055906295776367, 0.3904543926967344, 1791227922861563842, 
-0.5495675802230835, 0.3106180429458618, 0.4305185476598936, 1791227922891618570, 
-0.2057834267616272, -0.3424489498138428, 0.43950295142837387, 1791227922921701384, 
0.5353738069534302, 0.4727151393890381, 0.42162807339603137, 1791227922951746390, 
-0.0707472562789917, 0.0581701397895813, 0.3909571224811575, 1791227922982114085, 
-0.13286292552947998, -0.5349935293197632, 0.3814887246476691, 1791227923014536711, 
-0.028114795684814453, 0.7072187066078186, 0.427139470680244, 1791227923044132164, 
-0.018717586994171143, -0.09283816814422607, 0.44052710914672916, 1791227923072013561, 
-0.3929426074028015, -0.4884790778160095, 0.4088196841598249, 1791227923102062187, 
-0.10135257244110107, 0.47881782054901123, 0.371214282906217, 1791227923123668496, 
-0.42577695846557617, -0.6450021862983704, 0.405223784059925, 1791227923152300128, 
0.27800822257995605, 0.2679070830345154, 0.39911278740470874, 1791227923182307388, 
0.0034679174423217773, -0.4258449673652649, 0.35953626232404406, 1791227923205159871, 
-0.5040676593780518, -0.37599772214889526, 0.45936128043270197, 1791227923242385385, 
0.23457956314086914, 0.47077327966690063, 0.40751866728835967, 1791227923272499202, 
-0.3050749897956848, -0.027788639068603516, 0.3670326346636074, 1791227923302559713, 
-0.010944128036499023, -0.2271665334701538, 0.3508384204113411, 1791227923334211760, 
0.1603633165359497, 0.4087488651275635, 0.36422950139927196, 1791227923366080781, 
-0.5776333212852478, 0.10659301280975342, 0.46359764324793956, 1791227923392874011, 
0.33800625801086426, -0.01788252592086792, 0.41181825355672497, 1791227923422903848, 
-0.2331981062889099, 0.0849766731262207, 0.3895268195323301, 1791227923452857959, 
0.06969785690307617, -0.0954359769821167, 0.3898490594628983, 1791227923482913967, 
-0.10434508323669434, 0.22534948587417603, 0.39833131792726983, 1791227923513053477, 
-0.2508932948112488, -0.2826409339904785, 0.3923088328026128, 1791227923543069634, 
0.19361037015914917, 0.25198793411254883, 0.3661682139425199, 1791227923574777305, 
0.08082413673400879, 0.15965861082077026, 0.3651509002962683, 1791227923606189918, 
-0.4952579736709595, -0.32258427143096924, 0.4734740485303132, 1791227923632639310, 
0.4191746711730957, 0.3961635231971741, 0.4192463682104816, 1791227923663319876, 
-0.10313040018081665, 0.041390836238861084, 0.40924782447628677, 1791227923693362711, 
-0.3536166548728943, -0.09474951028823853, 0.40480362007144655, 1791227923723598180, 
0.189425528049469, 0.15345847606658936, 0.3628417923919723, 1791227923753540135, 
-0.590613842010498, -0.15945297479629517, 0.3677290334333127, 1791227923783598904, 
0.27090734243392944, 0.3352155089378357, 0.4032029605974266, 1791227923814047355, 
-0.25566089153289795, -0.11863124370574951, 0.37444868807914145, 1791227923846250849, 
-0.20470541715621948, -0.2914532423019409, 0.44147657138256474, 1791227923873923084, 
-0.2868538498878479, 0.9981670379638672, 0.40803968897805315, 1791227923903637802, 
-0.21438032388687134, -0.8423159718513489, 0.3964523907020612, 1791227923934517249, 
0.046779096126556396, -0.136335551738739, 0.41214221378472277, 1791227923964603500, 
-0.13831138610839844, 1.0627310276031494, 0.397507781093754, 1791227923994594384, 
-0.4116525650024414, -0.7248852849006653, 0.40213764253386314, 1791227924024584527, 
0.27102982997894287, 0.14859890937805176, 0.38799020427297226, 1791227924053667088, 
-0.2386595606803894, 0.3996496796607971, 0.3592674398785349, 1791227924086449350, 
-0.3123897314071655, -0.5966223478317261, 0.4096098661996671, 1791227924117119999, 
0.061128437519073486, 0.36691105365753174, 0.4455430493755054, 1791227924144721110, 
-0.39272624254226685, 0.20615935325622559, 0.4073480626634924, 1791227924174690710, 
-0.030031800270080566, -0.17534559965133667, 0.3836880906146115, 1791227924204786662, 
0.126833975315094, 0.24854451417922974, 0.3945618702617027, 1791227924234838913, 
-0.19153445959091187, -0.014261305332183838, 0.40285883251257937, 1791227924264975682, 
-0.28275609016418457, 0.03629034757614136, 0.3854924850448393, 1791227924294978820, 
-0.24324095249176025, 0.049100399017333984, 0.3652298943032701, 1791227924326016409, 
-0.234430193901062, 0.060968637466430664, 0.3666848791975024, 1791227924357639063, 
0.46622318029403687, -0.03852212429046631, 0.45889531600641487, 1791227924385270596, 
-0.4886035919189453, 0.4748156666755676, 0.4116310872984497, 1791227924415188081, 
0.25553858280181885, -0.4865354299545288, 0.3906876852623389, 1791227924445191413, 
-0.10337477922439575, 0.38709455728530884, 0.38238947109466787, 1791227924475170913, 
-0.024342060089111328, 0.1880778670310974, 0.3831658224483747, 1791227924505215473, 
-0.20337814092636108, -0.23964416980743408, 0.4178671034687578, 1791227924535259630, 
-0.2803282141685486, 0.3478902578353882, 0.41660425516808497, 1791227924566019966, 
0.04134511947631836, -0.24013060331344604, 0.3811869387167658, 1791227924598619396, 
-0.17701804637908936, 0.22406673431396484, 0.4558143109070425, 1791227924624683013, 
-0.4044477939605713, -0.004273355007171631, 0.3615749653858469, 1791227924655526766, 
-0.3659304976463318, -0.08345621824264526, 0.388161057621076, 1791227924685574520, 
0.11398553848266602, 0.5643234252929688, 0.431231629137466, 1791227924714650291, 
-0.09754139184951782, -0.31556832790374756, 0.3990813325379929, 1791227924745711046, 
0.007621347904205322, -0.03141409158706665, 0.3942029495137406, 1791227924775847474, 
-0.20674020051956177, 0.49217069149017334, 0.3947633092753742, 1791227924806345907, 
-0.02296656370162964, -0.5118985772132874, 0.383679508367491, 1791227924837983707, 
0.14748674631118774, 0.29107463359832764, 0.4086236280532319, 1791227924868060309, 
-0.23703038692474365, 0.2757827043533325, 0.4338591294368699, 1791227924896092256, 
-0.16836023330688477, -0.5575733780860901, 0.39934340050610795, 1791227924926117960, 
-0.03799259662628174, 0.4465785622596741, 0.3868821492270893, 1791227924956208260, 
-0.1996244192123413, 0.17973512411117554, 0.3675788807432746, 1791227924986509423, 
0.22722530364990234, -0.3871660828590393, 0.38643755626010085, 1791227925016318800, 
-0.23868799209594727, 0.41771620512008667, 0.41973162574249995, 1791227925045729699, 
-0.6569538712501526, 0.24109739065170288, 0.3826682956964502, 1791227925078094124, 
-0.08331608772277832, -0.28519707918167114, 0.3781139081694584, 1791227925109545164, 
-0.27988117933273315, 0.2859867215156555, 0.4501441925166002, 1791227925135669752, 
0.17199641466140747, -0.08240652084350586, 0.38141177783875246, 1791227925166619644, 
-0.09142351150512695, 0.03632807731628418, 0.40141346256257904, 1791227925196712333, 
0.4644140601158142, 0.15188926458358765, 0.3741386125922841, 1791227925226806132, 
0.08158516883850098, -0.09828066825866699, 0.352478652477074, 1791227925256967354, 
-0.2721593976020813, 0.09986448287963867, 0.3581963239139476, 1791227925286889576, 
-0.03207743167877197, 0.06576073169708252, 0.37854034936123426, 1791227925318336116, 
-0.06134742498397827, 0.13424700498580933, 0.412253864438957, 1791227925350048090, 
-0.4136880040168762, 0.2774830460548401, 0.4539055819979513, 1791227925377140702, 
0.27411937713623047, -0.24472945928573608, 0.39298735719870687, 1791227925407185130, 
-0.02435702085494995, 0.20574301481246948, 0.37807527531024765, 1791227925437241774, 
0.056151628494262695, 0.11595755815505981, 0.37994696971498065, 1791227925467331496, 
0.046479105949401855, 0.01509946584701538, 0.4355579802053754, 1791227925496355667, 
-0.6450902819633484, 0.10115349292755127, 0.40135975765129006, 1791227925527438043, 
0.3046497106552124, -0.1902369260787964, 0.4075375944955878, 1791227925558483524, 
-0.13510853052139282, 0.7620244026184082, 0.398216844888131, 1791227925590340750, 
0.048029959201812744, -0.44399791955947876, 0.466660155437953, 1791227925617702312, 
0.13786852359771729, -0.2957220673561096, 0.42461722220385506, 1791227925647879666, 
-0.29360276460647583, 0.795903205871582, 0.4051523946649316, 1791227925677774498, 
1.278961181640625, -0.46846914291381836, 0.3957933685778166, 1791227925707871736, 
0.16909408569335938, 0.31286299228668213, 0.38753967853518007, 1791227925737881611, 
-0.4237433671951294, 0.5000420808792114, 0.3868223493932625, 1791227925767942791, 
-0.6060929894447327, -0.5795096755027771, 0.40270497362369295, 1791227925798389732, 
-0.2890230417251587, -0.013456463813781738, 0.42756741136455634, 1791227925830045928, 
0.2602878212928772, 0.8256856203079224, 0.4661923355741608, 1791227925860212951, 
-0.4961230754852295, -0.528023362159729, 0.46886548441133735, 1791227925888258598, 
0.2733079791069031, -0.09583401679992676, 0.41025270455473356, 1791227925918298839, 
-0.19348949193954468, 0.5228486657142639, 0.3822601331149121, 1791227925947400279, 
-0.2420169711112976, -0.6043210625648499, 0.37250911704701956, 1791227925978530423, 
0.6564498543739319, 0.4650000333786011, 0.3798406548119467, 1791227926008584134, 
-0.2674483060836792, 0.40454596281051636, 0.3369784267641768, 1791227926038824967, 
-0.3916940689086914, -0.2706812620162964, 0.35089507985889634, 1791227926070473761, 
0.19463157653808594, 0.000864863395690918, 0.426578143366029, 1791227926100767202, 
-0.26235949993133545, 0.45598238706588745, 0.45366415358151574, 1791227926128804807, 
-0.02347731590270996, -0.08035480976104736, 0.38655325940514457, 1791227926159195894, 
0.09181368350982666, -0.10033023357391357, 0.3692580068597105, 1791227926188944252, 
-0.3480876684188843, 0.15436631441116333, 0.3511749724033359, 1791227926219852922, 
-0.1266804337501526, 0.05998563766479492, 0.37275705981551366, 1791227926249783656, 
-0.22431087493896484, 0.0263482928276062, 0.407340925128329, 1791227926279689249, 
-0.5024229288101196, 0.23248285055160522, 0.40847233481203726, 1791227926310579280, 
0.13189482688903809, 0.021149098873138428, 0.3929605251648033, 1791227926342289956, 
-0.17589420080184937, 0.10824280977249146, 0.4604311705826328, 1791227926369766475, 
0.4074596166610718, 0.003784358501434326, 0.40906248825683117, 1791227926399832065, 
-0.21647101640701294, -0.15010297298431396, 0.39813170063714637, 1791227926430014907, 
-0.2959737777709961, 0.0706377625465393, 0.4045432760591917, 1791227926459821102, 
0.31505489349365234, 0.39993709325790405, 0.39732734572416245, 1791227926489806678, 
-0.4210127592086792, -0.3225019574165344, 0.4088748184168137, 1791227926519947005, 
0.1760154366493225, 0.11087048053741455, 0.42082849249716253, 1791227926550352241, 
-0.3892744183540344, 0.4719618558883667, 0.4084414790518547, 1791227926582942610, 
-0.12734073400497437, -0.35504311323165894, 0.4861752733722991, 1791227926610132172, 
0.16483396291732788, 0.23371636867523193, 0.4137261941306927, 1791227926640421432, 
0.17784619331359863, 0.5065962076187134, 0.4164472623992246, 1791227926670012993, 
-0.408508837223053, -0.7492917776107788, 0.3860897420432063, 1791227926700066705, 
-0.11295413970947266, 0.25345754623413086, 0.3973962751873099, 1791227926730111331, 
-0.2709583640098572, 0.659286618232727, 0.40062242931326475, 1791227926760191366, 
0.19105899333953857, -0.58161461353302, 0.38419336749682653, 1791227926790257603, 
-0.14619427919387817, 0.6098349690437317, 0.3365619444923633, 1791227926822612253, 
-0.486624538898468, -0.2604596018791199, 0.39052442661090353, 1791227926850382474, 
0.07610279321670532, -0.18939518928527832, 0.4063312476276456, 1791227926879538353, 
-0.30604690313339233, 0.920741617679596, 0.38075657298598564, 1791227926910446328, 
0.37205344438552856, -0.5226328372955322, 0.3758560830353192, 1791227926940572774, 
-0.3921196460723877, 0.20416462421417236, 0.38199283929801053, 1791227926970607961, 
-0.008727550506591797, -0.10031813383102417, 0.4016970150913355, 1791227927000734052, 
0.3516918420791626, 0.12651681900024414, 0.42090756861730066, 1791227927030793190, 
0.25609707832336426, 0.455932080745697, 0.3799450502313033, 1791227927062374533, 
0.007306337356567383, -0.37725627422332764, 0.3648174617545537, 1791227927094681256, 
-0.10401999950408936, 0.3972485065460205, 0.44670811547390543, 1791227927121028262, 
-0.1992674469947815, 0.2144905924797058, 0.41210983584417593, 1791227927151004784, 
0.03487586975097656, -0.39176928997039795, 0.4216682672560824, 1791227927181073578, 
-0.6523868441581726, 0.6948765516281128, 0.39401803006364694, 1791227927211177387, 
0.038154006004333496, -0.22938668727874756, 0.3773937871721116, 1791227927241211808, 
-0.09351813793182373, -0.3379054665565491, 0.3918094693501792, 1791227927271336943, 
0.4488999843597412, 0.5789855718612671, 0.39763120671432667, 1791227927302317592, 
0.05049574375152588, 0.02831292152404785, 0.37818490529923376, 1791227927334328328, 
-0.2037113904953003, -0.23029595613479614, 0.4569641059246101, 1791227927360522822, 
0.08155924081802368, 0.17008960247039795, 0.3803358543224588, 1791227927391518941, 
-0.032150864601135254, 0.043133676052093506, 0.3912222155766556, 1791227927421619139, 
0.544270932674408, 0.36924487352371216, 0.42326288582144156, 1791227927451711877, 
-0.22180575132369995, -0.043870627880096436, 0.4306150865233809, 1791227927481822953, 
0.4298468232154846, -0.12777972221374512, 0.411632315578533, 1791227927512138933, 
-0.3230794668197632, 0.6342771649360657, 0.39648422715347825, 1791227927542917975, 
-0.20865362882614136, -0.6285494565963745, 0.3992186082633745, 1791227927574221767, 
-0.42375606298446655, 0.26280462741851807, 0.4374680175375267, 1791227927602038540, 
-0.014452338218688965, 0.69566410779953, 0.3905482323680642, 1791227927632106116, 
0.33181965351104736, -0.770585834980011, 0.3714563168974576, 1791227927662187637, 
-0.03813451528549194, 0.44056427478790283, 0.35607376332276136, 1791227927692298973, 
0.22498786449432373, 0.6010474562644958, 0.38720867083052746, 1791227927722424455, 
-0.414522647857666, -0.10643082857131958, 0.42728630802123985, 1791227927751499597, 
-0.16392314434051514, -0.2650849223136902, 0.39380002031169675, 1791227927782412261, 
0.05839180946350098, 0.5905911326408386, 0.39548737869489686, 1791227927813438778, 
0.17968732118606567, -0.030933141708374023, 0.3497356803916469, 1791227927845327570, 
0.06222188472747803, -0.10931611061096191, 0.41165513900124995, 1791227927872750604, 
-0.2444450855255127, 0.1188194751739502, 0.39655611487261005, 1791227927902783327, 
-0.12689119577407837, 0.23641043901443481, 0.3904242367026467, 1791227927932843418, 
0.2820308208465576, -0.0390583872795105, 0.3886460560838248, 1791227927962858803, 
-0.651505708694458, 0.03117293119430542, 0.3770059835957629, 1791227927992891718, 
0.26768237352371216, 0.21339184045791626, 0.4117085472573255, 1791227928022986254, 
0.18617957830429077, 0.0783420205116272, 0.4065111631986704, 1791227928054920687, 
-0.02335113286972046, -0.15971237421035767, 0.3886608836482601, 1791227928086200812, 
0.0717165470123291, 0.3028221130371094, 0.4390395932838615, 1791227928113216054, 
0.13296860456466675, -0.04006844758987427, 0.3630372969066617, 1791227928143260353, 
-0.21783584356307983, -0.28148353099823, 0.3790953420400238, 1791227928173293922, 
0.328185498714447, 0.6346337795257568, 0.40824710811911197, 1791227928203366152, 
0.08271634578704834, -0.07268303632736206, 0.4206159374778611, 1791227928233407662, 
0.11601752042770386, 0.03342634439468384, 0.4201136669645703, 1791227928263508793, 
0.00616079568862915, 0.18541944026947021, 0.3594713779107346, 1791227928294907625, 
-0.18865585327148438, -0.18027633428573608, 0.3721614501079646, 1791227928326595114, 
0.24626123905181885, 0.39745378494262695, 0.4604228094486718, 1791227928353745633, 
-0.8526324033737183, -0.2085871696472168, 0.39624540597771496, 1791227928383764979, 
0.29431164264678955, 0.21478289365768433, 0.41292347720159384, 1791227928413844124, 
0.36181068420410156, 0.4532489776611328, 0.3864524587567697, 1791227928443967411, 
0.10858792066574097, -0.7996988892555237, 0.39970708997519216, 1791227928474049934, 
-0.25396502017974854, 0.7655032873153687, 0.42593002894402526, 1791227928504044908, 
0.19243592023849487, 0.12112843990325928, 0.4084817018701386, 1791227928534759198, 
-0.16975104808807373, -0.6220908761024475, 0.3770712675944914, 1791227928566626355, 
0.17071115970611572, 0.6967259049415588, 0.38593122771628396, 1791227928596162715, 
0.0851241946220398, -0.015091896057128906, 0.3929733547099978, 1791227928624831251, 
-0.014136314392089844, -0.3167354464530945, 0.3848726791457863, 1791227928654848229, 
0.15949493646621704, 0.4477805495262146, 0.41089063266811665, 1791227928684830285, 
-0.3498992323875427, 0.016566753387451172, 0.41248068170677665, 1791227928714870017, 
-0.09677785634994507, -0.258663535118103, 0.39826929291380947, 1791227928744853232, 
-0.11896127462387085, 0.3817765712738037, 0.38326604920692964, 1791227928774940561, 
0.26863110065460205, -0.1623186469078064, 0.37728652599636675, 1791227928806532262, 
0.32388412952423096, 0.06359720230102539, 0.39267910709996523, 1791227928837693253, 
0.04061192274093628, 0.2762448191642761, 0.4295498527352848, 1791227928865088781, 
-0.20739293098449707, -0.08256864547729492, 0.3714298580062378, 1791227928895087592, 
-0.09903216361999512, 0.08136856555938721, 0.3834354919091644, 1791227928925117536, 
0.045729756355285645, -0.05794018507003784, 0.4045761123483144, 1791227928955126650, 
-0.12084579467773438, 0.3705543875694275, 0.42190862565445186, 1791227928985117425, 
-0.5262657999992371, 0.08227652311325073, 0.41316645146536213, 1791227929015246696, 
-0.1341632604598999, -0.2424437403678894, 0.3957829958237535, 1791227929046282900, 
0.30303019285202026, 0.2843206524848938, 0.3693957338119568, 1791227929078921290, 
0.048950254917144775, 0.015104591846466064, 0.45054213890099626, 1791227929105378008, 
-0.35843414068222046, -0.11544936895370483, 0.39355907368783233, 1791227929135394937, 
0.09609472751617432, 0.22806000709533691, 0.3938494566313198, 1791227929165440951, 
0.024359524250030518, -0.167627215385437, 0.4023964669419167, 1791227929195516190, 
-0.018033206462860107, 0.37816184759140015, 0.3934673414518941, 1791227929225562305, 
0.07842451333999634, -0.20644456148147583, 0.4008637877043763, 1791227929255705328, 
-0.23562544584274292, 0.04136180877685547, 0.3957021297502251, 1791227929286495275, 
0.10678166151046753, 0.4757111072540283, 0.37303969770068984, 1791227929318254152, 
-0.03831326961517334, -0.40560048818588257, 0.4256371305591225, 1791227929345959715, 
-0.22048205137252808, -0.4450753331184387, 0.39444995367098395, 1791227929376159007, 
0.3345397114753723, 0.7051212191581726, 0.40711266817677905, 1791227929406036683, 
-0.12878644466400146, 0.044108033180236816, 0.3998922214271882, 1791227929436088795, 
-0.2211524248123169, -0.5747617483139038, 0.4102669338663228, 1791227929466126169, 
-0.05110973119735718, 0.7375592589378357, 0.421919127910099, 1791227929496465634, 
-0.046363890171051025, -0.04168611764907837, 0.4010942041061739, 1791227929526698355, 
-0.22710496187210083, -0.25847411155700684, 0.37220546645427394, 1791227929558525789, 
0.24339747428894043, 0.5873728394508362, 0.39949727590885126, 1791227929588436822, 
0.30703383684158325, 0.32839375734329224, 0.4108249103403385, 1791227929626464391, 
0.06705427169799805, -0.10935378074645996, 0.3645947628950429, 1791227929656761429, 
-0.21582800149917603, 0.12916511297225952, 0.3882674004270023, 1791227929685638566, 
-0.19845885038375854, -0.3139060139656067, 0.3673887161657253, 1791227929718946934, 
0.15075379610061646, 0.574611246585846, 0.3906238714458967, 1791227929749573422, 
0.09591895341873169, -0.20579206943511963, 0.43452554144266264, 1791227929776942059, 
0.5362188220024109, -0.13455653190612793, 0.3878254089447269, 1791227929806917750, 
0.11297804117202759, 0.5641303658485413, 0.3857072484551745, 1791227929836931479, 
-0.36467593908309937, -0.4241147041320801, 0.39628310794242844, 1791227929867000161, 
-0.2440335750579834, 0.33069175481796265, 0.4074511835146536, 1791227929897094266, 
0.3792497515678406, 0.11419373750686646, 0.41401519136612824, 1791227929927207355, 
-0.6381980180740356, -0.1630842685699463, 0.3557463280135453, 1791227929958587307, 
-0.10982024669647217, 0.08428943157196045, 0.3593971289148527, 1791227929990464637, 
0.7466704249382019, -0.012253820896148682, 0.4761477250001325, 1791227930017392866, 
0.20190346240997314, 0.273914098739624, 0.4230497577602721, 1791227930047412953, 
-0.027968645095825195, 0.05671346187591553, 0.4261590142698157, 1791227930077458331, 
-0.012993812561035156, -0.20045578479766846, 0.3893207489237708, 1791227930107537270, 
0.330563485622406, 0.17507994174957275, 0.3857283195305381, 1791227930135646112, 
-0.48079508543014526, 0.08791613578796387, 0.3675040477792862, 1791227930167704036, 
0.446630597114563, -0.25553417205810547, 0.4142105226237034, 1791227930198324191, 
0.13751399517059326, 0.47263336181640625, 0.40522677476519414, 1791227930230736674, 
0.12205559015274048, -0.03133547306060791, 0.436869113806626, 1791227930257906242, 
-0.10815834999084473, -0.505989670753479, 0.3970072639565829, 1791227930287947123, 
-0.03867745399475098, 0.9240152835845947, 0.423612731996367, 1791227930317984504, 
-0.16708511114120483, -0.26709598302841187, 0.4052385338440868, 1791227930348153680, 
-0.32182496786117554, -0.4068012833595276, 0.4174250748752521, 1791227930378143357, 
0.32893848419189453, 0.8767472505569458, 0.4082528701750257, 1791227930408249096, 
0.09821677207946777, -0.6173485517501831, 0.3815898235276196, 1791227930438320759, 
-0.4398086667060852, 0.11937856674194336, 0.3807744054087491, 1791227930470258145, 
0.5787191987037659, 0.5306268930435181, 0.4420438807094985, 1791227930498486844, 
-0.1788768768310547, -0.755620539188385, 0.39510898866566124, 1791227930528582691, 
-0.21481603384017944, 0.6069599390029907, 0.3776464205627414, 1791227930558495682, 
-0.09765058755874634, 0.26454001665115356, 0.3644642999737492, 1791227930588601401, 
-0.35120654106140137, -0.544822633266449, 0.3906569956481984, 1791227930617669252, 
0.38232630491256714, 0.3582755923271179, 0.40409582416125883, 1791227930648757614, 
-0.23622649908065796, -0.02552860975265503, 0.3879258988211123, 1791227930679250767, 
0.08318883180618286, 0.1554487943649292, 0.35263809010716846, 1791227930710259862, 
-0.1486567258834839, -0.038244009017944336, 0.3608933965111052, 1791227930742000089, 
0.19697612524032593, -0.2797815203666687, 0.4242826182769372, 1791227930769040395, 
0.28374046087265015, 0.7520461678504944, 0.399318524672068, 1791227930799024736, 
0.1538478136062622, -0.46698927879333496, 0.33488393597029686, 1791227930822508573, 
0.07295584678649902, 0.5945334434509277, 0.4395492256627028, 1791227930849362482, 
0.08016347885131836, -0.18405437469482422, 0.38738287782363473, 1791227930879260412, 
-0.4417322874069214, -0.08788961172103882, 0.3849141097947371, 1791227930910042466, 
0.02571946382522583, 0.20990216732025146, 0.42501414734665344, 1791227930940017468, 
0.2838900089263916, 0.004885256290435791, 0.43344278456138147, 1791227930970037121, 
0.34249550104141235, 0.31991779804229736, 0.41072840971624625, 1791227931000012015, 
0.28579944372177124, 0.041515886783599854, 0.3990612956315176, 1791227931030267431, 
-0.1845306158065796, -0.19730573892593384, 0.35646637988630137, 1791227931063143585, 
-0.06376969814300537, 0.39405757188796997, 0.44181775432050685, 1791227931090146805, 
0.13163548707962036, 0.1299939751625061, 0.39792556675397134, 1791227931120317080, 
-0.07720834016799927, -0.5714837908744812, 0.3993598703352291, 1791227931150154346, 
0.11899417638778687, 0.5553821921348572, 0.41625142541783744, 1791227931180090645, 
-0.22139638662338257, -0.11753618717193604, 0.40546490237918736, 1791227931210227168, 
-0.3129057288169861, -0.2858494520187378, 0.41019232826441543, 1791227931240449648, 
0.15134596824645996, 0.7105835676193237, 0.40451180349821786, 1791227931270343238, 
-0.11140859127044678, -0.3373405337333679, 0.3434411966049114, 1791227931303613615, 
-0.21529406309127808, -0.057387709617614746, 0.430128950875451, 1791227931330333555, 
-0.37475985288619995, 0.7707785964012146, 0.38943515047296584, 1791227931360365844, 
0.00446087121963501, -0.706575334072113, 0.4091944391092355, 1791227931390369621, 
-0.11852270364761353, 0.08886754512786865, 0.41294299829665687, 1791227931420424042, 
-0.06344801187515259, 0.390999972820282, 0.40705655936498597, 1791227931450492679, 
-0.019411921501159668, -0.23623400926589966, 0.39261345774393364, 1791227931479655633, 
0.21282756328582764, 0.06238734722137451, 0.3818408215273983, 1791227931510678830, 
-0.13640111684799194, -0.10275185108184814, 0.3868877077501363, 1791227931542553478, 
-0.2676544785499573, 0.2409578561782837, 0.4113310784683413, 1791227931570855616, 
0.07957738637924194, 0.01801961660385132, 0.37508240979328783, 1791227931600968713, 
-0.4870193600654602, -0.15894043445587158, 0.37547689474975, 1791227931630898205, 
0.2640308141708374, 0.18403291702270508, 0.39542491579030087, 1791227931660958605, 
-0.4639415144920349, 0.028557956218719482, 0.42881952780855076, 1791227931691064710, 
-0.21226656436920166, -0.058555543422698975, 0.41351394653288914, 1791227931721132863, 
0.27063536643981934, 0.16538190841674805, 0.384544955647835, 1791227931751215667, 
0.045949578285217285, -0.03288549184799194, 0.3551682081765237, 1791227931782553006, 
0.13207513093948364, -0.0217401385307312, 0.3740465258098287, 1791227931814941392, 
0.06134766340255737, 0.09382539987564087, 0.4771581770658734, 1791227931841448211, 
-0.20656025409698486, 0.15628796815872192, 0.41290894314314186, 1791227931871469115, 
0.08840030431747437, -0.040832698345184326, 0.407819063143767, 1791227931901474743, 
-0.50009685754776, -0.07027143239974976, 0.40305765313327013, 1791227931931541394, 
0.2789071202278137, 0.26504743099212646, 0.44103096918890466, 1791227931960634299, 
0.45350396633148193, 0.05357390642166138, 0.4228914587446056, 1791227931991750157, 
-0.14870154857635498, -0.27561086416244507, 0.39733424568724063, 1791227932022593828, 
0.018907010555267334, 0.3669202923774719, 0.3790093805014567, 1791227932054703173, 
-0.45356422662734985, 0.04792565107345581, 0.4384569607953118, 1791227932081999782, 
0.027720749378204346, -0.5461472868919373, 0.39663962471793435, 1791227932111955020, 
0.34860217571258545, 0.8853135704994202, 0.4102166807131911, 1791227932142015410, 
0.32775944471359253, -0.0903388261795044, 0.3947827232638286, 1791227932172137000, 
-0.2302737832069397, -0.6324051022529602, 0.4020172297965658, 1791227932202378931, 
0.3142697215080261, 0.8355988264083862, 0.38600834590864874, 1791227932232269394, 
-0.30898451805114746, -0.2050769329071045, 0.3564569976629197, 1791227932263289814, 
0.37651461362838745, -0.3962984085083008, 0.3678967381182372, 1791227932294775421, 
-0.409811794757843, 0.6982874870300293, 0.40739471861528376, 1791227932324586851, 
-0.3544503450393677, -0.4194803237915039, 0.43103917389960716, 1791227932352797222, 
0.4948921203613281, 0.044112980365753174, 0.37373657288610074, 1791227932382522745, 
0.13595187664031982, -0.12837499380111694, 0.3239832923455377, 1791227932405184396, 
0.2004278302192688, -0.2906484007835388, 0.43072039006275875, 1791227932443013473, 
-0.1150277853012085, 0.2704325318336487, 0.40575040439792376, 1791227932472923014, 
0.08175843954086304, -0.07588940858840942, 0.3847262792032192, 1791227932503404807, 
0.2431928515434265, 0.15356963872909546, 0.3460860037077733, 1791227932534876449, 
-0.025385558605194092, 0.0944097638130188, 0.3607177197780435, 1791227932566631184, 
-0.5339609384536743, 0.0016289949417114258, 0.4491559798730249, 1791227932603062400, 
-0.11068862676620483, 0.7029278874397278, 0.4031087296073558, 1791227932663289448, 
0.3998250365257263, -0.5302545428276062, 0.36836707460665846, 1791227932694494147, 
-0.07429468631744385, -0.18801647424697876, 0.36378321673316316, 1791227932726588000, 
0.00904148817062378, 0.5708982348442078, 0.4534608142620617, 1791227932753588590, 
0.2211594581604004, -0.32480549812316895, 0.4106654355855929, 1791227932783517188, 
-0.5249406099319458, 0.30022889375686646, 0.3878554389374112, 1791227932813542309, 
0.14193099737167358, -0.21777915954589844, 0.38835932824551744, 1791227932843676692, 
-0.06905370950698853, 0.06587415933609009, 0.41673997797471485, 1791227932873773207, 
-0.21471935510635376, 0.35176706314086914, 0.4119090173107162, 1791227932904726723, 
-0.2659141421318054, -0.2794646620750427, 0.4216959267563152, 1791227932934692218, 
0.026290535926818848, 0.11595529317855835, 0.380956238823701, 1791227932967035640, 
0.28090620040893555, 0.36689215898513794, 0.4666656235067511, 1791227932993928314, 
-0.40711861848831177, -0.48261839151382446, 0.4088047424822953, 1791227933024051960, 
-0.19937556982040405, 0.18371349573135376, 0.3976709887036406, 1791227933054033306, 
0.5048325061798096, 0.3676886558532715, 0.3893735979606596, 1791227933084094969, 
-0.4633474349975586, -0.607912003993988, 0.3925877324043093, 1791227933114207699, 
-0.03766065835952759, 0.40860217809677124, 0.40490479585251876, 1791227933144536546, 
-0.00018334388732910156, 0.5122756361961365, 0.39278192600312195, 1791227933175001559, 
-0.22474944591522217, -0.8755336403846741, 0.363980352790741, 1791227933207704516, 
0.021183371543884277, 0.5114485025405884, 0.41863661016220977, 1791227933236499960, 
-0.3069208860397339, 0.22068822383880615, 0.41010161821231145, 1791227933265074954, 
-0.03841453790664673, -0.2547794580459595, 0.3775421923003915, 1791227933295063981, 
0.1615954041481018, 0.5051681399345398, 0.38228122963092104, 1791227933325063337, 
0.1497194766998291, -0.34956586360931396, 0.3993207421143695, 1791227933355128061, 
0.07715171575546265, 0.12765341997146606, 0.40432437845833086, 1791227933385101943, 
-0.3921261429786682, 0.08685058355331421, 0.3949180995218594, 1791227933415371018, 
0.053138673305511475, -0.15591001510620117, 0.37388892078469566, 1791227933446496534, 
0.37789273262023926, 0.1679673194885254, 0.37105253915296194, 1791227933478337433, 
-0.5467132925987244, -0.05732738971710205, 0.45062640912169366, 1791227933505236768, 
-0.4314610958099365, 0.13544011116027832, 0.39681100803014485, 1791227933535289756, 
0.5226036906242371, 0.004415273666381836, 0.4014976386453721, 1791227933565299092, 
-0.11661523580551147, -0.02586650848388672, 0.38244097816985895, 1791227933595340960, 
0.3407083749771118, 0.11055797338485718, 0.38378840377190515, 1791227933625339701, 
-0.19899797439575195, -0.05079084634780884, 0.4125093864773074, 1791227933655440845, 
-0.12033122777938843, 0.15167969465255737, 0.39506797656747183, 1791227933686441568, 
-0.0027500391006469727, -0.0611799955368042, 0.3634291662523744, 1791227933718456026, 
0.3374181389808655, -0.11158007383346558, 0.4236369026630652, 1791227933745609956, 
0.28982317447662354, 0.5040761828422546, 0.41448328170202525, 1791227933774644359, 
-0.25919127464294434, -0.31064844131469727, 0.4092402818325594, 1791227933805735981, 
-0.25845128297805786, -0.0693785548210144, 0.4108131267374573, 1791227933835780054, 
0.3950480818748474, 0.36216485500335693, 0.42020154788758396, 1791227933865847779, 
-0.7358824014663696, -0.30347341299057007, 0.39824793808475206, 1791227933895937018, 
0.14538943767547607, 0.11743396520614624, 0.3830505082356309, 1791227933926987765, 
0.6168199777603149, 0.5871356725692749, 0.38940672192680803, 1791227933958732031, 
0.11820131540298462, -0.4599289894104004, 0.4246171733120903, 1791227933986186536, 
-0.03201872110366821, 0.03819006681442261, 0.38652374782400134, 1791227934016185217, 
-0.060262858867645264, 0.7099761366844177, 0.3788751017462388, 1791227934046252859, 
-0.19700950384140015, -0.7860532999038696, 0.3740230309287124, 1791227934076304011, 
0.43525367975234985, 0.06040596961975098, 0.4059659015490095, 1791227934106408415, 
0.17941665649414062, 0.6559457778930664, 0.40761083997780795, 1791227934136692666, 
-0.14726775884628296, -0.7631455063819885, 0.4122343141304222, 1791227934166565654, 
0.2008313536643982, 0.42068421840667725, 0.35741080422969473, 1791227934198489262, 
-0.4521036148071289, 0.132953941822052, 0.3736774703826024, 1791227934227640803, 
0.35265785455703735, -0.4184994101524353, 0.40193493310451006, 1791227934256749046, 
-0.6197198033332825, 0.48444104194641113, 0.3912400644333296, 1791227934286776879, 
0.01443779468536377, -0.25399255752563477, 0.3690237702937053, 1791227934308658496, 
-0.22422045469284058, 0.2011762261390686, 0.4287287894262558, 1791227934337028211, 
0.16839295625686646, -0.02193361520767212, 0.3978490429283392, 1791227934367222225, 
0.04045295715332031, -0.15906375646591187, 0.40217194394908146, 1791227934397014492, 
0.05733048915863037, 0.41710227727890015, 0.40929652626614615, 1791227934427131376, 
-0.1169508695602417, -0.2447504997253418, 0.40598534786988283, 1791227934457283092, 
-0.2254130244255066, 0.3525692820549011, 0.3988902981956607, 1791227934487268194, 
-0.019672393798828125, -0.06055861711502075, 0.3668293280176737, 1791227934518519982, 
-0.5403414964675903, -0.12458163499832153, 0.37550427438120426, 1791227934550853658, 
0.25269949436187744, 0.18460839986801147, 0.4816330306356208, 1791227934577462115, 
-0.07320564985275269, -0.11564213037490845, 0.42541424552805907, 1791227934607486818, 
-0.07117444276809692, 0.17757689952850342, 0.40937814529419975, 1791227934637531778, 
0.10066378116607666, 0.052299439907073975, 0.3996172805845439, 1791227934666653451, 
-0.07567286491394043, -0.2767223119735718, 0.397622903160872, 1791227934696674582, 
0.3022881746292114, 0.5234590768814087, 0.3977116435631972, 1791227934727775094, 
0.015906929969787598, -0.24881422519683838, 0.3964015929486451, 1791227934758980905, 
-0.44179248809814453, -0.24515300989151, 0.3796617373412039, 1791227934790753769, 
0.45749354362487793, 0.6303180456161499, 0.4430550686744391, 1791227934817988573, 
-0.2128879427909851, -0.3416209816932678, 0.4108691159672017, 1791227934848043689, 
-0.04429250955581665, -0.09911191463470459, 0.42754274449340995, 1791227934878066357, 
-0.06483829021453857, 0.5915732383728027, 0.4037164016874848, 1791227934908210007, 
-0.3634262681007385, -0.3859238028526306, 0.384093443822849, 1791227934938295433, 
0.16893666982650757, -0.052149295806884766, 0.38542274301211626, 1791227934968339958, 
-0.13818353414535522, 0.6322104334831238, 0.3726665760233251, 1791227934999111359, 
-0.2715080976486206, -0.5415356755256653, 0.3854086796423578, 1791227935030543989, 
-0.011184394359588623, 0.08647125959396362, 0.4422079612541022, 1791227935058478056, 
0.028130769729614258, 0.4313531517982483, 0.4045967534582441, 1791227935088554255, 
-0.1917669177055359, -0.4864727854728699, 0.3906944746383645, 1791227935118589921, 
0.23347121477127075, 0.17928212881088257, 0.3843512304920438, 1791227935148699521, 
-0.3604767918586731, 0.11415106058120728, 0.3941520243999915, 1791227935179042684, 
-0.10624182224273682, -0.13347947597503662, 0.38848956909599697, 1791227935208870211, 
0.09960108995437622, 0.2538367509841919, 0.4015191994944056, 1791227935237903828, 
-0.27331316471099854, -0.1814260482788086, 0.3454813585202316, 1791227935271061229, 
-0.06490194797515869, -0.0003427267074584961, 0.39492761988459785, 1791227935300694020, 
-0.5019696950912476, 0.043166160583496094, 0.44875149801645653, 1791227935329217217, 
-0.08553767204284668, -0.1925443410873413, 0.4407409022621556, 1791227935359180918, 
-0.030072450637817383, 0.33551114797592163, 0.40356129892971665, 1791227935389248403, 
0.056823015213012695, -0.14852523803710938, 0.38831413590820246, 1791227935419515611, 
0.22515195608139038, 0.04452359676361084, 0.3878079310761756, 1791227935449552095, 
0.02903115749359131, 0.13192975521087646, 0.41361057648643174, 1791227935479426547, 
-0.21548151969909668, -0.007340550422668457, 0.4116824313165687, 1791227935510854105, 
-0.06087779998779297, -0.01400214433670044, 0.36526885093853834, 1791227935542925909, 
-0.3395204544067383, -0.13176053762435913, 0.4295150379388294, 1791227935569812426, 
-0.1095426082611084, 0.2932477593421936, 0.39426110977598683, 1791227935599776064, 
-0.1049267053604126, -0.06337904930114746, 0.4168122137550074, 1791227935629758461, 
-0.48396241664886475, -0.18163812160491943, 0.4052203085593307, 1791227935659798983, 
0.12944263219833374, 0.21800583600997925, 0.4031924806619015, 1791227935689881247, 
-0.09864062070846558, -0.03314650058746338, 0.3825927504425282, 1791227935720196768, 
-0.34978312253952026, -0.570807158946991, 0.3737609265217498, 1791227935750576609, 
0.017108917236328125, 0.7122976779937744, 0.3867652986352344, 1791227935783430571, 
-0.14479213953018188, 0.07726401090621948, 0.4655802576679235, 1791227935810176187, 
0.08175027370452881, -0.7510075569152832, 0.3999720008761186, 1791227935840201749, 
0.06962037086486816, 0.9541168212890625, 0.3882762721231573, 1791227935870279238, 
-0.5158200263977051, -0.2965834140777588, 0.39817745218375056, 1791227935900359082, 
0.6218183040618896, -0.285744309425354, 0.41953775885112554, 1791227935930428515, 
-0.12037330865859985, 0.8307186365127563, 0.4104293011150842, 1791227935960470707, 
-0.37384331226348877, -0.7030436396598816, 0.4223775412731846, 1791227935989675998, 
-0.25443947315216064, 0.13903778791427612, 0.36659394358604586, 1791227936022891892, 
-0.34530913829803467, 0.3699333071708679, 0.4128559715475052, 1791227936050872990, 
-0.14767277240753174, -0.06189286708831787, 0.3849088573196276, 1791227936080954346, 
-0.19884741306304932, -0.08027839660644531, 0.38352229377358266, 1791227936110804513, 
-0.06076622009277344, 0.05575120449066162, 0.3888321924604677, 1791227936140885835, 
-0.12252414226531982, 0.1008145809173584, 0.38991277309578415, 1791227936169931860, 
0.04281848669052124, -0.007830262184143066, 0.37631176189348525, 1791227936200980016, 
-0.1906331181526184, 0.04300332069396973, 0.393191748343166, 1791227936231254907, 
0.0830947756767273, -0.16887390613555908, 0.37602872550881017, 1791227936263060742, 
-0.48835086822509766, 0.3906973600387573, 0.39726749646920034, 1791227936293395821, 
0.21045911312103271, -0.20661699771881104, 0.42822932690555543, 1791227936321360035, 
-0.27248209714889526, -0.13936209678649902, 0.394286473255871, 1791227936351375012, 
0.06112486124038696, 0.49729353189468384, 0.3876257087383949, 1791227936381430258, 
0.42025959491729736, -0.1799735426902771, 0.4045390167133255, 1791227936411428313, 
-0.48588263988494873, 0.28022491931915283, 0.40200124988516067, 1791227936441486373, 
-0.41354161500930786, -0.3144060969352722, 0.3989873108336294, 1791227936471577347, 
0.14707577228546143, 0.06082344055175781, 0.40721859453760706, 1791227936503062185, 
-0.23604851961135864, 0.28859472274780273, 0.40304582598728683, 1791227936535036924, 
0.2285001277923584, -0.2902560830116272, 0.4589352265702586, 1791227936561861292, 
-0.16068047285079956, 0.5129022002220154, 0.40072775935822147, 1791227936591861911, 
0.2980501651763916, -0.21404635906219482, 0.3919715722763851, 1791227936621908005, 
-0.19355100393295288, -0.32704728841781616, 0.39380018667755357, 1791227936651966538, 
-0.27487361431121826, 0.81693035364151, 0.40412792375201223, 1791227936682052228, 
0.29475492238998413, -0.4116747975349426, 0.3922851306708165, 1791227936712161060, 
-0.5312901139259338, -0.19003868103027344, 0.37020905782571784, 1791227936743192701, 
0.21636039018630981, 0.6842566728591919, 0.3626349848649192, 1791227936775101565, 
0.12622040510177612, -0.39907974004745483, 0.4573945197883995, 1791227936802383989, 
-0.012854278087615967, 0.23149645328521729, 0.41644191139337616, 1791227936832419854, 
0.09495335817337036, 0.18664449453353882, 0.4056188164374647, 1791227936862439718, 
-0.1350572109222412, -0.4469776749610901, 0.3913752207170351, 1791227936892500407, 
0.09130197763442993, 0.3094096779823303, 0.3782363931514616, 1791227936922573113, 
-0.2607402205467224, 0.1631782054901123, 0.3752497501129949, 1791227936952776603, 
-0.2875809073448181, -0.22742164134979248, 0.389835141693566, 1791227936982859796, 
0.18972307443618774, 0.06437373161315918, 0.3900976101296424, 1791227937015019304, 
-0.6214727163314819, 0.2611427903175354, 0.393810404772492, 1791227937045383281, 
-0.06974577903747559, -0.07328629493713379, 0.42486718326204337, 1791227937072987414, 
0.1600838303565979, -0.05253225564956665, 0.3872955097702875, 1791227937102966701, 
-0.19245702028274536, 0.12027215957641602, 0.3784055878560965, 1791227937133035104, 
0.2830762267112732, 0.11722308397293091, 0.42273434524516906, 1791227937163136214, 
-0.7220379710197449, -0.14892423152923584, 0.42163158274539475, 1791227937193223000, 
-0.06215715408325195, -0.01548302173614502, 0.4077198940483178, 1791227937223292013, 
0.3226659297943115, 0.1726859211921692, 0.36641105273281666, 1791227937255344091, 
0.004959821701049805, -0.0873214602470398, 0.39802937613922595, 1791227937285650355, 
0.27081573009490967, 0.07991141080856323, 0.4318874656434888, 1791227937313536601, 
-0.359386146068573, 0.20526403188705444, 0.39330310223981996, 1791227937343504497, 
0.14529210329055786, -0.11074608564376831, 0.40657898673909937, 1791227937373606396, 
0.25596076250076294, 0.1475158929824829, 0.38598830370713644, 1791227937403681144, 
-0.8117712736129761, -0.0860375165939331, 0.4157302938021493, 1791227937433743715, 
0.040312230587005615, 0.20468205213546753, 0.4528763661677284, 1791227937463878724, 
0.09164828062057495, -0.04794186353683472, 0.40519899557192396, 1791227937494826312, 
-0.18686270713806152, -0.4319468140602112, 0.3781697009588706, 1791227937526701955, 
0.303108274936676, 0.8159562349319458, 0.4569397299534317, 1791227937553044067, 
-0.3152403235435486, -0.3246975541114807, 0.38801485057025675, 1791227937584176269, 
0.1088099479675293, -0.4365891218185425, 0.40656769666208425, 1791227937614180756, 
0.24176108837127686, 0.9164570569992065, 0.39094077244570674, 1791227937644297535, 
0.09558248519897461, -0.292034387588501, 0.38519653913970847, 1791227937674631801, 
-0.04441201686859131, -0.14122158288955688, 0.37852468904545683, 1791227937704511247, 
-0.10190927982330322, 0.15662258863449097, 0.38684901989402115, 1791227937734820706, 
-0.17066025733947754, 0.4651716351509094, 0.37288804714804297, 1791227937767097390, 
0.2981140613555908, -0.6426907777786255, 0.4493232791829444, 1791227937794566604, 
-0.22460108995437622, 0.5364857912063599, 0.40019681920047706, 1791227937825246915, 
-0.16967171430587769, 0.1420208215713501, 0.3768735505554884, 1791227937855276839, 
0.2957655191421509, -0.3979814052581787, 0.3878607885151837, 1791227937885286296, 
-0.42729729413986206, 0.28244274854660034, 0.3890738692322418, 1791227937915367187, 
-0.15114808082580566, -0.07288819551467896, 0.40122078383979215, 1791227937945327538, 
-0.22898703813552856, 0.1571938395500183, 0.3940988653402819, 1791227937975404029, 
-0.26599299907684326, -0.0832071304321289, 0.3679910583698943, 1791227938006748505, 
0.43764668703079224, -0.16657805442810059, 0.38078230551718567, 1791227938037823353, 
0.3574340343475342, 0.5554649829864502, 0.43459172123104517, 1791227938065455723, 
-0.1353936791419983, -0.3225818872451782, 0.3947289485703511, 1791227938095428025, 
-0.16653025150299072, 0.20355117321014404, 0.3800024355856891, 1791227938125754718, 
-0.03083348274230957, 0.19811517000198364, 0.3738546439829747, 1791227938155579626, 
-0.09461784362792969, -0.28242427110671997, 0.39011015702478485, 1791227938185592141, 
-0.455264151096344, 0.35826241970062256, 0.3982747364932083, 1791227938215965902, 
-0.309235155582428, -0.08414244651794434, 0.4051045750076355, 1791227938247061915, 
0.5680992603302002, 0.15448534488677979, 0.39731226190019625, 1791227938279302623, 
-0.021032512187957764, 0.08550965785980225, 0.44980313085518986, 1791227938305768972, 
0.17507892847061157, -0.39392971992492676, 0.40687383304565544, 1791227938335718151, 
0.05264604091644287, 0.6084193587303162, 0.40597583340201443, 1791227938366089436, 
-0.1254395842552185, -0.2316889762878418, 0.39753349290293827, 1791227938395847755, 
0.03444039821624756, -0.1137998104095459, 0.39336414481921933, 1791227938426107557, 
0.3434969186782837, 0.5730332136154175, 0.4093861468115896, 1791227938455972395, 
-0.16077959537506104, -0.4501129984855652, 0.4194530958706718, 1791227938486321397, 
-0.2906906008720398, 0.14292937517166138, 0.3789938446732244, 1791227938518680374, 
0.09416574239730835, 0.3198632001876831, 0.43746589383845164, 1791227938546560734, 
0.0007160305976867676, -0.40333062410354614, 0.39766741270468003, 1791227938576287551, 
-0.535735011100769, 0.21172726154327393, 0.3687708808656319, 1791227938606362824, 
0.006775856018066406, 0.45316165685653687, 0.38420529066748965, 1791227938636612887, 
0.35548317432403564, 0.045499324798583984, 0.40056723603330363, 1791227938696489040, 
-0.5223011374473572, 0.670952320098877, 0.40440746061713395, 1791227938727154725, 
0.34762042760849, -0.47625893354415894, 0.363860829608948, 1791227938758953585, 
-0.03604090213775635, 0.24421334266662598, 0.3779279204631404, 1791227938789010918, 
-0.21736431121826172, 0.020257294178009033, 0.4227702284644427, 1791227938817038899, 
0.4232317805290222, -0.002277195453643799, 0.41208679770630924, 1791227938846882244, 
-0.4340856671333313, 0.4435957074165344, 0.38390344767974016, 1791227938877150868, 
0.39516907930374146, -0.3143221139907837, 0.3711356927905428, 1791227938906982610, 
-0.18052572011947632, 0.21740776300430298, 0.39722453690872833, 1791227938937022707, 
-0.6108787655830383, -0.04763525724411011, 0.4251539289569694, 1791227938967116895, 
-0.04247647523880005, 0.028467178344726562, 0.39878323455448694, 1791227938999260143, 
-0.13702261447906494, 0.44917815923690796, 0.39318628468063255, 1791227939029956701, 
0.5563161373138428, -0.43424785137176514, 0.42220341648077414, 1791227939057460962, 
0.12363851070404053, 0.20936477184295654, 0.4041510175256104, 1791227939086639408, 
-0.35966336727142334, 0.11814618110656738, 0.40225577147776576, 1791227939117471964, 
0.07253497838973999, -0.05226576328277588, 0.4213625127778169, 1791227939147518239, 
0.03570377826690674, 0.3000984191894531, 0.4118718441654335, 1791227939177586903, 
-0.10175144672393799, -0.22516405582427979, 0.4055104100969879, 1791227939206638309, 
-0.08376109600067139, 0.24377351999282837, 0.36494834720897534, 1791227939239887020, 
-0.2970108985900879, -0.015182137489318848, 0.42152787361590893, 1791227939270689002, 
-0.29770177602767944, -0.13310325145721436, 0.4373963236358476, 1791227939307990356, 
-0.03026449680328369, -0.09959912300109863, 0.38592638539886387, 1791227939337996944, 
0.055704355239868164, 0.4947590231895447, 0.37733198483629127, 1791227939368048909, 
-0.11485803127288818, 0.15259695053100586, 0.3989528671865956, 1791227939398934299, 
-0.48204559087753296, -0.49557435512542725, 0.4081158247400367, 1791227939431170190, 
0.4243990182876587, 0.631886899471283, 0.4562380024237607, 1791227939458568263, 
-0.47919732332229614, -0.09398365020751953, 0.3993637494192219, 1791227939488432708, 
-0.07994908094406128, -0.3625968098640442, 0.3846974295558397, 1791227939518606507, 
0.033796072006225586, 0.6542507410049438, 0.3753850608377473, 1791227939548439028, 
-0.21063917875289917, -0.16120272874832153, 0.3805942490895838, 1791227939578528232, 
-0.11340546607971191, -0.23926979303359985, 0.4017794547093151, 1791227939608550197, 
-0.0727965235710144, 0.5993709564208984, 0.4052307259684505, 1791227939638808591, 
-0.06732219457626343, -0.19458609819412231, 0.3434089118985261, 1791227939671281247, 
0.09357714653015137, -0.34634608030319214, 0.4107394279020787, 1791227939708802992, 
-0.09303021430969238, 0.3209516406059265, 0.41105468019702623, 1791227939739051563, 
0.0908403992652893, 0.03728818893432617, 0.3957698529839807, 1791227939768918501, 
0.040240585803985596, -0.05941426753997803, 0.3928134144657059, 1791227939799186627, 
0.09651148319244385, 0.018712341785430908, 0.37824769454434065, 1791227939860179787, 
-0.3476366400718689, 0.16130954027175903, 0.4270674103564837, 1791227939899362726, 
0.10130453109741211, 0.11125284433364868, 0.44867658077544076, 1791227939929248416, 
-0.1266775131225586, 0.1831875443458557, 0.40680425580225976, 1791227939959307213, 
-0.25244849920272827, -0.14096081256866455, 0.3615757516832228, 1791227939991176087, 
0.33532923460006714, -0.05065375566482544, 0.4012814741552287, 1791227940022147759, 
-0.31537652015686035, 0.3968254327774048, 0.4367223847975321, 1791227940049503018, 
-0.03693205118179321, -0.23695796728134155, 0.36128746376406934, 1791227940071479815, 
-0.3651374578475952, 0.12503886222839355, 0.4404424948793538, 1791227940129801352, 
0.24135351181030273, -0.40845412015914917, 0.42125080553208233, 1791227940159746246, 
-0.14859294891357422, 0.7505296468734741, 0.43102041955696285, 1791227940190052065, 
-0.28810977935791016, -0.0686388611793518, 0.45073255392618194, 1791227940219886611, 
0.046590983867645264, -0.3765612244606018, 0.3789866786779987, 1791227940249982542, 
-0.3494255542755127, 0.623163104057312, 0.3658194593553292, 1791227940279986013, 
-0.04743063449859619, -0.22136253118515015, 0.3915970822029035, 1791227940310794888, 
-0.31171220541000366, -0.03324609994888306, 0.3784619634757343, 1791227940342954587, 
0.08241719007492065, 0.5564504265785217, 0.4363798178558812, 1791227940370278166, 
-0.3473115563392639, -0.20649319887161255, 0.394683619536594, 1791227940400300417, 
0.00232011079788208, -0.22026318311691284, 0.4038100834282387, 1791227940430323346, 
0.19525539875030518, 0.6136381030082703, 0.414297359669819, 1791227940460391088, 
-0.32548630237579346, -0.24362510442733765, 0.3930374676771802, 1791227940490464890, 
-0.02109396457672119, -0.14375245571136475, 0.40369567880289414, 1791227940520521868, 
0.029486775398254395, 0.6787920594215393, 0.39834980681414817, 1791227940550808418, 
-0.017552554607391357, -0.31251078844070435, 0.3385420460409384, 1791227940583402800, 
-0.37650948762893677, 0.00439983606338501, 0.41970981261786927, 1791227940610792807, 
0.45884788036346436, 0.17325961589813232, 0.40295689933021006, 1791227940640815350, 
-0.1852552890777588, -0.005707085132598877, 0.3968436742598284, 1791227940670872616, 
-0.26879411935806274, 0.1657899022102356, 0.39147994997940133, 1791227940700919211, 
-0.0670006275177002, -0.12322300672531128, 0.3934951129409719, 1791227940730962867, 
0.22343099117279053, 0.32256048917770386, 0.39128019639668304, 1791227940761268940, 
0.023453056812286377, -0.026266157627105713, 0.40128520316903327, 1791227940791128129, 
-0.00718379020690918, -0.24350732564926147, 0.36842944207508305, 1791227940823228594, 
-0.08995550870895386, 0.4955272674560547, 0.3942029717314078, 1791227940853756995, 
-0.050447165966033936, -0.25970983505249023, 0.41913892555167254, 1791227940881397504, 
-0.3952677249908447, 0.17564797401428223, 0.3906619188270474, 1791227940911387312, 
0.6142524480819702, 0.02708566188812256, 0.41120148850954485, 1791227940941455222, 
-0.32753241062164307, -0.0359879732131958, 0.43257366246511947, 1791227940971586050, 
-0.5337439179420471, 0.40917277336120605, 0.4386803492342373, 1791227941000643633, 
0.22056245803833008, 0.2312830686569214, 0.37952912678761325, 1791227941031947213, 
-0.29526692628860474, -0.3624614477157593, 0.3681158639191858, 1791227941063129160, 
0.12301760911941528, 0.531218945980072, 0.3570273817526645, 1791227941095319708, 
-0.281995952129364, 0.15912479162216187, 0.4239879921007382, 1791227941122023679, 
-0.6291078329086304, -0.5630651116371155, 0.37989520686080835, 1791227941151934725, 
0.1203618049621582, 0.7642784714698792, 0.4029303836227058, 1791227941182059028, 
-0.2510730028152466, -0.18520820140838623, 0.43354481449011995, 1791227941212040614, 
0.2724350690841675, -0.300217866897583, 0.4337116392411197, 1791227941242093063, 
0.03276580572128296, 0.8412249088287354, 0.4074911350537235, 1791227941271224315, 
-0.4038786292076111, -0.603710949420929, 0.3524526548040318, 1791227941303135768, 
0.6293139457702637, 0.015155375003814697, 0.34983110523061633, 1791227941335474786, 
-0.2539542317390442, 0.8262745141983032, 0.43984154832866995, 1791227941362496417, 
-0.43709778785705566, -0.7858018279075623, 0.41914910608015615, 1791227941392489154, 
0.01491856575012207, 0.3751208186149597, 0.41267563965806714, 1791227941422521589, 
-0.490445077419281, 0.425639271736145, 0.3868959961366756, 1791227941452562611, 
0.04013103246688843, -0.4288250207901001, 0.3872454165995662, 1791227941482744580, 
-0.40434902906417847, 0.5038816332817078, 0.38102687560764104, 1791227941512796027, 
0.18417751789093018, -0.09806323051452637, 0.3851439701382283, 1791227941543372064, 
-0.21622848510742188, 0.10507309436798096, 0.37092745873719474, 1791227941575053536, 
0.1211126446723938, 0.03607064485549927, 0.39407930887129494, 1791227941604970471, 
-0.04663550853729248, 0.04214286804199219, 0.4279140303403753, 1791227941633002838, 
-0.07294350862503052, -0.021931350231170654, 0.39607822956927835, 1791227941663041262, 
-0.20447826385498047, 0.043022096157073975, 0.4132534982127313, 1791227941693147050, 
0.396928608417511, 0.04907393455505371, 0.40933136877865584, 1791227941723227986, 
-0.22271859645843506, 0.16232573986053467, 0.4202432262361373, 1791227941753264411, 
-0.2152455449104309, 0.14574819803237915, 0.4034719164308076, 1791227941783393660, 
0.010779023170471191, -0.21659839153289795, 0.36128372339326265, 1791227941814935110, 
-0.1165723204612732, -0.010748445987701416, 0.37243982772312806, 1791227941846743404, 
-0.07351905107498169, 0.3264160752296448, 0.4615883416319414, 1791227941873607834, 
-0.22822999954223633, 0.06466448307037354, 0.4291246732672676, 1791227941903579305, 
0.2897709012031555, 0.2430487871170044, 0.34577347771570693, 1791227941927377195, 
-0.03328144550323486, 0.2191452980041504, 0.4411425555353535, 1791227941953754473, 
-0.05122935771942139, -0.40708422660827637, 0.39457469296836417, 1791227941983777610, 
-0.0906791090965271, 0.4144513010978699, 0.39134955795727266, 1791227942013905614, 
0.1535423994064331, 0.35320478677749634, 0.3891533889548881, 1791227942043903144, 
-0.253920316696167, -0.5821897983551025, 0.3808930350778236, 1791227942074025843, 
0.15089601278305054, 0.43553680181503296, 0.3791457512408561, 1791227942104130181, 
-0.6839870810508728, 0.4093782305717468, 0.38486522937366086, 1791227942135132333, 
0.22780978679656982, -0.7432339787483215, 0.3934937011515341, 1791227942167201757, 
0.43355023860931396, 0.6703102588653564, 0.47318554356909837, 1791227942193290588, 
0.2907184362411499, 0.35982996225357056, 0.37909628387549776, 1791227942224409343, 
0.09044557809829712, -0.7040311098098755, 0.38983742118894, 1791227942254403924, 
-0.19885754585266113, 0.7885598540306091, 0.3808198215391123, 1791227942284460776, 
0.2733415365219116, -0.16381430625915527, 0.4188619066558168, 1791227942314479461, 
-0.32857227325439453, -0.3367992639541626, 0.4275398711522621, 1791227942344561614, 
-0.2170162796974182, 0.8045388460159302, 0.41995819162347187, 1791227942375403074, 
-0.25791651010513306, -0.3173134922981262, 0.3852617807049134, 1791227942406949422, 
0.13427835702896118, 0.02138274908065796, 0.41193216197661986, 1791227942434833107, 
0.010826587677001953, 0.26879799365997314, 0.3669366993741301, 1791227942465497289, 
-0.3417649269104004, -0.15821808576583862, 0.3757755313172869, 1791227942495479293, 
0.1812819242477417, 0.2608017325401306, 0.37735925144343113, 1791227942525566072, 
-0.11150729656219482, 0.007998108863830566, 0.39455254906284376, 1791227942555581811, 
0.2705702781677246, 0.3063080906867981, 0.4136893135211866, 1791227942585684420, 
-0.11058014631271362, -0.07373076677322388, 0.42982369504054757, 1791227942615711209, 
-0.3543994426727295, -0.33648473024368286, 0.3996545209787771, 1791227942646945970, 
0.19936704635620117, 0.7171093225479126, 0.39033749893738967, 1791227942677845914, 
0.274177610874176, 0.052212536334991455, 0.39152776280160356, 1791227942706045154, 
-0.41351187229156494, 0.03482544422149658, 0.38994191980748844, 1791227942735968754, 
0.3347280025482178, 0.2231253981590271, 0.41245593948591075, 1791227942765832663, 
-0.18253469467163086, 0.25384169816970825, 0.4251754968587605, 1791227942795942837, 
0.17316174507141113, -0.23425942659378052, 0.42761706342198397, 1791227942825907470, 
-0.10119390487670898, 0.14520639181137085, 0.4119381948330518, 1791227942855917205, 
-0.4060658812522888, -0.01022636890411377, 0.39320080018737436, 1791227942887422893, 
-0.22932970523834229, 0.22342824935913086, 0.38443478557463895, 1791227942919262466, 
-0.1478845477104187, 0.3053511381149292, 0.467384827286433, 1791227942945980294, 
0.19803118705749512, -0.560637354850769, 0.4031292403635483, 1791227942976028151, 
0.46453791856765747, 0.33569276332855225, 0.36662450814674025, 1791227943006048158, 
-0.5027683973312378, 0.16579675674438477, 0.36869249822908595, 1791227943036059195, 
0.19524455070495605, -0.350925087928772, 0.4066371258687471, 1791227943066118068, 
0.12105762958526611, 0.7511484622955322, 0.4370559651058231, 1791227943096226927, 
-0.2813698649406433, -0.2785312533378601, 0.42497544561616063, 1791227943127067499, 
0.24337023496627808, -0.23678362369537354, 0.3804953953853488, 1791227943159214096, 
-0.4112756848335266, 0.8292543888092041, 0.4249289237303685, 1791227943186448739, 
0.7476645708084106, -0.3860384225845337, 0.3925759667530544, 1791227943216499998, 
-0.08412396907806396, -0.10912853479385376, 0.39275791728820675, 1791227943246534082, 
-0.6390203237533569, 0.5015676021575928, 0.41363565665444996, 1791227943276572214, 
-0.297917902469635, -0.14140677452087402, 0.41334086567845507, 1791227943305669918, 
-0.19321781396865845, -0.0753372311592102, 0.3956910432620273, 1791227943336772809, 
0.5643256902694702, -0.07510149478912354, 0.4082659868283096, 1791227943367247408, 
0.25248032808303833, 0.5166749358177185, 0.3584196713760457, 1791227943398659119, 
-0.29306119680404663, -0.014002621173858643, 0.384827401695544, 1791227943428981423, 
0.023975908756256104, -0.20077025890350342, 0.4188991161100679, 1791227943457027400, 
0.35044342279434204, 0.48677289485931396, 0.3910220903930026, 1791227943487066058, 
-0.169236421585083, 0.05342632532119751, 0.41684341951366993, 1791227943517112033, 
-0.27797847986221313, -0.31160688400268555, 0.4217624522061211, 1791227943547214917, 
-0.10858982801437378, 0.41216176748275757, 0.4194498323244403, 1791227943577297261, 
0.05283099412918091, -0.06256842613220215, 0.39500233543045865, 1791227943607416378, 
-0.26760751008987427, -0.2636150121688843, 0.379812942442767, 1791227943638977366, 
0.06577175855636597, 0.2609829902648926, 0.38547074234564654, 1791227943670523262, 
-0.018581271171569824, 0.11873996257781982, 0.43149896643217595, 1791227943697578921, 
0.009291648864746094, 0.0455092191696167, 0.4100056191882276, 1791227943727617717, 
-0.39560210704803467, -0.11807703971862793, 0.3971484743518305, 1791227943756674434, 
0.6187438368797302, 0.21498233079910278, 0.34815304685449805, 1791227943787770291, 
-0.45554119348526, 0.2704877257347107, 0.42254935515274744, 1791227943817779752, 
0.11575931310653687, -0.41211003065109253, 0.4352215693933291, 1791227943847938392, 
0.2015867829322815, 0.34974896907806396, 0.38597506052395447, 1791227943878979678, 
-0.3139863610267639, 0.4421348571777344, 0.3455465080727764, 1791227943911548022, 
-0.11725342273712158, -0.7404992580413818, 0.44640277676122825, 1791227943938112813, 
-0.313629686832428, 0.6372814178466797, 0.41558033525282806, 1791227943968136479, 
0.24410617351531982, 0.1502705216407776, 0.40084946237350544, 1791227943998195265, 
-0.28328025341033936, -0.5900735855102539, 0.3663443875624415, 1791227944028307471, 
0.04365938901901245, 0.769928514957428, 0.35963005590581015, 1791227944058382890, 
0.011063456535339355, -0.12554508447647095, 0.3965141861491, 1791227944088443923, 
-0.04245728254318237, -0.2813071608543396, 0.40880370948692224, 1791227944119285445, 
0.15861272811889648, -0.44974738359451294, 0.428620145996781, 1791227944178710041, 
-0.06766104698181152, 0.375177800655365, 0.3623608038195694, 1791227944239030817, 
-0.014455318450927734, -0.23262155055999756, 0.38362753907577607, 1791227944268896302, 
-0.2841414213180542, 0.1663835644721985, 0.38889434751573526, 1791227944298916699, 
-0.25590819120407104, 0.07540130615234375, 0.3855501202260549, 1791227944329044650, 
0.15575939416885376, 0.12095868587493896, 0.3625507511982178, 1791227944359456383, 
0.34922993183135986, 0.29577523469924927, 0.3791248429955241, 1791227944391069072, 
-0.30883151292800903, 0.2338244915008545, 0.4442849341966012, 1791227944418380518, 
-0.1623179316520691, -0.6336260437965393, 0.3897218922382783, 1791227944449239648, 
0.21688717603683472, 0.8020753264427185, 0.37619214276255697, 1791227944479297380, 
-0.10608935356140137, -0.21457600593566895, 0.3750001969192461, 1791227944508323585, 
-0.04613524675369263, -0.32668536901474, 0.38741771882104215, 1791227944539433036, 
0.4737924337387085, 0.516731321811676, 0.40978739592893176, 1791227944569723064, 
-0.33654022216796875, -0.08683526515960693, 0.41329616327378565, 1791227944599550135, 
-0.13900470733642578, 0.33186984062194824, 0.3781889349295897, 1791227944631299816, 
0.3192753791809082, -0.23573744297027588, 0.3715864388626867, 1791227944662370876, 
-0.09665167331695557, 0.33131617307662964, 0.44410245918151076, 1791227944689725363, 
-0.44514960050582886, 0.2031877636909485, 0.4099130875881545, 1791227944719817175, 
-0.3080553412437439, -0.5375193357467651, 0.4113332196415594, 1791227944749863759, 
-0.013154923915863037, 0.5024462938308716, 0.4217310659549034, 1791227944779952153, 
0.11854672431945801, 0.11729246377944946, 0.4294619536598995, 1791227944809967071, 
-0.18525832891464233, -0.35533374547958374, 0.4201319079081176, 1791227944840056288, 
0.4616128206253052, 0.5981642603874207, 0.39641813705787066, 1791227944871730696, 
0.012228846549987793, -0.12755149602890015, 0.3940710657917826, 1791227944903282237, 
-0.65728759765625, -0.34070903062820435, 0.4515123762095393, 1791227944930323607, 
0.5711475014686584, 0.571027934551239, 0.4058209262695884, 1791227944959395777, 
-0.5771471261978149, -0.24963194131851196, 0.3648490061966277, 1791227944990418570, 
0.36240941286087036, -0.1650075912475586, 0.3914820185563131, 1791227945020468539, 
-0.12748539447784424, 0.5647016763687134, 0.4086009976870779, 1791227945050523346, 
-0.2647191286087036, -0.23573482036590576, 0.4099687623653478, 1791227945080590340, 
-0.005455613136291504, 0.13366711139678955, 0.3898544624064224, 1791227945111336022, 
-0.23717963695526123, 0.32365506887435913, 0.3438735670176258, 1791227945143205018, 
0.12472665309906006, -0.31249356269836426, 0.4032505258628966, 1791227945170878048, 
-0.13794124126434326, 0.15767008066177368, 0.3881566340094948, 1791227945200904963, 
-0.3262622356414795, -0.06022226810455322, 0.38879795634457276, 1791227945230933471, 
0.41551727056503296, 0.05784684419631958, 0.40190081131190614, 1791227945261035853, 
-0.28141599893569946, 0.24417686462402344, 0.4010871721568602, 1791227945291020351, 
-0.2743784785270691, -0.2889856696128845, 0.4038229356871923, 1791227945321095161, 
0.5190882682800293, 0.5273265242576599, 0.39791086780120216, 1791227945351302810, 
-0.601096510887146, -0.20356476306915283, 0.35872697005876786, 1791227945383695637, 
0.086952805519104, 0.01814424991607666, 0.41306439390975463, 1791227945413303608, 
0.0720110535621643, 0.36745089292526245, 0.4290084749413075, 1791227945441489492, 
-0.25545018911361694, -0.27977877855300903, 0.42452088477786604, 1791227945471450326, 
0.11852890253067017, 0.11634278297424316, 0.4312156848397991, 1791227945501530424, 
-0.07062089443206787, 0.17513585090637207, 0.4363923824330119, 1791227945531575133, 
0.05674433708190918, -0.1424649953842163, 0.444241425302138, 1791227945561695460, 
-0.1878332495689392, 0.4272106885910034, 0.4107152522721898, 1791227945591747425, 
-0.09514480829238892, -0.3235037326812744, 0.3895160065063843, 1791227945623318410, 
0.2864227890968323, 0.16843438148498535, 0.3851652425089961, 1791227945655296022, 
-0.240777850151062, 0.44297122955322266, 0.4619362522328748, 1791227945682036229, 
-0.45270460844039917, -0.9049252271652222, 0.4201327522232742, 1791227945711953265, 
0.08329862356185913, 0.5326290130615234, 0.35248811847831124, 1791227945742027324, 
-0.32273703813552856, 0.1029212474822998, 0.36731277125514183, 1791227945772091126, 
0.09983086585998535, -0.537287175655365, 0.3992593215516264, 1791227945802193589, 
0.0584903359413147, 0.5819513201713562, 0.3883418662700962, 1791227945832273022, 
-0.0823674201965332, -0.12244755029678345, 0.3665726671709337, 1791227945863614559, 
0.023295223712921143, -0.23329269886016846, 0.3514449404219163, 1791227945894672922, 
0.24834436178207397, 0.632899820804596, 0.4251466764469145, 1791227945922503310, 
0.09370756149291992, -0.11071586608886719, 0.3860751737179143, 1791227945952560069, 
-0.4273889660835266, -0.42074090242385864, 0.38984265427812975, 1791227945982773046, 
-0.08625799417495728, 0.6459417343139648, 0.4000976742748356, 1791227946012794072, 
0.2245815396308899, 0.08159911632537842, 0.38486313487562984, 1791227946043020480, 
-0.1370605230331421, -0.3863787055015564, 0.39969645209241045, 1791227946072963878, 
-0.5210773944854736, 0.4672287702560425, 0.3986188824073134, 1791227946103383444, 
0.5434708595275879, -0.07070380449295044, 0.3571965650644312, 1791227946135350833, 
-0.18143248558044434, 0.06586575508117676, 0.39863916910577857, 1791227946163035335, 
-0.33255094289779663, 0.0794326663017273, 0.3610174003875838, 1791227946193057491, 
-0.16411596536636353, -0.12699449062347412, 0.39013158338919834, 1791227946223152232, 
-0.10565555095672607, 0.24154353141784668, 0.43462818648558915, 1791227946253198729, 
-0.13902294635772705, -0.12008631229400635, 0.4440383264874816, 1791227946283479495, 
0.2901914715766907, 0.2919715642929077, 0.4064436068638191, 1791227946313330976, 
0.5199106931686401, -0.09202694892883301, 0.3728976696239246, 1791227946343690938, 
-0.4150918126106262, -0.07616275548934937, 0.38631847079878184, 1791227946375389743, 
-0.04339629411697388, 0.13942253589630127, 0.4048709189821254, 1791227946405675805, 
0.020819008350372314, -0.37420326471328735, 0.43488734878445495, 1791227946432661849, 
-0.2939453721046448, 0.33709263801574707, 0.3707982888983055, 1791227946462644270, 
0.04084807634353638, -0.23170053958892822, 0.30345058420306015, 1791227946487057599, 
0.18212425708770752, -0.29908233880996704, 0.4375632932749466, 1791227946523849174, 
0.26243436336517334, 0.383991539478302, 0.4397852393318436, 1791227946554145481, 
-0.11278176307678223, 0.057451605796813965, 0.4254095284628084, 1791227946583948329, 
-0.161734938621521, -0.41434168815612793, 0.3734012225442922, 1791227946615573199, 
0.2235257625579834, 0.5527340769767761, 0.36424008377997585, 1791227946647429200, 
-0.2407779097557068, -0.3448469638824463, 0.43379826676484456, 1791227946674200812, 
0.5538696050643921, -0.19218480587005615, 0.4263737094440535, 1791227946704213104, 
0.2668747305870056, 0.8689460754394531, 0.409576865467708, 1791227946734261598, 
-0.23890292644500732, -0.5304431915283203, 0.38991286405188197, 1791227946764420965, 
-0.1412724256515503, -0.10047698020935059, 0.3906441006902508, 1791227946794377796, 
0.23922139406204224, 0.7579138278961182, 0.4018727273996271, 1791227946824490694, 
-0.4162432551383972, -0.4678187966346741, 0.4049856814518368, 1791227946854841737, 
-0.3203532099723816, 0.05827242136001587, 0.3753120398285657, 1791227946887407859, 
0.7069345116615295, 0.46820539236068726, 0.4486046304602128, 1791227946913676822, 
-0.18293505907058716, -0.5920876860618591, 0.3355171520141903, 1791227946944799379, 
-0.009755134582519531, 0.4298824667930603, 0.3660188879730818, 1791227946974783879, 
-0.16684800386428833, 0.006695091724395752, 0.4182084327993741, 1791227947004876634, 
0.36546117067337036, -0.12021589279174805, 0.42407084982176674, 1791227947034947389, 
-0.2178330421447754, 0.28858184814453125, 0.3994246393724936, 1791227947064675356, 
0.25114935636520386, -0.19814294576644897, 0.37757064177626176, 1791227947095723223, 
0.3758389353752136, 0.3178917169570923, 0.3630500513871162, 1791227947127179891, 
-0.17433440685272217, -0.02319920063018799, 0.39103912423653914, 1791227947157499534, 
-0.07674521207809448, -0.41556352376937866, 0.44209130410518566, 1791227947185930517, 
-0.12911593914031982, 0.35797637701034546, 0.40753138847940973, 1791227947215797073, 
-0.1923869252204895, -0.05264681577682495, 0.38360183742771153, 1791227947245807612, 
0.6388144493103027, -0.17823439836502075, 0.4291323498152977, 1791227947305826401, 
-0.10508072376251221, 0.1878730058670044, 0.40277367642657436, 1791227947336047271, 
-0.5589578747749329, 0.2527408003807068, 0.3831128109139129, 1791227947367581939, 
0.6068536043167114, -0.14091384410858154, 0.37636428958543316, 1791227947399336601, 
-0.0003432631492614746, 0.17590463161468506, 0.42746618525495395, 1791227947426141222, 
-0.02016282081604004, -0.05728358030319214, 0.41868442074280177, 1791227947456108703, 
-0.12111425399780273, -0.19280332326889038, 0.4095917192133623, 1791227947486035997, 
0.14659690856933594, 0.36915063858032227, 0.39759495513457704, 1791227947516111757, 
0.22826725244522095, 0.09083425998687744, 0.39250623234380305, 1791227947546061607, 
0.051065802574157715, 0.630926787853241, 0.40527242111310813, 1791227947607231846, 
-0.06661105155944824, 0.016314446926116943, 0.37215276933176183, 1791227947639205082, 
-0.26278454065322876, -0.6347259879112244, 0.4156348202797556, 1791227947666417753, 
0.5334524512290955, 0.0662108063697815, 0.37543964319617673, 1791227947696734202, 
-0.20943546295166016, 0.5649846196174622, 0.4112307127807309, 1791227947726514052, 
0.05352151393890381, -0.425132155418396, 0.4272700458098985, 1791227947755672421, 
-0.23800158500671387, 0.17483854293823242, 0.3864237965386691, 1791227947786562768, 
-0.04165983200073242, 0.19449728727340698, 0.39554910256558257, 1791227947816621008, 
0.04548978805541992, -0.2359755039215088, 0.3765751915163373, 1791227947847230696, 
0.36097079515457153, 0.36457711458206177, 0.3713970133920386, 1791227947879819437, 
0.07759767770767212, -0.14406073093414307, 0.45774598925756305, 1791227947906875957, 
0.21981054544448853, -0.009621739387512207, 0.38832607521216095, 1791227947936961923, 
-0.391784131526947, 0.20438891649246216, 0.3738387638974852, 1791227947966952475, 
0.14365196228027344, -0.14213937520980835, 0.37178262287405994, 1791227947997018541, 
-0.1389700174331665, 0.340137243270874, 0.40667378922131425, 1791227948027092434, 
-0.3790076971054077, 0.12875288724899292, 0.39412197885958805, 1791227948057342413, 
0.39819133281707764, -0.4490247368812561, 0.38720926217903384, 1791227948087698062, 
0.15951496362686157, 0.3922750949859619, 0.3683777792726132, 1791227948119162122, 
-0.23574447631835938, -0.07267951965332031, 0.3794500101982229, 1791227948149390616, 
0.2918023467063904, -0.03709983825683594, 0.43704253112972113, 1791227948177459692, 
0.2766665816307068, 0.22130584716796875, 0.41893163832259156, 1791227948207517751, 
-0.39086753129959106, -0.18567711114883423, 0.412962946884063, 1791227948237562430, 
-0.1382778286933899, 0.2251848578453064, 0.4269259304724304, 1791227948266673031, 
0.06870079040527344, -0.14501768350601196, 0.37063216016136785, 1791227948297716631, 
0.3766181468963623, 0.1792178750038147, 0.3825232753039885, 1791227948327914541, 
-0.09800726175308228, 0.1173974871635437, 0.40042841335948837, 1791227948359233348, 
-0.3423149585723877, -0.36337459087371826, 0.4126101162253908, 1791227948390646244, 
-0.1674748659133911, 0.5225999355316162, 0.46087092698429194, 1791227948418042760, 
-0.24752730131149292, -0.25381195545196533, 0.3999975994472589, 1791227948448043236, 
0.5043092966079712, -0.4638136029243469, 0.4008672922889975, 1791227948478083149, 
0.40560638904571533, 1.0189250707626343, 0.40279800452063835, 1791227948508259521, 
-0.37317007780075073, -0.5563933253288269, 0.3987337763308806, 1791227948538242015, 
-0.07912832498550415, -0.04043138027191162, 0.3979300843927993, 1791227948568334262, 
0.49258631467819214, 0.6156359910964966, 0.3649562179675108, 1791227948599256194, 
-0.42297106981277466, -0.6185165047645569, 0.34068862266944855, 1791227948631230394, 
-0.05632674694061279, 0.22183877229690552, 0.4286870380829982, 1791227948658508536, 
-0.19645744562149048, 0.2776699662208557, 0.4237985838582321, 1791227948688554230, 
0.01740807294845581, -0.353305459022522, 0.41441857463724624, 1791227948718595590, 
0.08927685022354126, 0.23600131273269653, 0.3920891473824186, 1791227948748719809, 
-0.21263402700424194, 0.07013720273971558, 0.38885594486449687, 1791227948778785673, 
0.05665409564971924, 0.09205925464630127, 0.3941720323901681, 1791227948808898470, 
-0.03780263662338257, 0.04444187879562378, 0.4191272224934485, 1791227948838670430, 
-0.008160173892974854, 0.0013990402221679688, 0.3592190581677746, 1791227948871243153, 
0.3154292702674866, 0.24747562408447266, 0.391339006806655, 1791227948899178953, 
-0.6264512538909912, 0.027229011058807373, 0.4059641794403495, 1791227948929087892, 
0.21735787391662598, -0.21688437461853027, 0.4179342731680227, 1791227948959140330, 
0.5246677994728088, 0.1874302625656128, 0.4179068708210957, 1791227948989212139, 
-0.8099830150604248, -0.028185009956359863, 0.3983898797060943, 1791227949019324316, 
-0.0037896037101745605, -0.14597231149673462, 0.39945814154689335, 1791227949048672244, 
-0.20658665895462036, 0.12703412771224976, 0.35924050648380856, 1791227949079586212, 
-0.10784590244293213, -0.006789267063140869, 0.3691910169899646, 1791227949111559135, 
-0.08923572301864624, 0.039460182189941406, 0.4152250943824455, 1791227949141583454, 
-0.3557887077331543, -0.030623555183410645, 0.46502930702285816, 1791227949169579265, 
0.5729721784591675, 0.0529484748840332, 0.40570594871974025, 1791227949199842806, 
0.055171072483062744, 0.21945732831954956, 0.3920902783168783, 1791227949229830374, 
-0.2279421091079712, -0.44791704416275024, 0.39382824277388884, 1791227949259978872, 
0.4319700002670288, 0.36462193727493286, 0.40631888502893415, 1791227949290035644, 
-0.7277266979217529, 0.1632515788078308, 0.4111035577409609, 1791227949320051571, 
-0.049731433391571045, -0.6022990942001343, 0.39070941918790103, 1791227949351334221, 
0.23050129413604736, 0.08128213882446289, 0.38870716871512817, 1791227949382364658, 
-0.4504474401473999, 0.6121047735214233, 0.4293913013304758, 1791227949410854525, 
-0.30593323707580566, -0.5452046990394592, 0.41317271222393864, 1791227949440898886, 
-0.2645578384399414, 0.06534534692764282, 0.40445056464179807, 1791227949470858507, 
0.5268087983131409, 0.48942404985427856, 0.3995515456695686, 1791227949500938618, 
-0.044041216373443604, -0.5262649059295654, 0.3777287521005379, 1791227949530948079, 
-0.2133236527442932, 0.2896742820739746, 0.39199335643348654, 1791227949560962211, 
-0.08757197856903076, 0.2823793888092041, 0.3842138079054285, 1791227949591255693, 
-0.07550680637359619, -0.6809113025665283, 0.3727930741016258, 1791227949623600325, 
0.0003955364227294922, 0.6694903373718262, 0.44218520618087914, 1791227949651016346, 
0.17625290155410767, 0.06277811527252197, 0.37889478769901636, 1791227949681018363, 
-0.39795970916748047, -0.32391393184661865, 0.4029085962751157, 1791227949711105441, 
-0.11745971441268921, 0.41220951080322266, 0.4087181114908514, 1791227949741114157, 
0.4002230763435364, -0.19127178192138672, 0.37900249932751046, 1791227949771226856, 
-0.3384650945663452, 0.03314429521560669, 0.3811146514685007, 1791227949801174915, 
-0.4472922086715698, 0.1600019931793213, 0.3780388444146332, 1791227949831731775, 
-0.1985921859741211, -0.29289865493774414, 0.360464380522312, 1791227949863827728, 
0.126755952835083, 0.29047340154647827, 0.4272496676148303, 1791227949891301822, 
-0.29910123348236084, -0.19825071096420288, 0.4014162580705276, 1791227949921277276, 
-0.10508424043655396, 0.2389124035835266, 0.40970319715834824, 1791227949951396820, 
0.3605769872665405, 0.09860467910766602, 0.3847104539097286, 1791227949981468111, 
-0.07394236326217651, -0.2772431969642639, 0.40425010795140304, 1791227950011502437, 
0.030296504497528076, 0.2300713062286377, 0.3978622549160205, 1791227950041565842, 
-0.04014962911605835, -0.15367001295089722, 0.3835454785665757, 1791227950071627230, 
-0.4318091869354248, 0.2996792197227478, 0.36998224631021287, 1791227950102660936, 
0.01896381378173828, -0.17350178956985474, 0.38994819141757625, 1791227950132007585, 
0.062407851219177246, -0.2830408215522766, 0.408414098826871, 1791227950162314375, 
-0.2779350280761719, 0.7130745053291321, 0.42456840125911355, 1791227950191897904, 
-0.1794811487197876, -0.3539354205131531, 0.41472005940466866, 1791227950222199995, 
-0.03785204887390137, -0.19014036655426025, 0.40119505657602844, 1791227950252027059, 
0.29953479766845703, 0.5401033759117126, 0.39184128863057294, 1791227950282344858, 
-0.2511267066001892, -0.5050124526023865, 0.41374419059512463, 1791227950312146210, 
-0.35155975818634033, 0.2347835898399353, 0.3861997157619361, 1791227950344249557, 
0.4806833267211914, 0.24444067478179932, 0.40996823429202783, 1791227950374977462, 
-0.10113012790679932, 0.12282061576843262, 0.3709001748698778, 1791227950432441249, 
0.23118603229522705, 0.461886465549469, 0.39070950879390887, 1791227950462499677, 
-0.5223603844642639, -0.42954033613204956, 0.400303532726618, 1791227950492546428, 
-0.41108065843582153, 0.511563777923584, 0.38932706322529426, 1791227950552760042, 
0.025086581707000732, -0.549878716468811, 0.3422113427267539, 1791227950584210612, 
-0.18731087446212769, 0.3382083773612976, 0.3562954841177126, 1791227950615846679, 
0.20400464534759521, 0.014729559421539307, 0.4593442473467669, 1791227950643114856, 
0.386350154876709, -0.08664631843566895, 0.41764591973525167, 1791227950673039186, 
-0.4553227424621582, 0.3109191060066223, 0.39006897333742185, 1791227950703025512, 
-0.10786014795303345, -0.26338714361190796, 0.3880742378431202, 1791227950733077790, 
0.2862129211425781, 0.0824320912361145, 0.3968938245298006, 1791227950763115954, 
-0.5616797804832458, 0.09015488624572754, 0.41119950641426073, 1791227950793214816, 
-0.08951675891876221, -0.16391003131866455, 0.39748092271028634, 1791227950823590925, 
0.29852521419525146, 0.12515050172805786, 0.3716105574738067, 1791227950855834617, 
-0.14763671159744263, 0.05186241865158081, 0.3951878221475009, 1791227950885614105, 
-0.1964254379272461, -0.05803072452545166, 0.4269234279309214, 1791227950923538699, 
0.21608209609985352, -0.01808840036392212, 0.4149934894393181, 1791227950953598152, 
-0.2607129216194153, 0.09861832857131958, 0.3954395769557186, 1791227950982960080, 
-0.20719575881958008, 0.1419159173965454, 0.34152019687586277, 1791227951015844777, 
-0.4843517541885376, 0.22027933597564697, 0.36549671077167944, 1791227951046420013, 
-0.04154694080352783, -0.1701655387878418, 0.45628207453828845, 1791227951083958988, 
-0.3862071633338928, -0.263882040977478, 0.4399780019355668, 1791227951113979638, 
0.4607052206993103, 0.4383067488670349, 0.41095341839003363, 1791227951144020285, 
-0.8949612975120544, -0.22594892978668213, 0.3710948990938673, 1791227951176232666, 
-0.021227717399597168, -0.23371446132659912, 0.37823779001821545, 1791227951207493465, 
0.40830564498901367, 0.3925875425338745, 0.4365217245701676, 1791227951244169444, 
-0.29190772771835327, 0.4866488575935364, 0.39056410848468986, 1791227951274299506, 
-0.31744712591171265, -0.7293474078178406, 0.38898723036777016, 1791227951304439200, 
0.15015512704849243, 0.4225485324859619, 0.3852567505903376, 1791227951335565418, 
-0.29351919889450073, 0.2783960700035095, 0.37783349499889624, 1791227951367835549, 
-0.05207669734954834, -0.659671425819397, 0.4939582071418075, 1791227951393634462, 
0.21960461139678955, 0.622387170791626, 0.3956599867410085, 1791227951424586865, 
-0.35661470890045166, -0.6385246515274048, 0.33472693561996086, 1791227951447386012, 
0.0656670331954956, -0.23006105422973633, 0.40067512782382253, 1791227951484854399, 
-0.3329942226409912, 0.4017607569694519, 0.3739869089471841, 1791227951514829119, 
0.3578330874443054, -0.3027859330177307, 0.39083356299340455, 1791227951544918642, 
-0.30622631311416626, 0.2923617362976074, 0.36843143107451193, 1791227951576032453, 
-0.38344067335128784, -0.03468543291091919, 0.36975885220748594, 1791227951607415406, 
0.46916258335113525, -0.05310279130935669, 0.4119977167590691, 1791227951635140506, 
-0.1801881194114685, 0.038641154766082764, 0.3993252676296016, 1791227951665242478, 
-0.06233334541320801, -0.09128528833389282, 0.4219212738570583, 1791227951695196871, 
-0.06673061847686768, 0.12163424491882324, 0.40288533231414436, 1791227951725907157, 
0.006040394306182861, 0.048978447914123535, 0.40239499308939874, 1791227951756004218, 
0.07262349128723145, 0.04426509141921997, 0.390184539982539, 1791227951785952872, 
0.16052788496017456, 0.08716613054275513, 0.38699714101141314, 1791227951816197926, 
0.29404163360595703, -0.11361140012741089, 0.41808901800251985, 1791227951847772709, 
-0.22834283113479614, 0.11443406343460083, 0.4339542719947012, 1791227951877934848, 
-0.2545085549354553, -0.01809471845626831, 0.47508505457719796, 1791227951906081566, 
0.21751993894577026, -0.19974470138549805, 0.4189401470291117, 1791227951936120790, 
-0.4743679165840149, 0.20675337314605713, 0.3658079824553069, 1791227951966068759, 
-0.2144608497619629, -0.1747734546661377, 0.4013483173335497, 1791227951996159805, 
0.5376941561698914, 0.04700911045074463, 0.3936724633544819, 1791227952026196723, 
0.09966450929641724, 0.5397872924804688, 0.3990757465293667, 1791227952056309969, 
-0.5003419518470764, -0.49488192796707153, 0.39681872509011556, 1791227952087533784, 
0.2547222971916199, -0.16266155242919922, 0.3902616614030831, 1791227952119462515, 
0.091785728931427, 0.8231122493743896, 0.46991253291354224, 1791227952146382886, 
0.07924574613571167, -0.6604616045951843, 0.3991941198223148, 1791227952176362186, 
0.053893208503723145, 0.005637705326080322, 0.38737515026903563, 1791227952206404228, 
0.4772312045097351, 0.8011376261711121, 0.377725103377042, 1791227952236400958, 
-0.23372215032577515, -0.6135753393173218, 0.37426662907397107, 1791227952266465925, 
-0.25558924674987793, 0.23105120658874512, 0.41194987635984187, 1791227952296557535, 
0.008782029151916504, 0.18371689319610596, 0.41343612058161755, 1791227952327844818, 
-0.7374837398529053, -0.4558126926422119, 0.391442131439992, 1791227952359950402, 
0.12327432632446289, 0.4510565996170044, 0.4510720019302438, 1791227952386760943, 
0.5464359521865845, -0.12190723419189453, 0.3595800739451279, 1791227952416824000, 
0.031231462955474854, -0.01717442274093628, 0.3619059991115023, 1791227952446876324, 
-0.20622360706329346, 0.3041355013847351, 0.3843793194627822, 1791227952476988870, 
-0.18643909692764282, -0.16782820224761963, 0.3747858809149493, 1791227952507261781, 
0.33335721492767334, 0.053336262702941895, 0.38679144848283703, 1791227952537071391, 
-0.39458775520324707, -0.00455474853515625, 0.38810525798454726, 1791227952567533827, 
0.31457507610321045, 0.11008238792419434, 0.3678814225738201, 1791227952599447466, 
0.3155747652053833, 0.1805635690689087, 0.4335894177026482, 1791227952627371213, 
-0.14021867513656616, -0.2646196484565735, 0.401348836952325, 1791227952657391088, 
0.0013161897659301758, 0.34073883295059204, 0.39601311691041186, 1791227952687517477, 
-0.018600404262542725, -0.03313803672790527, 0.3831927890162903, 1791227952717609168, 
-0.4458776116371155, 0.028298497200012207, 0.40132026153695755, 1791227952747583960, 
-0.27505040168762207, 0.07892370223999023, 0.4084801812687075, 1791227952777608662, 
0.4678914546966553, 0.05741143226623535, 0.4005272777679243, 1791227952807702735, 
0.05326247215270996, 0.04375964403152466, 0.3830930100549989, 1791227952839889106, 
0.09313952922821045, 0.33193278312683105, 0.4174654783397185, 1791227952870413935, 
-0.3546748757362366, -0.31313973665237427, 0.45854177999121076, 1791227952897881611, 
0.12292677164077759, -0.08012831211090088, 0.4113676839710921, 1791227952927980314, 
0.3128143548965454, 0.5730438828468323, 0.3975380720719573, 1791227952957991827, 
-0.45732325315475464, -0.43165332078933716, 0.37501967566779965, 1791227952988069934, 
0.19055193662643433, 0.24650871753692627, 0.38602296683776516, 1791227953018113047, 
-0.4313426613807678, 0.2562808394432068, 0.3988389099810136, 1791227953048190351, 
-0.13064903020858765, -0.5157706141471863, 0.4041508799409449, 1791227953079461491, 
-0.03623545169830322, 0.4544411301612854, 0.37866749671230326, 1791227953111627970, 
-0.41940832138061523, 0.22358369827270508, 0.42501494365981407, 1791227953138532622, 
-0.12036901712417603, -0.5561766624450684, 0.3718615185605418, 1791227953168485961, 
0.6412882804870605, 0.4997238516807556, 0.39136209416941103, 1791227953198538406, 
0.26325523853302, 0.06649136543273926, 0.40026214396123916, 1791227953228584106, 
-0.5309543609619141, -0.45983368158340454, 0.3991402917915015, 1791227953258633706, 
0.15141141414642334, 0.42044830322265625, 0.4202024734912212, 1791227953288708384, 
-0.2883455157279968, 0.06050938367843628, 0.38677932520324726, 1791227953318446747, 
0.06922173500061035, -0.22771060466766357, 0.34913368585120913, 1791227953351872197, 
-0.13296186923980713, 0.31255578994750977, 0.45167733575413543, 1791227953379003288, 
0.2891995906829834, -0.18296796083450317, 0.393588373083534, 1791227953409018283, 
0.19743508100509644, 0.09394460916519165, 0.39126244957293294, 1791227953439045900, 
-0.18551033735275269, 0.16612309217453003, 0.3843435879478566, 1791227953469120018, 
0.011702895164489746, -0.1522367000579834, 0.3891878481650147, 1791227953499193193, 
-0.21659451723098755, 0.28999364376068115, 0.408267438048098, 1791227953529276424, 
0.03865659236907959, -0.42077481746673584, 0.4132469699325068, 1791227953559534585, 
0.6115899682044983, 0.23340165615081787, 0.3727759496074254, 1791227953592026806, 
0.39054709672927856, 0.355390727519989, 0.40357543972569754, 1791227953619530313, 
-0.6333526372909546, -0.43545758724212646, 0.4044226887750976, 1791227953649572921, 
0.19736361503601074, 0.3595903515815735, 0.42995194697993144, 1791227953679530726, 
0.06325072050094604, -0.0859609842300415, 0.4247374546187479, 1791227953709609992, 
-0.3014827370643616, 0.06019926071166992, 0.4270999952478494, 1791227953739681755, 
-0.005870938301086426, 0.11236733198165894, 0.40210852328377394, 1791227953769767925, 
0.24329602718353271, -0.3508923053741455, 0.3800147767689169, 1791227953800090952, 
0.36811327934265137, 0.5516101121902466, 0.3917995545913287, 1791227953831509421, 
-0.027287304401397705, -0.2089674472808838, 0.415888315610131, 1791227953862478473, 
-0.28921371698379517, -0.1168784499168396, 0.4459687016112903, 1791227953890074752, 
0.3322021961212158, 0.7079237103462219, 0.37688356816078117, 1791227953920085211, 
-0.12227314710617065, -0.6481579542160034, 0.3779102583757659, 1791227953950177854, 
-0.24423986673355103, 0.33684319257736206, 0.40163691742882035, 1791227953980244901, 
0.351318359375, 0.46935486793518066, 0.42110696211558934, 1791227954010321850, 
-0.8620187640190125, -0.5623738765716553, 0.40727326062627994, 1791227954040420664, 
0.6695880889892578, 0.15617716312408447, 0.3740153558089271, 1791227954071532924, 
-0.05836206674575806, 0.31769657135009766, 0.3554473693571036, 1791227954103827277, 
-0.4365153908729553, -0.35341888666152954, 0.4373311215428552, 1791227954130555947, 
0.020718157291412354, 0.3875325322151184, 0.42280663267382257, 1791227954159651129, 
0.0060176849365234375, 0.10735452175140381, 0.40086137893130713, 1791227954190716889, 
0.808855414390564, -0.17364227771759033, 0.36418122542133313, 1791227954220768878, 
-0.2562723159790039, 0.25017601251602173, 0.38710131295549643, 1791227954250894405, 
-0.09933590888977051, -0.0620608925819397, 0.4125258702141238, 1791227954280940290, 
0.3646847605705261, 0.10896700620651245, 0.40572010048366447, 1791227954311996828, 
-0.030186891555786133, 0.14712554216384888, 0.38038512517761736, 1791227954343754495, 
0.42561161518096924, -0.3239418864250183, 0.40813457867384845, 1791227954371439007, 
0.5993744730949402, 0.38366663455963135, 0.37017618977508177, 1791227954401255705, 
-0.6334224939346313, 0.21105217933654785, 0.38933711735851295, 1791227954431361027, 
0.06252110004425049, -0.535290002822876, 0.4140243199700044, 1791227954461310181, 
0.04706317186355591, 0.7560187578201294, 0.40752667999577, 1791227954491379071, 
-0.05690121650695801, -0.17405319213867188, 0.3945706453714781, 1791227954521455822, 
-0.14254814386367798, -0.04486650228500366, 0.39191748530890796, 1791227954551847457, 
0.4241018295288086, 0.00787651538848877, 0.3634564433973406, 1791227954583806304, 
0.14255064725875854, -0.0573844313621521, 0.4382016623450698, 1791227954610672597, 
-0.3520050048828125, 0.4501112699508667, 0.39613524612056106, 1791227954641676896, 
-0.022059381008148193, -0.2566368579864502, 0.4118661784820728, 1791227954671768457, 
-0.13187450170516968, 0.12505227327346802, 0.3939374265759809, 1791227954700855191, 
0.17646127939224243, 0.24037688970565796, 0.38066518050632675, 1791227954731916742, 
0.20936894416809082, -0.3315480947494507, 0.42422352536382724, 1791227954761982971, 
0.4474833011627197, 0.35339516401290894, 0.40648168631314063, 1791227954792071180, 
-0.14222794771194458, 0.3291051387786865, 0.37594186647587247, 1791227954824593113, 
-0.242969810962677, -0.6395652890205383, 0.4108653135282729, 1791227954854870731, 
0.5041881799697876, 0.30218595266342163, 0.46311159454344125, 1791227954882300390, 
-0.2942230701446533, 0.4340551495552063, 0.39894205534048394, 1791227954912332762, 
-0.43946534395217896, -0.6599665284156799, 0.3833447843097792, 1791227954942359280, 
0.46866345405578613, 0.3867424726486206, 0.3716069576403695, 1791227954972485307, 
-0.002057671546936035, 0.4203110933303833, 0.38696813650003975, 1791227955002506103, 
0.10745590925216675, -0.4926242232322693, 0.4191882837679748, 1791227955032594886, 
-0.009787678718566895, 0.6093751192092896, 0.41303068711059854, 1791227955063843136, 
0.06095242500305176, -0.16990810632705688, 0.38942738396479865, 1791227955095571713, 
0.337318480014801, -0.21293878555297852, 0.4196686380138846, 1791227955122893491, 
-0.45447784662246704, 0.6611419916152954, 0.3637170415258704, 1791227955152917650, 
0.3657635450363159, -0.3454866409301758, 0.4084052867205658, 1791227955181920794, 
-0.3746568560600281, 0.16593414545059204, 0.3756085449778622, 1791227955212984022, 
-0.09402847290039062, 0.0006173253059387207, 0.37611680035763456, 1791227955243033037, 
0.11104404926300049, 0.012142479419708252, 0.3715629511912911, 1791227955273120212, 
-0.40989410877227783, 0.14049720764160156, 0.38984402218682906, 1791227955303908572, 
-0.4950399398803711, -0.08539724349975586, 0.39536193932046154, 1791227955336214087, 
-0.2913300395011902, 0.2520793080329895, 0.4685887053782905, 1791227955363390379, 
0.394741952419281, 0.010696053504943848, 0.40478239505197583, 1791227955393393884, 
-0.5532116293907166, -0.0889090895652771, 0.3784950544098416, 1791227955423443915, 
0.28036385774612427, 0.1414433717727661, 0.38841793192661606, 1791227955453522754, 
0.10503792762756348, -0.010053575038909912, 0.41780597867313946, 1791227955483541254, 
-0.06960535049438477, 0.18847614526748657, 0.39734280428464314, 1791227955513783150, 
-0.6800658702850342, 0.037425994873046875, 0.38149125414639856, 1791227955544286890, 
0.22013229131698608, 0.053146183490753174, 0.3753238843203353, 1791227955574666848, 
-0.2565760612487793, 0.2806689739227295, 0.3660541680223845, 1791227955606003019, 
0.07762032747268677, 0.24262911081314087, 0.4368412488922321, 1791227955642930847, 
-0.02120494842529297, -0.26005256175994873, 0.3981943221874059, 1791227955674019198, 
-0.3697804808616638, 0.40119755268096924, 0.4032730437021269, 1791227955704102600, 
-0.15091830492019653, 0.28525376319885254, 0.3652071611316194, 1791227955735798739, 
0.04080700874328613, -0.7032658457756042, 0.3852048437728063, 1791227955767793989, 
-0.1918644905090332, 0.048562586307525635, 0.4910762178095316, 1791227955804352137, 
0.10827106237411499, 0.7519487142562866, 0.42942266118072586, 1791227955834620343, 
-0.04905045032501221, -0.5215578079223633, 0.4078553333529682, 1791227955864536273, 
-0.5238925218582153, -0.11643421649932861, 0.3416967241349244, 1791227955895720626, 
-0.18056625127792358, 0.5848848223686218, 0.34159942514164193, 1791227955927900078, 
0.45514726638793945, -0.31253594160079956, 0.459506384518216, 1791227955953670279, 
0.10077035427093506, 0.15902090072631836, 0.4057846272858824, 1791227955984773833, 
-0.06947344541549683, 0.5283334851264954, 0.4394331222930208, 1791227956014797026, 
-0.24849897623062134, -0.2136155366897583, 0.38671207115130074, 1791227956045082014, 
-0.12136834859848022, -0.21531718969345093, 0.37967507271187384, 1791227956074921770, 
-0.1828637719154358, 0.5178706645965576, 0.38347829732042205, 1791227956105003035, 
-0.2675045132637024, -0.33805233240127563, 0.3692368310567293, 1791227956135874401, 
-0.011122822761535645, 0.06973129510879517, 0.3408696287784678, 1791227956168369231, 
-0.770366370677948, -0.014530777931213379, 0.42399946942257755, 1791227956195187010, 
0.08356344699859619, 0.2718885540962219, 0.415949352782189, 1791227956225307800, 
0.1671026349067688, 0.16706156730651855, 0.4057586568621768, 1791227956255305580, 
-0.5351919531822205, -0.5712807178497314, 0.4025698904478468, 1791227956284690179, 
-0.4642046093940735, 0.6938505172729492, 0.41222014614728225, 1791227956314681062, 
0.8468536734580994, -0.15825188159942627, 0.3810439438801104, 1791227956346201383, 
-0.12356394529342651, -0.054236769676208496, 0.3983529377520427, 1791227956376241382, 
0.013445556163787842, 0.32072216272354126, 0.37561474108803783, 1791227956408044346, 
-0.39693522453308105, -0.2659386992454529, 0.40605843683025267, 1791227956438894345, 
-0.23030352592468262, 0.23365753889083862, 0.48665337292805777, 1791227956466427632, 
0.13111233711242676, 0.13680237531661987, 0.44526844872695953, 1791227956496315523, 
0.24239367246627808, 0.1798241138458252, 0.3723003807812398, 1791227956518950033, 
0.2662150263786316, 0.0359993577003479, 0.45249367334812335, 1791227956545809377, 
-0.2727466821670532, 0.4918217658996582, 0.35747981951005187, 1791227956598867324, 
-0.01041346788406372, 0.13716018199920654, 0.4443724437785967, 1791227956636367190, 
-0.14293062686920166, -0.5212656855583191, 0.4037017912959327, 1791227956666392772, 
0.4424969553947449, 0.6864613890647888, 0.40329089330655477, 1791227956696540219, 
0.05773872137069702, -0.13977044820785522, 0.37067824176731967, 1791227956728227934, 
0.11839503049850464, -0.36407744884490967, 0.3662283047868677, 1791227956759694205, 
-0.07630765438079834, 0.8457006216049194, 0.4525814391074221, 1791227956786964152, 
-0.10172915458679199, -0.25121039152145386, 0.41178078913684985, 1791227956816614022, 
0.2495073676109314, -0.3023414611816406, 0.4054090574964, 1791227956846568050, 
-0.15062981843948364, 0.9483094215393066, 0.4036793536682606, 1791227956876618028, 
-0.1251218318939209, -0.4602792263031006, 0.41551546391463867, 1791227956906836846, 
0.30481594800949097, -0.0472179651260376, 0.4179126489545347, 1791227956936793725, 
0.020204663276672363, 0.6343600153923035, 0.3593126588256134, 1791227956967925902, 
-0.08191996812820435, -0.5077000856399536, 0.3324298770331774, 1791227957000377963, 
0.005737781524658203, 0.20568770170211792, 0.431849822382508, 1791227957026177662, 
0.12792611122131348, 0.1967679262161255, 0.3513066009295676, 1791227957057061032, 
0.30288708209991455, -0.11362820863723755, 0.3558877240921695, 1791227957087113595, 
-0.4474458694458008, 0.2139216661453247, 0.3770049913262172, 1791227957117362322, 
0.30170875787734985, 0.02348226308822632, 0.39736338050721454, 1791227957147256777, 
-0.07227456569671631, 0.2223408818244934, 0.4073588067228101, 1791227957177339229, 
-0.4472680687904358, -0.10473930835723877, 0.3897078212775671, 1791227957208119231, 
0.052180469036102295, 0.10834211111068726, 0.3854705158299636, 1791227957239983228, 
