x, y, th, stamp, 
2.6800897121429443, -1.8799405097961426, -1.3260411907388072, 1791227895253428593, 
2.6800897121429443, -1.8799405097961426, -1.3260411874166225, 1791227895303425895, 
2.6800897121429443, -1.8799405097961426, -1.3260413398888022, 1791227895350854905, 
2.6800897121429443, -1.8799405097961426, -1.3260413057487337, 1791227895401539858, 
2.6800897121429443, -1.8799405097961426, -1.3260414484967094, 1791227895443393451, 
2.6800897121429443, -1.8799405097961426, -1.3260411831787493, 1791227895510719630, 
2.6800897121429443, -1.8799405097961426, -1.3260409960904005, 1791227895561354177, 
2.6800897121429443, -1.8799405097961426, -1.3260409743328028, 1791227895603509770, 
2.6800897121429443, -1.8799405097961426, -1.326040938979335, 1791227895653404288, 
2.6800897121429443, -1.8799405097961426, -1.3260409170643628, 1791227895704582289, 
2.6800897121429443, -1.8799405097961426, -1.3260408721279116, 1791227895752399166, 
2.6800897121429443, -1.8799405097961426, -1.3260408437821696, 1791227895802456249, 
2.6800897121429443, -1.8799405097961426, -1.3260406465962777, 1791227895844410053, 
2.6800897121429443, -1.8799405097961426, -1.3260406265386209, 1791227895894844406, 
2.6800897121429443, -1.8799405097961426, -1.3260403059489165, 1791227895962138655, 
2.6800897121429443, -1.8799405097961426, -1.326040302951323, 1791227896003793358, 
2.6800897121429443, -1.8799405097961426, -1.3260406115450218, 1791227896054015470, 
2.6800897121429443, -1.8799405097961426, -1.3260402769817534, 1791227896102968636, 
2.6800897121429443, -1.8799405097961426, -1.3260400142376072, 1791227896153909456, 
2.6800897121429443, -1.8799405097961426, -1.3260398425737319, 1791227896203295967, 
2.6800897121429443, -1.8799405097961426, -1.3260398305225023, 1791227896243501520, 
2.6800897121429443, -1.8799405097961426, -1.3260395203071778, 1791227896295232571, 
2.6800897121429443, -1.8799405097961426, -1.326039499938316, 1791227896363415335, 
2.6800897121429443, -1.8799405097961426, -1.3260394944437945, 1791227896403566649, 
2.6800897121429443, -1.8799405097961426, -1.3260394835207105, 1791227896454570225, 
2.6800897121429443, -1.8799405097961426, -1.3260396643694976, 1791227896503574424, 
2.6800897121429443, -1.8799405097961426, -1.3260396683493312, 1791227896553558539, 
2.6800897121429443, -1.8799405097961426, -1.3260396839513724, 1791227896603417812, 
2.6800897121429443, -1.8799405097961426, -1.3260396839513724, 1791227896643288460, 
2.6800897121429443, -1.8799405097961426, -1.3260396839513724, 1791227896694290411, 
2.6800897121429443, -1.8799405097961426, -1.3260398855633793, 1791227896763115089, 
2.6800897121429443, -1.8799405097961426, -1.3260398855633793, 1791227896803428215, 
2.6800897121429443, -1.8799405097961426, -1.3260398855633793, 1791227896854433214, 
2.6800897121429443, -1.8799405097961426, -1.3260398855633793, 1791227896903467687, 
2.6800897121429443, -1.8799405097961426, -1.3260398855633793, 1791227896953429531, 
2.6800897121429443, -1.8799405097961426, -1.3260398855633793, 1791227897003402471, 
2.6800897121429443, -1.8799405097961426, -1.3260398855633793, 1791227897043293831, 
2.6800897121429443, -1.8799405097961426, -1.3260398855633793, 1791227897093138183, 
2.6800897121429443, -1.8799405097961426, -1.3260398855633793, 1791227897163203459, 
2.6800897121429443, -1.8799405097961426, -1.3260398855633793, 1791227897203460751, 
2.6800897121429443, -1.8799405097961426, -1.3260398855633793, 1791227897253431886, 
2.680034875869751, -1.8801121711730957, -1.3212466806899001, 1791227897303434418, 
2.680291175842285, -1.8805075883865356, -1.3003335346997353, 1791227897353430405, 
2.680459499359131, -1.8809059858322144, -1.2785005550887227, 1791227897404405477, 
2.6805672645568848, -1.8811601400375366, -1.2613729817399617, 1791227897444286607, 
2.6810824871063232, -1.8813517093658447, -1.2314290250035431, 1791227897512741498, 
2.6809165477752686, -1.8816055059432983, -1.211700254012965, 1791227897564070530, 
2.6811442375183105, -1.881713628768921, -1.1978345490007107, 1791227897604587351, 
2.6815319061279297, -1.8818063735961914, -1.1772330267360507, 1791227897653442787, 
2.681896209716797, -1.882027268409729, -1.1553972413954239, 1791227897703431682, 
2.682053565979004, -1.882439136505127, -1.1342578025729078, 1791227897753434569, 
2.682023525238037, -1.882799744606018, -1.1151966056376854, 1791227897803416625, 
2.681868553161621, -1.8832837343215942, -1.0991732720681893, 1791227897845294768, 
2.6818504333496094, -1.883642315864563, -1.0799173517105038, 1791227897892899907, 
2.6821420192718506, -1.8841601610183716, -1.0511594193977059, 1791227897963258619, 
2.682267427444458, -1.884625792503357, -1.0348403618251705, 1791227898004941797, 
2.6826488971710205, -1.8847140073776245, -1.015252344079003, 1791227898053432078, 
2.682880163192749, -1.8853493928909302, -0.9939945095513285, 1791227898103433766, 
2.6830382347106934, -1.8858410120010376, -0.9753250381149572, 1791227898153401502, 
2.683398723602295, -1.885903239250183, -0.957098121805819, 1791227898204385541, 
2.683720350265503, -1.886233925819397, -0.9400569332681481, 1791227898243305405, 
2.6839942932128906, -1.8868153095245361, -0.9193695729032595, 1791227898292692780, 
2.6844072341918945, -1.8874585628509521, -0.8920590925597012, 1791227898364035101, 
2.684723138809204, -1.8879324197769165, -0.8764081200635395, 1791227898403420297, 
2.685164451599121, -1.8885018825531006, -0.8572182727026985, 1791227898453433860, 
2.685626745223999, -1.8890563249588013, -0.8376604323613878, 1791227898503427846, 
2.686051845550537, -1.889514684677124, -0.8174754153063143, 1791227898553444598, 
2.6865439414978027, -1.8900226354599, -0.7949572624803882, 1791227898604383506, 
2.686821460723877, -1.8902486562728882, -0.7784972251505169, 1791227898643381663, 
2.6872823238372803, -1.8905506134033203, -0.7581264283860164, 1791227898693131553, 
2.68815541267395, -1.8915295600891113, -0.7310804291632229, 1791227898763440024, 
2.6887097358703613, -1.892069935798645, -0.7156813438093083, 1791227898803533334, 
2.6894452571868896, -1.892701268196106, -0.6975240961050597, 1791227898853435460, 
2.690140724182129, -1.8932487964630127, -0.6780328670508653, 1791227898903430584, 
2.6907801628112793, -1.8939144611358643, -0.6563557286155706, 1791227898953472852, 
2.6914100646972656, -1.8943209648132324, -0.6357850351112693, 1791227898999418769, 
2.692044258117676, -1.894929051399231, -0.6164823705045995, 1791227899043377660, 
2.692923069000244, -1.8957667350769043, -0.594856538224412, 1791227899092993879, 
2.69425106048584, -1.896766185760498, -0.5662398478477456, 1791227899159510007, 
2.6950669288635254, -1.8973931074142456, -0.5476940098126044, 1791227899203688180, 
2.6960153579711914, -1.8980315923690796, -0.5242893802559199, 1791227899253436124, 
2.697161912918091, -1.8987544775009155, -0.5001475011429499, 1791227899303437081, 
2.698057174682617, -1.8992775678634644, -0.4765830951672619, 1791227899354408522, 
2.6991145610809326, -1.8998522758483887, -0.45340546944774535, 1791227899400385145, 
2.6999778747558594, -1.9003031253814697, -0.4323043358854119, 1791227899443393768, 
2.7019827365875244, -1.901552677154541, -0.3956977865947274, 1791227899514580305, 
2.703058958053589, -1.9019802808761597, -0.3716269286135333, 1791227899560353089, 
2.704798698425293, -1.9025803804397583, -0.347603542359078, 1791227899603007169, 
2.7065234184265137, -1.9032469987869263, -0.3196753579678283, 1791227899653435192, 
2.7079834938049316, -1.9037193059921265, -0.29086245715120984, 1791227899703411770, 
2.7096917629241943, -1.9046493768692017, -0.26044487408059913, 1791227899755437151, 
2.71140193939209, -1.9048967361450195, -0.23343406136059744, 1791227899800421183, 
2.7131969928741455, -1.9052314758300781, -0.20833161629298247, 1791227899843401643, 
2.7152602672576904, -1.9058635234832764, -0.1778670087583186, 1791227899893395446, 
2.718139171600342, -1.9065473079681396, -0.13699532826983918, 1791227899960947220, 
2.719996213912964, -1.9067152738571167, -0.1104935448114612, 1791227900003415940, 
2.721916675567627, -1.9069966077804565, -0.08011892213924302, 1791227900053540633, 
2.7239792346954346, -1.9073766469955444, -0.04809061213679301, 1791227900103411387, 
2.725862741470337, -1.9076321125030518, -0.018622911412490794, 1791227900151413332, 
2.7280516624450684, -1.9078762531280518, 0.013604497959857926, 1791227900201462449, 
2.7296249866485596, -1.9082494974136353, 0.039210119834011486, 1791227900242837292, 
2.731480121612549, -1.9085649251937866, 0.06995752266290065, 1791227900293332517, 
2.7344751358032227, -1.908595085144043, 0.1122509348349164, 1791227900361649152, 
2.736248016357422, -1.9084374904632568, 0.13855438615419696, 1791227900402788243, 
2.7379910945892334, -1.908341646194458, 0.1696089117230149, 1791227900452830793, 
2.7405946254730225, -1.9081190824508667, 0.2056865593349819, 1791227900506562831, 
2.7427377700805664, -1.9077062606811523, 0.23424979376130592, 1791227900552065233, 
2.744990348815918, -1.907199501991272, 0.25976542058636914, 1791227900602039289, 
2.746454954147339, -1.9069278240203857, 0.2728878746168607, 1791227900643994930, 
2.7477822303771973, -1.906522274017334, 0.2852496754110176, 1791227900694618049, 
2.7505462169647217, -1.9056812524795532, 0.30894356307168913, 1791227900763438921, 
2.752249240875244, -1.9052610397338867, 0.32341337718372526, 1791227900803515525, 
2.7542364597320557, -1.9045757055282593, 0.34120075385183224, 1791227900854569561, 
2.756180763244629, -1.9039306640625, 0.35869041209065033, 1791227900903568841, 
2.7581589221954346, -1.9032213687896729, 0.3770449831313137, 1791227900953583182, 
2.760219097137451, -1.902434229850769, 0.3950962095500514, 1791227901002704004, 
2.7619619369506836, -1.9018484354019165, 0.41019082563175563, 1791227901043483680, 
2.764106273651123, -1.9009677171707153, 0.42885911224179574, 1791227901093923310, 
2.766801595687866, -1.8997069597244263, 0.45368544670935196, 1791227901162696199, 
2.7683939933776855, -1.89905846118927, 0.4689075830234735, 1791227901203445521, 
2.77034592628479, -1.8980463743209839, 0.4867736389136914, 1791227901254445393, 
2.772402763366699, -1.8971009254455566, 0.5053236433981184, 1791227901303440395, 
2.7744810581207275, -1.896003007888794, 0.5243764819223293, 1791227901353438430, 
2.7765026092529297, -1.8948698043823242, 0.5432629201593985, 1791227901404426048, 
2.778186321258545, -1.8940327167510986, 0.559860579273115, 1791227901444484146, 
2.7801365852355957, -1.8928033113479614, 0.5783936224087481, 1791227901494114525, 
2.78294038772583, -1.8911410570144653, 0.6056292583556317, 1791227901564386284, 
2.78438663482666, -1.890185832977295, 0.621073070448677, 1791227901604442056, 
2.7858314514160156, -1.888990044593811, 0.6382728155676464, 1791227901653449483, 
2.78798246383667, -1.8875386714935303, 0.6594255296118646, 1791227901703627017, 
2.789809465408325, -1.8861421346664429, 0.6784665223338108, 1791227901753438182, 
2.7917027473449707, -1.8847554922103882, 0.6993904221752898, 1791227901803541296, 
2.7933502197265625, -1.8834798336029053, 0.7162277660958676, 1791227901844488862, 
2.7950963973999023, -1.8819115161895752, 0.7352433486016744, 1791227901893566700, 
2.7978312969207764, -1.879712700843811, 0.7650266350530452, 1791227901964533731, 
2.799203634262085, -1.8783906698226929, 0.7809744708783901, 1791227902004572525, 
2.8009965419769287, -1.876900553703308, 0.800585753229326, 1791227902053440094, 
2.8027193546295166, -1.8752027750015259, 0.8210019322401891, 1791227902104568930, 
2.8044629096984863, -1.8734606504440308, 0.8408768259647045, 1791227902153509615, 
2.8062751293182373, -1.8716872930526733, 0.8629153072053906, 1791227902203769303, 
2.8074755668640137, -1.870130181312561, 0.8802541909030484, 1791227902244494217, 
2.8098161220550537, -1.8674863576889038, 0.9104673034977145, 1791227902313325672, 
2.8113090991973877, -1.865517258644104, 0.9323234976518853, 1791227902363665383, 
2.812596082687378, -1.8639432191848755, 0.9492489446301076, 1791227902403850956, 
2.814056396484375, -1.8619334697723389, 0.9706744432843378, 1791227902453574396, 
2.8153414726257324, -1.8601065874099731, 0.9896317682464937, 1791227902500441579, 
2.8164587020874023, -1.857926368713379, 1.0134721803338864, 1791227902553439461, 
2.817591667175293, -1.8560482263565063, 1.0334809399927203, 1791227902599427332, 
2.8188867568969727, -1.8540229797363281, 1.0561336959405683, 1791227902649496070, 
2.820138931274414, -1.8516587018966675, 1.0775820102786462, 1791227902696836738, 
2.8210980892181396, -1.8499681949615479, 1.0953619646168884, 1791227902739259485, 
2.8228015899658203, -1.8466769456863403, 1.1266254719468627, 1791227902807575108, 
2.8240244388580322, -1.844448208808899, 1.1480603810732475, 1791227902857447181, 
2.824911594390869, -1.8423821926116943, 1.1667512916226288, 1791227902899443519, 
2.8260419368743896, -1.8400284051895142, 1.189248679635815, 1791227902949443797, 
2.8269269466400146, -1.837651014328003, 1.212230259229256, 1791227903000436823, 
2.8278427124023438, -1.8351951837539673, 1.2339593047554516, 1791227903048471356, 
2.829096794128418, -1.8318785429000854, 1.2636725136684173, 1791227903097809495, 
2.831176519393921, -1.8263611793518066, 1.3021254026237805, 1791227903158887784, 
2.8325355052948, -1.8219035863876343, 1.3308813367237895, 1791227903208558279, 
2.8336308002471924, -1.817166805267334, 1.3592688184981163, 1791227903258485413, 
2.83457612991333, -1.8133924007415771, 1.3819463127429097, 1791227903299408561, 
2.8353707790374756, -1.808777928352356, 1.4097474051827648, 1791227903348421730, 
2.8362417221069336, -1.80404794216156, 1.4366745960938687, 1791227903399445000, 
2.8367063999176025, -1.7994651794433594, 1.4633702524339114, 1791227903449500245, 
2.8370778560638428, -1.794877052307129, 1.4938251560969864, 1791227903498483758, 
2.8372743129730225, -1.7912055253982544, 1.5179156260152329, 1791227903539605508, 
2.837670087814331, -1.7845226526260376, 1.5596463242594363, 1791227903609474827, 
2.837329864501953, -1.7799991369247437, 1.587637392406725, 1791227903658436761, 
2.8372321128845215, -1.7762842178344727, 1.611367386814405, 1791227903698449610, 
2.836940288543701, -1.7706995010375977, 1.6437645712158246, 1791227903753420834, 
2.8366851806640625, -1.7661242485046387, 1.6707007142001271, 1791227903798821973, 
2.836299419403076, -1.7618848085403442, 1.6973534381544981, 1791227903844329457, 
2.8354971408843994, -1.7575404644012451, 1.726225139460874, 1791227903894516190, 
2.834569215774536, -1.75165855884552, 1.7647633505927312, 1791227903959741123, 
2.8338282108306885, -1.7477558851242065, 1.7891455983794409, 1791227904003900931, 
2.832754135131836, -1.7435646057128906, 1.815121101232205, 1791227904053449723, 
2.831712245941162, -1.738845705986023, 1.840083203807141, 1791227904103426561, 
2.8307979106903076, -1.734370231628418, 1.866804111781319, 1791227904155448165, 
2.829378128051758, -1.7308791875839233, 1.8886047333018916, 1791227904200399362, 
2.8282408714294434, -1.7277179956436157, 1.9106184013556546, 1791227904244307118, 
2.8268373012542725, -1.7237523794174194, 1.9351727497251212, 1791227904293492190, 
2.8254408836364746, -1.7197728157043457, 1.9577371539912451, 1791227904343061022, 
2.823901414871216, -1.7152185440063477, 1.9865708847748003, 1791227904404602574, 
2.8222408294677734, -1.7114429473876953, 2.0091329221023937, 1791227904452797771, 
2.820523738861084, -1.707955241203308, 2.0310450255525945, 1791227904503422654, 
2.8186817169189453, -1.704959750175476, 2.052122507985905, 1791227904551424650, 
2.817107915878296, -1.7017592191696167, 2.0728978905007445, 1791227904601508122, 
2.815575122833252, -1.6991649866104126, 2.0909817574415945, 1791227904644557521, 
2.812985420227051, -1.695072054862976, 2.119619867291549, 1791227904711366279, 
2.811650276184082, -1.692920207977295, 2.1336033819915126, 1791227904744314967, 
2.809332847595215, -1.6892460584640503, 2.1574443658655813, 1791227904803893529, 
2.8072965145111084, -1.686440110206604, 2.17593420274479, 1791227904853045353, 
2.8051183223724365, -1.6834890842437744, 2.195163062629157, 1791227904904490750, 
2.802981376647949, -1.6806617975234985, 2.213975330974071, 1791227904951848330, 
2.800546646118164, -1.677655816078186, 2.2338018463735065, 1791227905001811638, 
2.7987849712371826, -1.6754690408706665, 2.251572695441439, 1791227905043649727, 
2.7953133583068848, -1.671552300453186, 2.2788480962889484, 1791227905112369991, 
2.793799877166748, -1.669533371925354, 2.2927399359758525, 1791227905145964119, 
2.790632486343384, -1.665892481803894, 2.31499723009805, 1791227905205549460, 
2.7879579067230225, -1.6630146503448486, 2.3341286509018357, 1791227905255528984, 
2.7850546836853027, -1.65988290309906, 2.3553415980571706, 1791227905306586087, 
2.7823150157928467, -1.6574985980987549, 2.3743275596426128, 1791227905353416330, 
2.779538869857788, -1.6547772884368896, 2.3956180457963034, 1791227905403611176, 
2.777163505554199, -1.652650237083435, 2.412034480891214, 1791227905444406352, 
2.7742342948913574, -1.6499817371368408, 2.4314221597445553, 1791227905493850803, 
2.769953489303589, -1.646677017211914, 2.4583752548035864, 1791227905563234054, 
2.7671432495117188, -1.6444543600082397, 2.4754410754336877, 1791227905604449997, 
2.7638332843780518, -1.6419389247894287, 2.496194374438969, 1791227905654453250, 
2.7606050968170166, -1.6396334171295166, 2.516581966789434, 1791227905703451194, 
2.7571964263916016, -1.637241005897522, 2.5364912155090185, 1791227905753451876, 
2.7539894580841064, -1.634812831878662, 2.5561606352355057, 1791227905804434238, 
2.7510745525360107, -1.6330277919769287, 2.5725793746492607, 1791227905844348078, 
2.7476508617401123, -1.6306228637695312, 2.592965382928232, 1791227905894355599, 
2.7438342571258545, -1.6285314559936523, 2.614238730924889, 1791227905943371264, 
2.739330768585205, -1.6260260343551636, 2.6395301836352925, 1791227906004520253, 
2.735814332962036, -1.624005913734436, 2.658473035822036, 1791227906055455293, 
2.7319772243499756, -1.622152328491211, 2.675561440815405, 1791227906103452093, 
2.7280056476593018, -1.6201739311218262, 2.6960920989711648, 1791227906154474038, 
2.723881721496582, -1.6182129383087158, 2.716735801507528, 1791227906203831371, 
2.7206687927246094, -1.6167548894882202, 2.7331614986583994, 1791227906244400566, 
2.716562509536743, -1.6150850057601929, 2.7538667382539774, 1791227906295493862, 
2.7105815410614014, -1.6126855611801147, 2.780167567108462, 1791227906363649015, 
2.7071938514709473, -1.6114556789398193, 2.7960866067127386, 1791227906404462591, 
2.703202486038208, -1.6100975275039673, 2.816705233105387, 1791227906454456640, 
2.698819398880005, -1.6085224151611328, 2.837097239569313, 1791227906504455607, 
2.694183588027954, -1.6070353984832764, 2.85648372981198, 1791227906554302490, 
2.689633846282959, -1.6057384014129639, 2.875232880539349, 1791227906604407983, 
2.6860761642456055, -1.6047195196151733, 2.8912124574212656, 1791227906644400439, 
2.6810102462768555, -1.6034736633300781, 2.910516258487814, 1791227906694630981, 
2.6745591163635254, -1.6019717454910278, 2.9390113112438288, 1791227906763804300, 
2.671051502227783, -1.6011903285980225, 2.9549016913861292, 1791227906804622440, 
2.666416645050049, -1.600439190864563, 2.9727668686471995, 1791227906853827439, 
2.6620445251464844, -1.5997203588485718, 2.991832984293213, 1791227906904455862, 
2.657052516937256, -1.598961591720581, 3.012409436055281, 1791227906954456336, 
2.65179443359375, -1.59837007522583, 3.0332770369128936, 1791227907004405616, 
2.647942543029785, -1.5978691577911377, 3.0503420606094527, 1791227907045410677, 
2.64091157913208, -1.597375750541687, 3.0777614166934115, 1791227907114234134, 
2.636012315750122, -1.5971614122390747, 3.0968935545092986, 1791227907164454320, 
2.6319828033447266, -1.5968811511993408, 3.1129732115979656, 1791227907205549161, 
2.6271398067474365, -1.5967100858688354, 3.1327984346593523, 1791227907254595286, 
2.6222314834594727, -1.5966905355453491, -3.1319093698844678, 1791227907300454653, 
2.616824150085449, -1.5967880487442017, -3.1116611976103496, 1791227907349453564, 
2.6120693683624268, -1.5966697931289673, -3.0897617353831133, 1791227907399442604, 
2.6069283485412598, -1.5969350337982178, -3.06930853127828, 1791227907447453547, 
2.6013739109039307, -1.5974137783050537, -3.048732752334424, 1791227907497261221, 
2.5972518920898438, -1.5978691577911377, -3.0314636066176655, 1791227907540256564, 
2.5903964042663574, -1.5985866785049438, -3.003341654707623, 1791227907608514915, 
2.5854945182800293, -1.5994764566421509, -2.9859738358829495, 1791227907659455436, 
2.581373691558838, -1.6002116203308105, -2.9709207536304216, 1791227907700460960, 
2.576294183731079, -1.6010702848434448, -2.951000908275882, 1791227907749429301, 
2.570828914642334, -1.6021225452423096, -2.9284729617251077, 1791227907801422400, 
2.5656578540802, -1.603276014328003, -2.9082284212466973, 1791227907849480098, 
2.5604727268218994, -1.6045880317687988, -2.888895512816223, 1791227907899574513, 
2.554413080215454, -1.606054425239563, -2.8649649584117935, 1791227907959758680, 
2.5493733882904053, -1.6074773073196411, -2.8457978388339567, 1791227908008746554, 
2.5443782806396484, -1.6091599464416504, -2.8265604368276938, 1791227908059559472, 
2.5400071144104004, -1.6104485988616943, -2.8117560993611463, 1791227908100536116, 
2.5355989933013916, -1.6121437549591064, -2.791493461397563, 1791227908149497295, 
2.5303356647491455, -1.6140156984329224, -2.771495517479468, 1791227908199574999, 
2.5252766609191895, -1.616100788116455, -2.7532732819501735, 1791227908249560735, 
2.5188229084014893, -1.6186357736587524, -2.7271016771244025, 1791227908314386313, 
2.5144505500793457, -1.6205201148986816, -2.708137188803539, 1791227908359436662, 
2.5101683139801025, -1.6226720809936523, -2.693436824981813, 1791227908404299376, 
2.505276918411255, -1.6249921321868896, -2.6739421160358896, 1791227908454570509, 
2.5003747940063477, -1.6274223327636719, -2.6518163285068543, 1791227908504386181, 
2.495311737060547, -1.6300899982452393, -2.631262706389014, 1791227908554481827, 
2.490828037261963, -1.6326944828033447, -2.6136002694356257, 1791227908600489782, 
2.4866137504577637, -1.6350189447402954, -2.5953492797516824, 1791227908644285172, 
2.4800310134887695, -1.639115571975708, -2.565371926437624, 1791227908714535045, 
2.475332498550415, -1.6421780586242676, -2.547660331949478, 1791227908760398360, 
2.4711718559265137, -1.6448636054992676, -2.5287041278297235, 1791227908804507493, 
2.4666430950164795, -1.6481871604919434, -2.5069191663205914, 1791227908853731300, 
2.4619126319885254, -1.6518607139587402, -2.487994413379306, 1791227908903539758, 
2.457111358642578, -1.6554468870162964, -2.468723703204725, 1791227908955578725, 
2.452871084213257, -1.6587687730789185, -2.450257302918376, 1791227909001460068, 
2.449228525161743, -1.661800503730774, -2.4332807943985606, 1791227909043818875, 
2.443938970565796, -1.6662734746932983, -2.4076476092570855, 1791227909111498544, 
2.4410665035247803, -1.66878342628479, -2.3940494269289503, 1791227909144264657, 
2.437054395675659, -1.672601580619812, -2.374823657558015, 1791227909191069064, 
2.431583881378174, -1.6779800653457642, -2.3501080456487027, 1791227909254443219, 
2.427691698074341, -1.6819325685501099, -2.331027968809027, 1791227909304590117, 
2.424135446548462, -1.6856555938720703, -2.312648154878248, 1791227909351908326, 
2.41987681388855, -1.6904916763305664, -2.292493359238442, 1791227909401942315, 
2.4147753715515137, -1.6962368488311768, -2.266046160215472, 1791227909464041268, 
2.4128293991088867, -1.698842167854309, -2.253785615188271, 1791227909493645033, 
2.409142017364502, -1.7033324241638184, -2.2350092369645815, 1791227909544944604, 
2.405634880065918, -1.7076367139816284, -2.2164942867012, 1791227909591823763, 
2.4012742042541504, -1.7137266397476196, -2.1922571980223218, 1791227909653829805, 
2.3977174758911133, -1.7185848951339722, -2.1712714787214056, 1791227909705136658, 
2.394515037536621, -1.72347092628479, -2.1523332249148512, 1791227909753488663, 
2.3909852504730225, -1.7287551164627075, -2.1318597635255303, 1791227909803509406, 
2.3881499767303467, -1.7334725856781006, -2.114196323617671, 1791227909845062295, 
2.3836913108825684, -1.7407844066619873, -2.0859474075319078, 1791227909913256128, 
2.3818116188049316, -1.7441048622131348, -2.072668652477303, 1791227909946207433, 
2.378455638885498, -1.7505046129226685, -2.0510482510326353, 1791227910004490061, 
2.3755717277526855, -1.756277084350586, -2.031480352841107, 1791227910054461759, 
2.3728840351104736, -1.7618101835250854, -2.011040318411232, 1791227910104467706, 
2.3700597286224365, -1.7676827907562256, -1.9900686674331132, 1791227910154459908, 
2.3674824237823486, -1.7740451097488403, -1.9714012847964433, 1791227910204471818, 
2.3655076026916504, -1.7788392305374146, -1.9556089761104571, 1791227910244515296, 
2.3630499839782715, -1.784837007522583, -1.9342191886115563, 1791227910294439858, 
2.3601033687591553, -1.7932991981506348, -1.908023253236503, 1791227910363915494, 
2.3585073947906494, -1.7979718446731567, -1.8925616308654112, 1791227910404464656, 
2.3565011024475098, -1.804095983505249, -1.8727545618049808, 1791227910454465063, 
2.3547425270080566, -1.81051504611969, -1.8533888257155597, 1791227910504463814, 
2.3529107570648193, -1.8162719011306763, -1.832556149158511, 1791227910554464774, 
2.3512825965881348, -1.8229598999023438, -1.8141200559214345, 1791227910603984650, 
2.349820137023926, -1.8285343647003174, -1.7969523447599254, 1791227910644333330, 
2.3484692573547363, -1.8353824615478516, -1.7766866972852342, 1791227910694648169, 
2.347130060195923, -1.8449738025665283, -1.7523804829952923, 1791227910764617263, 
2.3462445735931396, -1.850196361541748, -1.7360931577278695, 1791227910804168282, 
2.3452892303466797, -1.8570383787155151, -1.7153912846605788, 1791227910855563682, 
2.3444602489471436, -1.8636839389801025, -1.6951827950218994, 1791227910904466565, 
2.3435683250427246, -1.8702976703643799, -1.6742429698815826, 1791227910954466217, 
2.3433876037597656, -1.87710440158844, -1.6573866992576998, 1791227911003853564, 
2.3428971767425537, -1.8822451829910278, -1.6403492597676423, 1791227911044515282, 
2.3426711559295654, -1.8888863325119019, -1.6192453105595017, 1791227911094031301, 
2.342400550842285, -1.8988789319992065, -1.5898353573132098, 1791227911164236375, 
2.3424172401428223, -1.9045844078063965, -1.5731881266270482, 1791227911204506548, 
2.3426427841186523, -1.9113209247589111, -1.553421093392621, 1791227911254469660, 
2.342750310897827, -1.918159008026123, -1.5322818601281654, 1791227911304485452, 
2.3432788848876953, -1.9250757694244385, -1.5134764038188948, 1791227911354465549, 
2.34370756149292, -1.9320629835128784, -1.493803976225969, 1791227911404416411, 
2.344292402267456, -1.9378904104232788, -1.4770228903913019, 1791227911444329002, 
2.3454596996307373, -1.9478206634521484, -1.447455716783303, 1791227911514011451, 
2.3463752269744873, -1.9549076557159424, -1.4272427891818364, 1791227911563867841, 
2.3476672172546387, -1.9603255987167358, -1.4128197525234403, 1791227911604797737, 
2.3490161895751953, -1.967043161392212, -1.3932677203371364, 1791227911655575118, 
2.350602149963379, -1.9740456342697144, -1.3730280609862147, 1791227911704466070, 
2.3519718647003174, -1.980905294418335, -1.3521519090997938, 1791227911754467392, 
2.353942632675171, -1.9878087043762207, -1.334731733896179, 1791227911804417395, 
2.355370283126831, -1.9931243658065796, -1.3182476370689777, 1791227911846328619, 
2.3573241233825684, -1.9998337030410767, -1.2983746612088458, 1791227911894523834, 
2.360344648361206, -2.009359836578369, -1.2710723636912555, 1791227911963926975, 
2.3622663021087646, -2.0146484375, -1.255142057965547, 1791227912004005310, 
2.364896535873413, -2.021369695663452, -1.2351985214544923, 1791227912054584686, 
2.367473602294922, -2.0279905796051025, -1.2146549742619457, 1791227912104464849, 
2.370265483856201, -2.034384250640869, -1.1946015054069619, 1791227912154441569, 
2.3734498023986816, -2.041584014892578, -1.1741795590418513, 1791227912205454584, 
2.3760173320770264, -2.047053813934326, -1.1589572375449984, 1791227912244333415, 
2.3791615962982178, -2.054189920425415, -1.139277907785475, 1791227912293700628, 
2.382429599761963, -2.061099052429199, -1.1185967735154234, 1791227912344210304, 
2.386600971221924, -2.069276809692383, -1.0939350457445534, 1791227912404053768, 
2.3902103900909424, -2.0762534141540527, -1.0740435749265032, 1791227912454467923, 
2.394047975540161, -2.0829920768737793, -1.054154007375518, 1791227912504473255, 
2.397881269454956, -2.0897321701049805, -1.0341657104523787, 1791227912554434827, 
2.4019322395324707, -2.0964198112487793, -1.0130757401904755, 1791227912604419978, 
2.405182361602783, -2.101728677749634, -0.997141386462588, 1791227912644367213, 
2.4096505641937256, -2.10849928855896, -0.9778538582892988, 1791227912694510828, 
2.4158995151519775, -2.1175103187561035, -0.9499843619617527, 1791227912764358900, 
2.4196341037750244, -2.1226565837860107, -0.9333937861431706, 1791227912803896414, 
2.4243996143341064, -2.129054307937622, -0.9118390815665688, 1791227912854523460, 
2.4293060302734375, -2.135140895843506, -0.892847088304742, 1791227912904444162, 
2.4342691898345947, -2.1414260864257812, -0.8750292845739746, 1791227912954471644, 
2.439110517501831, -2.146958827972412, -0.8574103295579807, 1791227913000462878, 
2.4437692165374756, -2.1524651050567627, -0.84028885013319, 1791227913044414321, 
2.451293706893921, -2.1606180667877197, -0.81280215626477, 1791227913114181075, 
2.4563536643981934, -2.165940046310425, -0.7948151741330222, 1791227913160219054, 
2.4616143703460693, -2.1710360050201416, -0.7764722160291604, 1791227913203801073, 
2.46728515625, -2.1768100261688232, -0.7564124117726972, 1791227913254577076, 
2.473421573638916, -2.182250499725342, -0.7374760725091423, 1791227913304472665, 
2.479555606842041, -2.1880199909210205, -0.7161482964412565, 1791227913355492258, 
2.4852476119995117, -2.1926257610321045, -0.6973854549503234, 1791227913400456369, 
2.4906861782073975, -2.197369337081909, -0.6802356376519875, 1791227913444511228, 
2.497263193130493, -2.2023065090179443, -0.6603469938424991, 1791227913494440101, 
2.506216049194336, -2.209207057952881, -0.6324966658843723, 1791227913560963046, 
2.5120389461517334, -2.2133610248565674, -0.6152268355261907, 1791227913604530369, 
2.518908977508545, -2.2182509899139404, -0.5962649503006486, 1791227913654579889, 
2.5260396003723145, -2.222867250442505, -0.5757622650631903, 1791227913704448052, 
2.532719135284424, -2.227167844772339, -0.5554056238933023, 1791227913751462674, 
2.539813995361328, -2.2315115928649902, -0.534174480267731, 1791227913801444963, 
2.546006679534912, -2.2351038455963135, -0.5180998576485942, 1791227913843943868, 
2.553312301635742, -2.2391321659088135, -0.499256414007861, 1791227913894630018, 
2.5634992122650146, -2.244382381439209, -0.47188723128955856, 1791227913961849703, 
2.5698864459991455, -2.24761700630188, -0.45581460893261444, 1791227914004268909, 
2.577533006668091, -2.2510478496551514, -0.4359423968632573, 1791227914053773662, 
2.585075616836548, -2.2546167373657227, -0.4162849265940061, 1791227914103916243, 
2.592533826828003, -2.2578039169311523, -0.39712097992252055, 1791227914151758611, 
2.6004459857940674, -2.261089563369751, -0.37763005160351454, 1791227914202613893, 
2.607387065887451, -2.2638025283813477, -0.3604668433590742, 1791227914244219227, 
2.6155855655670166, -2.2668120861053467, -0.3403129684621786, 1791227914295174352, 
2.6237385272979736, -2.2696259021759033, -0.32049778333094864, 1791227914346295774, 
2.633863687515259, -2.272721767425537, -0.29575054855835264, 1791227914404887400, 
2.64233136177063, -2.27523136138916, -0.27444855528305134, 1791227914455821520, 
2.6508429050445557, -2.2775299549102783, -0.2543676496714682, 1791227914506447247, 
2.6587352752685547, -2.2795298099517822, -0.23658348359306172, 1791227914553669673, 
2.66747784614563, -2.281529426574707, -0.21636088981879598, 1791227914602766275, 
2.674605131149292, -2.2829835414886475, -0.20044607530789696, 1791227914644490045, 
2.6834166049957275, -2.2847113609313965, -0.17927787627181674, 1791227914695439505, 
2.69566011428833, -2.2865962982177734, -0.15115543262243672, 1791227914764541892, 
2.702648162841797, -2.2875661849975586, -0.135603347997455, 1791227914803744849, 
2.7115564346313477, -2.2886061668395996, -0.11629641796929624, 1791227914855472601, 
2.7204816341400146, -2.2896244525909424, -0.09707193361928912, 1791227914904571533, 
2.729429006576538, -2.2903151512145996, -0.0768946064506131, 1791227914954514336, 
2.7381670475006104, -2.2908921241760254, -0.058422321959666, 1791227915003755863, 
2.7455453872680664, -2.291271924972534, -0.04200574936854987, 1791227915044452217, 
2.7582366466522217, -2.291698455810547, -0.01366457495330009, 1791227915113981008, 
2.7672314643859863, -2.291776180267334, 0.004663791712143725, 1791227915163921714, 
2.7743282318115234, -2.2914838790893555, 0.020527583666054318, 1791227915203689779, 
2.7835583686828613, -2.2913312911987305, 0.04113159999802989, 1791227915255467562, 
2.7926716804504395, -2.290790557861328, 0.06113909140498066, 1791227915304480206, 
2.8017256259918213, -2.2899913787841797, 0.07988915333236671, 1791227915354474411, 
2.8109700679779053, -2.289384365081787, 0.1010590068836676, 1791227915405555437, 
2.8184378147125244, -2.2884390354156494, 0.11655466112205884, 1791227915444449475, 
2.8277206420898438, -2.2873404026031494, 0.1367729529446386, 1791227915495343221, 
2.8406102657318115, -2.285461902618408, 0.16530643668288073, 1791227915563891029, 
2.848071813583374, -2.2841105461120605, 0.1813346390357385, 1791227915604570465, 
2.857243299484253, -2.282379627227783, 0.20128120820552253, 1791227915654598201, 
2.866434335708618, -2.2804017066955566, 0.22143943466918778, 1791227915704475981, 
2.8756282329559326, -2.2783362865448, 0.24206288699694006, 1791227915754472673, 
2.884706497192383, -2.2759883403778076, 0.2605472037158991, 1791227915804465654, 
2.891655683517456, -2.2740139961242676, 0.27655814236516335, 1791227915844479428, 
2.9009275436401367, -2.2711994647979736, 0.2966150756328026, 1791227915893834946, 
2.910266399383545, -2.268141508102417, 0.31582226237545835, 1791227915944155638, 
2.9209365844726562, -2.2645204067230225, 0.33884130992680256, 1791227916004528544, 
2.929673671722412, -2.2613391876220703, 0.35931632321927043, 1791227916054620596, 
2.938697099685669, -2.2580461502075195, 0.3806603285647148, 1791227916104480345, 
2.947436809539795, -2.254350185394287, 0.3997705924327935, 1791227916154460320, 
2.9563541412353516, -2.2505409717559814, 0.4193149611923332, 1791227916204429001, 
2.963235855102539, -2.2471823692321777, 0.4357314707247854, 1791227916245501954, 
2.9753940105438232, -2.2413077354431152, 0.46231122950070047, 1791227916314374629, 
2.9806010723114014, -2.238715648651123, 0.4749029903821578, 1791227916344557887, 
2.989297866821289, -2.2341043949127197, 0.4951339363175657, 1791227916393814987, 
2.999657392501831, -2.228442668914795, 0.5187369528912821, 1791227916454460329, 
3.0081582069396973, -2.223531723022461, 0.5389913996162911, 1791227916504481184, 
3.0164670944213867, -2.218297243118286, 0.5605625991243376, 1791227916554463201, 
3.024757146835327, -2.212975263595581, 0.5805322126718734, 1791227916604429368, 
3.0311036109924316, -2.2085633277893066, 0.59743916817705, 1791227916644476620, 
3.042466163635254, -2.2006213665008545, 0.6248756621718213, 1791227916714013230, 
3.0504567623138428, -2.1947789192199707, 0.645504570823348, 1791227916764637234, 
3.055131673812866, -2.1911909580230713, 0.6571312451003141, 1791227916794509440, 
3.064396381378174, -2.183814764022827, 0.6822306021586229, 1791227916854567944, 
3.071934223175049, -2.1775920391082764, 0.7021143074502477, 1791227916904624848, 
3.0792934894561768, -2.171081066131592, 0.7208562103726878, 1791227916954449512, 
3.086714506149292, -2.1643924713134766, 0.740360696962792, 1791227917005491686, 
3.092344045639038, -2.1590428352355957, 0.7557332527561202, 1791227917044471553, 
3.102569818496704, -2.1492393016815186, 0.784808368783237, 1791227917114867234, 
3.1095058917999268, -2.141857862472534, 0.805000907412114, 1791227917165436263, 
3.114967107772827, -2.1360859870910645, 0.8196883942668568, 1791227917204291906, 
3.1216471195220947, -2.128709077835083, 0.8386244843091262, 1791227917254522425, 
3.1282715797424316, -2.121159315109253, 0.8593333731794203, 1791227917304483221, 
3.1347291469573975, -2.113450050354004, 0.8803068638056225, 1791227917354456435, 
3.1411476135253906, -2.1056127548217773, 0.9003795564630043, 1791227917406452466, 
3.1459484100341797, -2.0992796421051025, 0.9156543415761084, 1791227917444566334, 
3.1520273685455322, -2.0910956859588623, 0.9351007941638849, 1791227917493853808, 
3.1597092151641846, -2.080247402191162, 0.9616797229225476, 1791227917559855744, 
3.163654088973999, -2.0744268894195557, 0.9757985833234054, 1791227917593727843, 
3.170243263244629, -2.0645313262939453, 0.9997935231040082, 1791227917654552743, 
3.175513744354248, -2.0560286045074463, 1.0187542609035651, 1791227917704457233, 
3.1807198524475098, -2.047423839569092, 1.0384433928038022, 1791227917754482853, 
3.1853225231170654, -2.039438247680664, 1.0564650822430732, 1791227917800458185, 
3.1894826889038086, -2.0320403575897217, 1.0737410695445593, 1791227917844357840, 
3.19427490234375, -2.0229787826538086, 1.0934879129095396, 1791227917893696084, 
3.1986944675445557, -2.0140135288238525, 1.1122453565719106, 1791227917944041545, 
3.2030773162841797, -2.00486159324646, 1.1310188278714532, 1791227917994704355, 
3.2080981731414795, -1.9938433170318604, 1.1551376194819725, 1791227918054471484, 
3.212010145187378, -1.9845292568206787, 1.1759415048129715, 1791227918104460148, 
3.215801477432251, -1.9752994775772095, 1.1962204078312184, 1791227918155459428, 
3.2191784381866455, -1.9663300514221191, 1.2146930401885339, 1791227918201573922, 
3.2219746112823486, -1.958404779434204, 1.231596832191408, 1791227918244374164, 
3.2254104614257812, -1.948752760887146, 1.2517247524839463, 1791227918294455364, 
3.229496717453003, -1.935905933380127, 1.2790845852405917, 1791227918361611964, 
3.2319657802581787, -1.9277172088623047, 1.2965385421814482, 1791227918403701242, 
3.234544038772583, -1.9180437326431274, 1.3167578591319362, 1791227918454460215, 
3.2369613647460938, -1.908153772354126, 1.3373313347593143, 1791227918504463791, 
3.239158868789673, -1.8989940881729126, 1.3576965197714315, 1791227918551618452, 
3.241029977798462, -1.8890080451965332, 1.376867779475119, 1791227918601822525, 
3.2425997257232666, -1.880743145942688, 1.3939860807970679, 1791227918643786141, 
3.244288444519043, -1.8706324100494385, 1.4146736737417358, 1791227918694488976, 
3.2461206912994385, -1.8572921752929688, 1.4402652722173188, 1791227918762625961, 
3.2471673488616943, -1.8490264415740967, 1.4568891896940663, 1791227918804049206, 
3.248152494430542, -1.8391932249069214, 1.4760633871928837, 1791227918854568091, 
3.2489399909973145, -1.8289436101913452, 1.4952244748548462, 1791227918904718553, 
3.2495005130767822, -1.8188042640686035, 1.514554398911591, 1791227918952792296, 
3.2500038146972656, -1.8087950944900513, 1.5354510730769766, 1791227919001971927, 
3.2500455379486084, -1.8001184463500977, 1.5515798390036775, 1791227919045373470, 
3.250150203704834, -1.7894712686538696, 1.5727035135325018, 1791227919096055764, 
3.2497670650482178, -1.775229573249817, 1.6000718493155666, 1791227919163247258, 
3.249366521835327, -1.7665081024169922, 1.6167207222932087, 1791227919205361694, 
3.2487010955810547, -1.7564514875411987, 1.6360976995532428, 1791227919254622937, 
3.247969627380371, -1.7462624311447144, 1.6573880199744992, 1791227919304482950, 
3.2468817234039307, -1.736284613609314, 1.677089885485213, 1791227919354488136, 
3.2456583976745605, -1.7262150049209595, 1.6970936708048923, 1791227919404486128, 
3.2446491718292236, -1.7180938720703125, 1.712908480510515, 1791227919444440942, 
3.2431113719940186, -1.7082359790802002, 1.7334046218742925, 1791227919495419940, 
3.241211175918579, -1.6983442306518555, 1.7521291863583546, 1791227919543928407, 
3.2389259338378906, -1.6862680912017822, 1.7767360993842551, 1791227919604581487, 
3.2367873191833496, -1.6765700578689575, 1.7960112503848011, 1791227919655499090, 
3.2343077659606934, -1.6669951677322388, 1.8141113669708253, 1791227919704490310, 
3.231924295425415, -1.6573715209960938, 1.8345653522559975, 1791227919754485715, 
3.229212999343872, -1.6479650735855103, 1.8541549281571277, 1791227919804490007, 
3.226914167404175, -1.640308141708374, 1.8696435003588017, 1791227919844435899, 
3.2236413955688477, -1.6303592920303345, 1.8901374299117206, 1791227919895435721, 
3.2189624309539795, -1.6172226667404175, 1.9167729393970165, 1791227919964378480, 
3.2162630558013916, -1.6097412109375, 1.9342059465775405, 1791227920004594799, 
3.2125468254089355, -1.60028076171875, 1.9559679835605635, 1791227920054764840, 
3.2086539268493652, -1.591009259223938, 1.9754137073862004, 1791227920104544203, 
3.2045788764953613, -1.581709623336792, 1.9953064116703196, 1791227920155575076, 
3.200385332107544, -1.5729073286056519, 2.0151319682050852, 1791227920204917869, 
3.1969029903411865, -1.5655207633972168, 2.031322050779244, 1791227920245440400, 
3.1923680305480957, -1.5566442012786865, 2.0518331097370313, 1791227920293734495, 
3.185544967651367, -1.5440932512283325, 2.079315151527383, 1791227920365201178, 
3.1816253662109375, -1.5372986793518066, 2.0944382064137836, 1791227920405113840, 
3.1763510704040527, -1.5286043882369995, 2.1148668181959707, 1791227920454573657, 
3.170922040939331, -1.5199296474456787, 2.1354621030522134, 1791227920504618586, 
3.165550947189331, -1.5115665197372437, 2.154833744866107, 1791227920554600923, 
3.159954071044922, -1.5033607482910156, 2.1742435377242546, 1791227920605575979, 
3.15525221824646, -1.4966497421264648, 2.190079433365402, 1791227920644743833, 
3.149282455444336, -1.4887058734893799, 2.2087217929548846, 1791227920694134462, 
3.1432600021362305, -1.4807912111282349, 2.2287386563345106, 1791227920745510221, 
3.1370768547058105, -1.473012924194336, 2.248657240776251, 1791227920794216348, 
3.129338026046753, -1.463720679283142, 2.2718078129369528, 1791227920854480502, 
3.122659206390381, -1.4559743404388428, 2.2917584621811633, 1791227920905604415, 
3.1157844066619873, -1.4484866857528687, 2.312375004516321, 1791227920953753838, 
3.1090304851531982, -1.4412492513656616, 2.332675917263441, 1791227921005511294, 
3.1033387184143066, -1.4353649616241455, 2.349579804828874, 1791227921046493937, 
3.093088388442993, -1.4253979921340942, 2.3782180840280427, 1791227921113644178, 
3.085716724395752, -1.4184186458587646, 2.3990014311347236, 1791227921165424706, 
3.081209897994995, -1.4144316911697388, 2.4106890345628167, 1791227921194580941, 
3.072059154510498, -1.4065417051315308, 2.4352218495210347, 1791227921253857223, 
3.0645079612731934, -1.400073766708374, 2.4560962366813284, 1791227921304494022, 
3.056483030319214, -1.3939158916473389, 2.474719742317469, 1791227921354464581, 
3.048489809036255, -1.387766718864441, 2.494497099171517, 1791227921405476796, 
3.0419371128082275, -1.3829655647277832, 2.511133339301031, 1791227921444500198, 
3.0337371826171875, -1.377279281616211, 2.5307341110690547, 1791227921494095634, 
3.025614023208618, -1.3717923164367676, 2.5491987441928905, 1791227921544616165, 
3.0172557830810547, -1.3663824796676636, 2.5688875955961885, 1791227921593907787, 
3.0069282054901123, -1.3599849939346313, 2.592327094295668, 1791227921654629285, 
2.998342990875244, -1.3548177480697632, 2.612171805006043, 1791227921704494877, 
2.989758014678955, -1.3499112129211426, 2.6323370362319443, 1791227921754465457, 
2.9808576107025146, -1.3450390100479126, 2.6526070276232345, 1791227921806446424, 
2.9735913276672363, -1.3413653373718262, 2.667146732253541, 1791227921844514496, 
2.9608612060546875, -1.3351112604141235, 2.695157810179831, 1791227921914527168, 
2.9515483379364014, -1.3307698965072632, 2.716341065555149, 1791227921965840674, 
2.9441335201263428, -1.3275176286697388, 2.7324342138609627, 1791227922005079641, 
2.934589147567749, -1.3236199617385864, 2.75149150456933, 1791227922054484053, 
2.925121545791626, -1.3198819160461426, 2.7710008844045144, 1791227922104455530, 
2.9158132076263428, -1.3163790702819824, 2.7909145245000637, 1791227922154496493, 
2.907285451889038, -1.313246488571167, 2.810041383947845, 1791227922200467418, 
2.8988451957702637, -1.310464859008789, 2.8277005924662317, 1791227922244534778, 
2.885143756866455, -1.3063000440597534, 2.8545231992684204, 1791227922315382175, 
2.8792223930358887, -1.304608702659607, 2.865995924250607, 1791227922344366246, 
2.869704484939575, -1.3020609617233276, 2.885866658047224, 1791227922394882227, 
2.858184576034546, -1.2993125915527344, 2.909687807867733, 1791227922454490156, 
2.8484532833099365, -1.2971768379211426, 2.929097917122535, 1791227922504466448, 
2.8387715816497803, -1.2952229976654053, 2.949013721878403, 1791227922555470218, 
2.8291940689086914, -1.2935147285461426, 2.9675514919328405, 1791227922601552645, 
2.820406675338745, -1.2920231819152832, 2.9866478386452213, 1791227922645530679, 
2.8105878829956055, -1.2906502485275269, 3.006538129768979, 1791227922694524536, 
2.8008272647857666, -1.2893834114074707, 3.0256910295519925, 1791227922744506718, 
2.7887156009674072, -1.288146734237671, 3.049539089891741, 1791227922804748991, 
2.7786288261413574, -1.2873667478561401, 3.0683054868119526, 1791227922854483150, 
2.7685914039611816, -1.2867951393127441, 3.0894863552510143, 1791227922904552186, 
2.758615016937256, -1.2862746715545654, 3.1113994110927, 1791227922956512669, 
2.748955488204956, -1.286123275756836, 3.1300663930901655, 1791227923002472912, 
2.740262031555176, -1.286026954650879, -3.13517856611855, 1791227923045404156, 
2.7264034748077393, -1.2862918376922607, -3.107795950126231, 1791227923112245253, 
2.7200567722320557, -1.286612629890442, -3.095295910363871, 1791227923144592526, 
2.7108335494995117, -1.2871519327163696, -3.076194772484962, 1791227923191777499, 
2.698093891143799, -1.288116693496704, -3.0498599876019594, 1791227923253871964, 
2.6879563331604004, -1.2892347574234009, -3.0304708548581023, 1791227923305124031, 
2.6787235736846924, -1.2904467582702637, -3.0128502814951945, 1791227923353504418, 
2.668740749359131, -1.2918264865875244, -2.992214923395132, 1791227923403576466, 
2.660336494445801, -1.2932422161102295, -2.9755577988501947, 1791227923444699070, 
2.6466872692108154, -1.2957230806350708, -2.948730013820651, 1791227923513572945, 
2.6368937492370605, -1.2978708744049072, -2.9291522889136123, 1791227923563009940, 
2.6306984424591064, -1.299372673034668, -2.9178245539686793, 1791227923593057182, 
2.618600606918335, -1.302241325378418, -2.891899142243602, 1791227923655507997, 
2.6086418628692627, -1.3048202991485596, -2.870814563190966, 1791227923706598334, 
2.599609375, -1.3074584007263184, -2.853100824241463, 1791227923752698650, 
2.589822769165039, -1.3105833530426025, -2.8338880232947825, 1791227923803499884, 
2.5816919803619385, -1.3133115768432617, -2.817306011351687, 1791227923845423024, 
2.5720276832580566, -1.3165760040283203, -2.79699919775685, 1791227923895446151, 
2.558838129043579, -1.3217428922653198, -2.768742988165105, 1791227923963933489, 
2.5511929988861084, -1.3247817754745483, -2.752400350569452, 1791227924004804356, 
2.542088508605957, -1.3286432027816772, -2.733601060561291, 1791227924054565541, 
2.5330588817596436, -1.332689642906189, -2.713350066262955, 1791227924104502041, 
2.523991346359253, -1.3371628522872925, -2.693235637151021, 1791227924154502531, 
2.5149645805358887, -1.3414870500564575, -2.673069713448937, 1791227924205481406, 
2.5079190731048584, -1.3452132940292358, -2.6571697737010083, 1791227924245588881, 
2.4988090991973877, -1.3501315116882324, -2.6374983945233326, 1791227924295448654, 
2.4869046211242676, -1.3571196794509888, -2.6104105231730026, 1791227924364907216, 
2.4798896312713623, -1.3612782955169678, -2.593647666977121, 1791227924405494955, 
2.4715373516082764, -1.3668164014816284, -2.5740427162682225, 1791227924454774782, 
2.463305950164795, -1.3722954988479614, -2.555262585795238, 1791227924504501813, 
2.45464825630188, -1.3780970573425293, -2.533766816773867, 1791227924554501569, 
2.446364164352417, -1.3840911388397217, -2.513495440401346, 1791227924604480508, 
2.4398491382598877, -1.3888286352157593, -2.4977698249319134, 1791227924645581102, 
2.431762456893921, -1.395058274269104, -2.478057172213615, 1791227924696450468, 
2.420753002166748, -1.4040769338607788, -2.449927909903754, 1791227924765587311, 
2.4145545959472656, -1.4092721939086914, -2.4339506059257783, 1791227924805496119, 
2.406944751739502, -1.415961503982544, -2.413618355332762, 1791227924855495743, 
2.3996262550354004, -1.4228010177612305, -2.393699565927861, 1791227924904497697, 
2.392214298248291, -1.429753303527832, -2.373710648526487, 1791227924955499258, 
2.3851592540740967, -1.4369020462036133, -2.3549781398121383, 1791227925005485752, 
2.3792576789855957, -1.4428445100784302, -2.3385478573535248, 1791227925045582273, 
2.372333288192749, -1.4501157999038696, -2.318352809669668, 1791227925095527069, 
2.36592435836792, -1.4573308229446411, -2.2992102386846134, 1791227925143634925, 
2.3580737113952637, -1.4663759469985962, -2.275345622709189, 1791227925204896067, 
2.3517112731933594, -1.474194884300232, -2.2572241812280707, 1791227925254737669, 
2.345595598220825, -1.481940746307373, -2.238899729644561, 1791227925305505650, 
2.339218854904175, -1.4902268648147583, -2.2174546509054496, 1791227925355501639, 
2.3334622383117676, -1.498218297958374, -2.197506786551473, 1791227925405476912, 
2.328569173812866, -1.5050057172775269, -2.1819811612508153, 1791227925446427756, 
2.322864532470703, -1.5134533643722534, -2.1617400998046703, 1791227925495449547, 
2.317469835281372, -1.5218095779418945, -2.141245410572158, 1791227925545618174, 
2.3119070529937744, -1.5306545495986938, -2.120107227819502, 1791227925594766444, 
2.305704116821289, -1.541014313697815, -2.0949905129762616, 1791227925655533364, 
2.301070213317871, -1.549297571182251, -2.0750499696375098, 1791227925705490776, 
2.2960493564605713, -1.5587362051010132, -2.0560765317094827, 1791227925754505558, 
2.291287422180176, -1.567885160446167, -2.0352512252165322, 1791227925805477866, 
2.2876412868499756, -1.5750752687454224, -2.0168173183903484, 1791227925845427184, 
2.283452272415161, -1.58408522605896, -1.9945874120190723, 1791227925895452446, 
2.2782480716705322, -1.5961858034133911, -1.9688459823460622, 1791227925960893950, 
2.275989532470703, -1.601513385772705, -1.9574209925326116, 1791227925991194801, 
2.2713494300842285, -1.6142551898956299, -1.9337693193719545, 1791227926058758212, 
2.2684638500213623, -1.6220614910125732, -1.916087699159343, 1791227926100696406, 
2.2651164531707764, -1.6316642761230469, -1.8955365872091539, 1791227926151629073, 
2.2620389461517334, -1.6414239406585693, -1.876795469991697, 1791227926201843132, 
2.2592525482177734, -1.6512396335601807, -1.8594543503395138, 1791227926249737127, 
2.2564537525177, -1.6610313653945923, -1.8388596731691145, 1791227926303374956, 
2.2544198036193848, -1.6687661409378052, -1.8221729021129633, 1791227926340185156, 
2.25114369392395, -1.6824541091918945, -1.7932144433154504, 1791227926409752246, 
2.2490522861480713, -1.6922937631607056, -1.7731405560212112, 1791227926459822043, 
2.24751877784729, -1.7002812623977661, -1.757188948017787, 1791227926500599962, 
2.245682716369629, -1.7103716135025024, -1.7361070622762094, 1791227926549696055, 
2.244035482406616, -1.720401406288147, -1.7140154350201886, 1791227926600137805, 
2.242644786834717, -1.7306658029556274, -1.6929985340951943, 1791227926650427277, 
2.241335868835449, -1.7427699565887451, -1.6695970362947419, 1791227926708734004, 
2.2407233715057373, -1.7489782571792603, -1.657191545015643, 1791227926740111506, 
2.239960193634033, -1.7588350772857666, -1.637619149753861, 1791227926790016932, 
2.239279270172119, -1.772702932357788, -1.611915192505501, 1791227926859692761, 
2.2388713359832764, -1.7807302474975586, -1.5959602840808789, 1791227926900481709, 
2.2389166355133057, -1.7906224727630615, -1.5772581167165158, 1791227926950507879, 
2.2390224933624268, -1.8008253574371338, -1.557354774255837, 1791227927001480431, 
2.2391579151153564, -1.8097676038742065, -1.5390482318184449, 1791227927045430601, 
2.2397024631500244, -1.8197609186172485, -1.519342998802642, 1791227927094903742, 
2.24063777923584, -1.8332144021987915, -1.492480710589411, 1791227927160800222, 
2.2414097785949707, -1.8422874212265015, -1.474595205629705, 1791227927205173289, 
2.2426340579986572, -1.8524500131607056, -1.4550194376749732, 1791227927256091525, 
2.243868350982666, -1.8622747659683228, -1.4351602188094932, 1791227927305482687, 
2.245384693145752, -1.8724141120910645, -1.4143488839930098, 1791227927356480464, 
2.2470545768737793, -1.8816473484039307, -1.3970570518769765, 1791227927401482923, 
2.24873423576355, -1.8904119729995728, -1.379311315613639, 1791227927445465030, 
2.250699281692505, -1.90031099319458, -1.3579441049815848, 1791227927494811931, 
2.253124475479126, -1.910422444343567, -1.3375051844503891, 1791227927545585559, 
2.255558729171753, -1.9202255010604858, -1.316492304670164, 1791227927595786719, 
2.2588720321655273, -1.931854248046875, -1.2937231421363413, 1791227927654884193, 
2.261918067932129, -1.9418649673461914, -1.2751914549861292, 1791227927704815663, 
2.264756202697754, -1.9507827758789062, -1.2563376870062437, 1791227927750794616, 
2.268141508102417, -1.960510492324829, -1.2360224952256396, 1791227927801898281, 
2.2710301876068115, -1.9684964418411255, -1.2195978281372315, 1791227927844880547, 
2.2746827602386475, -1.9778681993484497, -1.2005846412300396, 1791227927895495486, 
2.2798011302948, -1.990479588508606, -1.1741390004891998, 1791227927962755528, 
2.2832462787628174, -1.9982115030288696, -1.1579233435510867, 1791227928004781454, 
2.28732967376709, -2.0072989463806152, -1.1366680516443166, 1791227928055590272, 
2.291874885559082, -2.0166287422180176, -1.116591721643459, 1791227928104959926, 
2.296182632446289, -2.025045871734619, -1.0989143147108926, 1791227928153091191, 
2.3009402751922607, -2.034156084060669, -1.0788563917635368, 1791227928203530984, 
2.3051202297210693, -2.041632652282715, -1.061120695647912, 1791227928245572987, 
2.310009717941284, -2.0502681732177734, -1.041357230731429, 1791227928295508916, 
2.3151540756225586, -2.059007167816162, -1.020833281619261, 1791227928346784344, 
2.3218719959259033, -2.0693745613098145, -0.9969738845400016, 1791227928406021973, 
2.327340602874756, -2.077634334564209, -0.977293838005108, 1791227928456512472, 
2.3331785202026367, -2.0862231254577637, -0.9559991977054437, 1791227928507511737, 
2.33907151222229, -2.0942234992980957, -0.9365481023504929, 1791227928555495963, 
2.345066785812378, -2.1021156311035156, -0.9176081996655604, 1791227928605510171, 
2.350046157836914, -2.1084530353546143, -0.9022851064695528, 1791227928645433481, 
2.356501579284668, -2.1163549423217773, -0.8820347546105021, 1791227928695518649, 
2.365365743637085, -2.126856803894043, -0.8541615783178854, 1791227928764695346, 
2.369320869445801, -2.131211996078491, -0.8424118871184738, 1791227928795501340, 
2.377257823944092, -2.1400442123413086, -0.8182455271736484, 1791227928855572741, 
2.3843512535095215, -2.147381544113159, -0.7993644827839319, 1791227928905510712, 
2.391460657119751, -2.154522180557251, -0.7795586978518814, 1791227928955511491, 
2.3987741470336914, -2.1616575717926025, -0.7585779039635338, 1791227929005529372, 
2.4045822620391846, -2.167046546936035, -0.7421824031166513, 1791227929045435423, 
2.415325880050659, -2.1765551567077637, -0.7142178275707, 1791227929115534672, 
2.4230124950408936, -2.1830053329467773, -0.6945515263084444, 1791227929165221435, 
2.4291818141937256, -2.1881067752838135, -0.6784880883045061, 1791227929204779842, 
2.43700909614563, -2.194309949874878, -0.6583349938574782, 1791227929256499326, 
2.4450409412384033, -2.2003893852233887, -0.6388090113111923, 1791227929305513495, 
2.453204870223999, -2.2063112258911133, -0.6191321295306802, 1791227929355509168, 
2.4615437984466553, -2.21211576461792, -0.5990465828516202, 1791227929405490850, 
2.468287944793701, -2.2166168689727783, -0.5829311157312731, 1791227929445437166, 
2.476597309112549, -2.222151517868042, -0.561584505792444, 1791227929496538497, 
2.4886045455932617, -2.2293014526367188, -0.5340156142581913, 1791227929564780422, 
2.4956181049346924, -2.2333688735961914, -0.5181350316080388, 1791227929604948862, 
2.504199266433716, -2.238123655319214, -0.4995659496908537, 1791227929654731142, 
2.5130395889282227, -2.2427401542663574, -0.4800242279551618, 1791227929705517485, 
2.5222220420837402, -2.2473599910736084, -0.4603961389184368, 1791227929755513725, 
2.531223773956299, -2.2516324520111084, -0.44073810724647017, 1791227929805508966, 
2.538480281829834, -2.2549381256103516, -0.4252520736607569, 1791227929845439274, 
2.5480029582977295, -2.2590911388397217, -0.4050440971438404, 1791227929895546136, 
2.55712890625, -2.262925148010254, -0.38487960618339745, 1791227929945580582, 
2.566455602645874, -2.266460657119751, -0.3657914028561384, 1791227929994789457, 
2.5779147148132324, -2.2707817554473877, -0.3402855650915198, 1791227930055591869, 
2.5873138904571533, -2.2740447521209717, -0.3198772943404906, 1791227930105513726, 
2.597101926803589, -2.2771286964416504, -0.3012585140770939, 1791227930155514984, 
2.6065518856048584, -2.2799949645996094, -0.28066449461905146, 1791227930205481289, 
2.6143033504486084, -2.282238006591797, -0.26350880424146167, 1791227930246439660, 
2.624126434326172, -2.284743070602417, -0.24391563813624875, 1791227930295560606, 
2.6336774826049805, -2.287118434906006, -0.22313980625880322, 1791227930344899082, 
2.643551826477051, -2.2892565727233887, -0.2023371858126606, 1791227930395083193, 
2.655547857284546, -2.2915098667144775, -0.17869147130401694, 1791227930454736253, 
2.665461540222168, -2.2932097911834717, -0.1581675782159549, 1791227930505513736, 
2.6754188537597656, -2.2947030067443848, -0.13891242640795398, 1791227930555489419, 
2.685500144958496, -2.2958486080169678, -0.12014457897880514, 1791227930605527637, 
2.6932380199432373, -2.29671311378479, -0.10453985749579021, 1791227930645438335, 
2.7033145427703857, -2.297581195831299, -0.08522185287059703, 1791227930695550457, 
2.7133140563964844, -2.2982075214385986, -0.0664257222813418, 1791227930745404676, 
2.72334361076355, -2.298846960067749, -0.04682832268876322, 1791227930794863485, 
2.7355575561523438, -2.299210786819458, -0.02326451452868356, 1791227930854855843, 
2.744826316833496, -2.299286127090454, -0.00555892745103571, 1791227930901514453, 
2.7548484802246094, -2.29929780960083, 0.014997131001952478, 1791227930950516616, 
2.7648777961730957, -2.2991139888763428, 0.03588645640666862, 1791227931000558622, 
2.7749767303466797, -2.2987020015716553, 0.05581581607046928, 1791227931050440575, 
2.785095453262329, -2.298041820526123, 0.07568030386563125, 1791227931099750478, 
2.793224573135376, -2.297388792037964, 0.09199157144853469, 1791227931141490365, 
2.8030948638916016, -2.296351671218872, 0.11211860469733102, 1791227931189981931, 
2.8172082901000977, -2.294502019882202, 0.14072728404001422, 1791227931259887018, 
2.825286388397217, -2.293304920196533, 0.15658254705059274, 1791227931301489611, 
2.8351354598999023, -2.2916150093078613, 0.1754199366854949, 1791227931350490574, 
2.845003366470337, -2.289757251739502, 0.19584995599047095, 1791227931400519710, 
2.8548433780670166, -2.287656545639038, 0.2162949528823357, 1791227931450440770, 
2.8647642135620117, -2.285238027572632, 0.23559388824326472, 1791227931500558665, 
2.872708797454834, -2.2831943035125732, 0.25165186919752625, 1791227931539738098, 
2.8822154998779297, -2.2805986404418945, 0.27073808616454986, 1791227931590304036, 
2.894749402999878, -2.276911973953247, 0.29557371126173504, 1791227931655590840, 
2.904414176940918, -2.2739226818084717, 0.3167567642918035, 1791227931705622255, 
2.9138474464416504, -2.270634412765503, 0.3363719880023657, 1791227931755491565, 
2.922454595565796, -2.2674295902252197, 0.353902034079651, 1791227931801492145, 
2.930917501449585, -2.2643210887908936, 0.37245483797049095, 1791227931845490047, 
2.940354108810425, -2.2604832649230957, 0.3929671919153197, 1791227931895592738, 
2.9523096084594727, -2.2553634643554688, 0.42037140322547983, 1791227931960884961, 
2.958524465560913, -2.2526845932006836, 0.43520176656254556, 1791227931995987134, 
2.9696946144104004, -2.2471437454223633, 0.4591286520892759, 1791227932054922802, 
2.9786295890808105, -2.2425131797790527, 0.4790311294447731, 1791227932105524059, 
2.987522840499878, -2.237905740737915, 0.4996245429377136, 1791227932156510608, 
2.9957282543182373, -2.2332136631011963, 0.5181831024281144, 1791227932201884869, 
3.003232955932617, -2.2288296222686768, 0.5343768356487291, 1791227932245461294, 
3.0117146968841553, -2.2235758304595947, 0.5536184511076434, 1791227932295508487, 
3.0203776359558105, -2.2179226875305176, 0.5735314037868962, 1791227932345174155, 
3.0281009674072266, -2.2128210067749023, 0.5913219705622114, 1791227932393370560, 
3.038424015045166, -2.2056639194488525, 0.6170057227541572, 1791227932456579803, 
3.0465381145477295, -2.19975209236145, 0.6359100021373769, 1791227932505208843, 
3.054145097732544, -2.1938822269439697, 0.65373863803534, 1791227932552830428, 
3.0621461868286133, -2.1876449584960938, 0.673986113352186, 1791227932603044366, 
3.068816900253296, -2.1822805404663086, 0.6911773986704445, 1791227932645449392, 
3.0761919021606445, -2.1758358478546143, 0.7104832786837664, 1791227932695469509, 
3.0864756107330322, -2.1667463779449463, 0.7380308199107801, 1791227932763223706, 
3.092849016189575, -2.1608638763427734, 0.7546932593591075, 1791227932804743932, 
3.100031852722168, -2.1539297103881836, 0.7743449443931054, 1791227932854763611, 
3.1072447299957275, -2.1467838287353516, 0.7956144518500409, 1791227932906503578, 
3.113957405090332, -2.1398658752441406, 0.8156519571450066, 1791227932954521699, 
3.1207075119018555, -2.1323189735412598, 0.8364971511482098, 1791227933004522043, 
3.1264429092407227, -2.1258437633514404, 0.8533609724930903, 1791227933046446156, 
3.1328842639923096, -2.118121385574341, 0.8729316748796755, 1791227933096471446, 
3.1392760276794434, -2.1106038093566895, 0.8938619872785074, 1791227933147736731, 
3.1463630199432373, -2.101194381713867, 0.9162369733393803, 1791227933205543051, 
3.1525347232818604, -2.093165397644043, 0.9360341655744921, 1791227933255561043, 
3.1583032608032227, -2.0851492881774902, 0.9550216211919224, 1791227933305523352, 
3.163954257965088, -2.0768966674804688, 0.9747741982136023, 1791227933355523344, 
3.1694836616516113, -2.0686588287353516, 0.9948627290467759, 1791227933405521409, 
3.1737959384918213, -2.061886787414551, 1.0105160515352007, 1791227933445445933, 
3.17903208732605, -2.0532681941986084, 1.0307673508134934, 1791227933496466544, 
3.185994863510132, -2.041372537612915, 1.058400551146128, 1791227933564958990, 
3.189905881881714, -2.034266710281372, 1.073629313845455, 1791227933604878668, 
3.1946816444396973, -2.0253195762634277, 1.0938363370430424, 1791227933654774806, 
3.1993422508239746, -2.0161473751068115, 1.113790875317294, 1791227933705523879, 
3.203601121902466, -2.0073015689849854, 1.1331298737780786, 1791227933755527106, 
3.2077829837799072, -1.99810791015625, 1.1535608747456796, 1791227933805505067, 
3.211049795150757, -1.9906259775161743, 1.1700923799711151, 1791227933845447595, 
3.215053081512451, -1.9813852310180664, 1.1909440478775883, 1791227933896540985, 
3.2186739444732666, -1.9721096754074097, 1.2106270064074738, 1791227933944882272, 
3.2228100299835205, -1.9604641199111938, 1.2341940658803228, 1791227934005078578, 
3.2260820865631104, -1.950976848602295, 1.2535162979534866, 1791227934055776339, 
3.2291152477264404, -1.9414269924163818, 1.2728945639434441, 1791227934105525889, 
3.2318716049194336, -1.9316236972808838, 1.2933886918770243, 1791227934155527471, 
3.2345335483551025, -1.9220600128173828, 1.3125050043473152, 1791227934205518983, 
3.2363529205322266, -1.9143729209899902, 1.327463935923583, 1791227934245447204, 
3.2386856079101562, -1.9045329093933105, 1.3468887964216174, 1791227934295473885, 
3.2407896518707275, -1.8950011730194092, 1.3670800248538972, 1791227934345377816, 
3.2427096366882324, -1.8850964307785034, 1.387155604718302, 1791227934395610321, 
3.244746446609497, -1.8731356859207153, 1.411699747988377, 1791227934455625385, 
3.246264934539795, -1.8631701469421387, 1.431330151557781, 1791227934505526246, 
3.247563362121582, -1.8531686067581177, 1.4514614168291597, 1791227934555524593, 
3.2486698627471924, -1.843109130859375, 1.472826006924204, 1791227934605474748, 
3.249441385269165, -1.8352247476577759, 1.4894274579707307, 1791227934646449512, 
3.2500898838043213, -1.8251760005950928, 1.508695538914847, 1791227934695504117, 
3.250818967819214, -1.8110935688018799, 1.53749457765884, 1791227934765295772, 
3.2510435581207275, -1.8029894828796387, 1.5535819589765967, 1791227934805729669, 
3.2511179447174072, -1.7928191423416138, 1.573784875758433, 1791227934855068522, 
3.2509679794311523, -1.782631516456604, 1.5945522350643648, 1791227934905527090, 
3.2505500316619873, -1.7724967002868652, 1.6139749744733456, 1791227934955527294, 
3.2499284744262695, -1.7622065544128418, 1.6331336179923452, 1791227935005502344, 
3.2495124340057373, -1.7540185451507568, 1.650368210258716, 1791227935047450412, 
3.2485830783843994, -1.744126796722412, 1.6697984190538355, 1791227935094908976, 
3.2468149662017822, -1.730355143547058, 1.6966661262403737, 1791227935164829180, 
3.2459921836853027, -1.724323034286499, 1.7084859416281186, 1791227935195608954, 
3.2444844245910645, -1.714439034461975, 1.72820490163468, 1791227935246190218, 
3.24234938621521, -1.7025939226150513, 1.7511438092961484, 1791227935305593280, 
3.240334987640381, -1.6925899982452393, 1.7729219960976015, 1791227935355542253, 
3.238288164138794, -1.6826378107070923, 1.7935765159466137, 1791227935405740197, 
3.236464262008667, -1.6748459339141846, 1.80903032642328, 1791227935446449868, 
3.2338573932647705, -1.664901614189148, 1.8295918274349106, 1791227935494889458, 
3.2299880981445312, -1.6513185501098633, 1.8569230088275026, 1791227935565099492, 
3.2282259464263916, -1.6455907821655273, 1.8686792762355209, 1791227935594713899, 
3.2245492935180664, -1.6338673830032349, 1.8932441594851648, 1791227935654965566, 
3.22115159034729, -1.6243783235549927, 1.9132034652972008, 1791227935705534979, 
3.2176437377929688, -1.615014672279358, 1.9324657092217064, 1791227935755504376, 
3.2139058113098145, -1.6055502891540527, 1.9534276038639482, 1791227935805478925, 
3.2108471393585205, -1.598165512084961, 1.9694751366274585, 1791227935845454162, 
3.2068638801574707, -1.589022159576416, 1.989136088975013, 1791227935895557156, 
3.2026891708374023, -1.5798927545547485, 2.0100059194100486, 1791227935945522539, 
3.198157787322998, -1.5706865787506104, 2.030562433631622, 1791227935995194481, 
3.1927895545959473, -1.5602267980575562, 2.0537181122409485, 1791227936054906402, 
3.1882002353668213, -1.551627516746521, 2.072930407102436, 1791227936105507844, 
3.183307409286499, -1.542938232421875, 2.0924472020100664, 1791227936155530469, 
3.1781790256500244, -1.534285545349121, 2.112268880043248, 1791227936207503003, 
3.1738672256469727, -1.5274816751480103, 2.127413495047296, 1791227936245453465, 
3.1684865951538086, -1.5190681219100952, 2.1474459186696344, 1791227936295577026, 
3.1609928607940674, -1.508041501045227, 2.1735511142831583, 1791227936360641085, 
3.1559596061706543, -1.5008623600006104, 2.1909784780740287, 1791227936404831554, 
3.149752140045166, -1.49253511428833, 2.211038098710996, 1791227936454871340, 
3.1436927318573, -1.4845772981643677, 2.2317233904892686, 1791227936505505543, 
3.1375269889831543, -1.4766925573349, 2.2530530822858847, 1791227936556503194, 
3.131394147872925, -1.4694736003875732, 2.271501850438346, 1791227936601837284, 
3.1256351470947266, -1.462791919708252, 2.2883949333205442, 1791227936644787617, 
3.1190285682678223, -1.4554444551467896, 2.308484717035446, 1791227936695247714, 
3.111905813217163, -1.448021411895752, 2.3277465800161323, 1791227936745535016, 
3.1051783561706543, -1.4409252405166626, 2.3485898551186453, 1791227936797137962, 
3.096588611602783, -1.432446002960205, 2.3724871065109068, 1791227936854874106, 
3.0892879962921143, -1.425449252128601, 2.392114395203504, 1791227936905139630, 
3.0820748805999756, -1.4190878868103027, 2.409821710598549, 1791227936953542743, 
3.0745811462402344, -1.4125467538833618, 2.429969067063864, 1791227937003601765, 
3.068037271499634, -1.406997799873352, 2.4468240560799095, 1791227937045179330, 
3.0603950023651123, -1.4009573459625244, 2.4663156511020703, 1791227937095571050, 
3.0493383407592773, -1.3925144672393799, 2.4935047043512304, 1791227937163271152, 
3.0443711280822754, -1.3887826204299927, 2.50619185547036, 1791227937193114534, 
3.0341665744781494, -1.3815339803695679, 2.5310190252087312, 1791227937255218032, 
3.026054620742798, -1.375881314277649, 2.551491428025784, 1791227937306611237, 
3.0179035663604736, -1.3706728219985962, 2.570193856060289, 1791227937352730832, 
3.0092179775238037, -1.3652693033218384, 2.5899320249514104, 1791227937404519366, 
3.001880168914795, -1.36088228225708, 2.6074779787826063, 1791227937445458238, 
2.9932639598846436, -1.3558436632156372, 2.6294063632103706, 1791227937496576581, 
2.984422445297241, -1.350985050201416, 2.6498007302317017, 1791227937546430855, 
2.9758713245391846, -1.3465825319290161, 2.669019572311313, 1791227937594543661, 
2.964477777481079, -1.3410799503326416, 2.693815460742794, 1791227937657600693, 
2.9554269313812256, -1.336859941482544, 2.7130305652773843, 1791227937708530549, 
2.9463536739349365, -1.3330168724060059, 2.73139930592915, 1791227937755537292, 
2.9371016025543213, -1.3291819095611572, 2.7520118738956665, 1791227937805532335, 
2.929588794708252, -1.3262027502059937, 2.767711655677891, 1791227937845457721, 
2.9201571941375732, -1.3227177858352661, 2.787381864810449, 1791227937896580273, 
2.906740665435791, -1.3180134296417236, 2.814860111970752, 1791227937964688843, 
2.9011073112487793, -1.3162028789520264, 2.826314676339591, 1791227937995134509, 
2.889667272567749, -1.312540888786316, 2.850446745647841, 1791227938056559793, 
2.8799479007720947, -1.3097686767578125, 2.8697905665032235, 1791227938104742846, 
2.870183229446411, -1.3072079420089722, 2.888535504528115, 1791227938155565189, 
2.8604462146759033, -1.3047993183135986, 2.9082593813032913, 1791227938205536770, 
2.8524892330169678, -1.3029890060424805, 2.9254412511710144, 1791227938246419263, 
2.84289813041687, -1.3008908033370972, 2.9459233373048717, 1791227938296057430, 
2.832803726196289, -1.2990745306015015, 2.965621740478837, 1791227938345571724, 
2.8206071853637695, -1.2970548868179321, 2.989586341890097, 1791227938404810157, 
2.8105955123901367, -1.29554283618927, 3.010168531733707, 1791227938455684774, 
2.8005154132843018, -1.2943940162658691, 3.0307812450459664, 1791227938505572110, 
2.790384292602539, -1.2934168577194214, 3.0514218710908696, 1791227938556582672, 
2.78054141998291, -1.292660117149353, 3.070247648744079, 1791227938605728880, 
2.7725319862365723, -1.2922065258026123, 3.0855975223803447, 1791227938646414683, 
2.762535810470581, -1.2917733192443848, 3.1053795828780153, 1791227938697530786, 
2.7526135444641113, -1.2916079759597778, 3.1245775204974517, 1791227938745058305, 
2.740600347518921, -1.291581153869629, -3.135697364655672, 1791227938805209085, 
2.730631113052368, -1.2917009592056274, -3.1153988843367695, 1791227938854709775, 
2.720679998397827, -1.2922050952911377, -3.0966575142563673, 1791227938905615071, 
2.710453987121582, -1.2928014993667603, -3.0755922820877357, 1791227938956622548, 
2.7003049850463867, -1.2936151027679443, -3.054680825443727, 1791227939006577131, 
2.6925549507141113, -1.294471025466919, -3.039289945652035, 1791227939044723913, 
2.6823551654815674, -1.2955583333969116, -3.0192432373511675, 1791227939096776103, 
2.6723618507385254, -1.29689359664917, -2.9986779686587646, 1791227939145594739, 
2.6603522300720215, -1.2987669706344604, -2.9742322196601494, 1791227939206287993, 
2.6506080627441406, -1.3005571365356445, -2.9541928934940964, 1791227939254770570, 
2.640627145767212, -1.3024429082870483, -2.933464297498176, 1791227939305561294, 
2.6306326389312744, -1.3048145771026611, -2.9142842679677043, 1791227939354701536, 
2.620612382888794, -1.307266116142273, -2.893433376542794, 1791227939406565573, 
2.6128597259521484, -1.3092910051345825, -2.875895486809345, 1791227939447488500, 
2.60307240486145, -1.3120802640914917, -2.8562059792616847, 1791227939495876138, 
2.589614152908325, -1.3163529634475708, -2.829851824987608, 1791227939566588328, 
2.583916187286377, -1.3185207843780518, -2.8183221760009647, 1791227939595574280, 
2.5725293159484863, -1.3225017786026, -2.7941511039724243, 1791227939655930371, 
2.563321352005005, -1.3261274099349976, -2.7758629608795684, 1791227939705561228, 
2.5540788173675537, -1.3296928405761719, -2.7556066520700755, 1791227939754727294, 
2.544616222381592, -1.333660364151001, -2.7353906711035316, 1791227939805961787, 
2.5374679565429688, -1.3368135690689087, -2.720516415124894, 1791227939845748237, 
2.528024911880493, -1.3411957025527954, -2.7000642042199257, 1791227939895844824, 
2.518984317779541, -1.3456019163131714, -2.6787445409427906, 1791227939945349584, 
2.5099847316741943, -1.3504180908203125, -2.659148240454424, 1791227939995216607, 
2.4994072914123535, -1.356065034866333, -2.635225484008266, 1791227940054865831, 
2.490447521209717, -1.361098289489746, -2.6147146681064823, 1791227940106552067, 
2.4819819927215576, -1.3664122819900513, -2.5949275387276507, 1791227940155679207, 
2.4730770587921143, -1.3718446493148804, -2.572049543753637, 1791227940207559543, 
2.4665708541870117, -1.376132845878601, -2.5563774465527285, 1791227940246571114, 
2.4582486152648926, -1.3819547891616821, -2.5379481375696824, 1791227940295570665, 
2.449915885925293, -1.3877086639404297, -2.5176746798356593, 1791227940345536328, 
2.441781759262085, -1.3936034440994263, -2.49789619024426, 1791227940395020283, 
2.4323110580444336, -1.400875210762024, -2.473413588733187, 1791227940455006418, 
2.4244253635406494, -1.4073752164840698, -2.4534471364783137, 1791227940505540659, 
2.4166624546051025, -1.4139199256896973, -2.433549876359905, 1791227940555517746, 
2.4091031551361084, -1.4207221269607544, -2.4142906444848684, 1791227940607505557, 
2.403465986251831, -1.4260720014572144, -2.399097277245766, 1791227940645451145, 
2.396042823791504, -1.4331116676330566, -2.3793396828938387, 1791227940695501781, 
2.3867111206054688, -1.4424965381622314, -2.35332968187486, 1791227940760879331, 
2.3817670345306396, -1.4474536180496216, -2.339462563025922, 1791227940794925424, 
2.3735599517822266, -1.4561759233474731, -2.315952603616215, 1791227940854947141, 
2.3667242527008057, -1.463855266571045, -2.2965340095937092, 1791227940905601411, 
2.3599905967712402, -1.4716243743896484, -2.2752698514305534, 1791227940956522272, 
2.353822708129883, -1.479071855545044, -2.2560272564732826, 1791227941001514848, 
2.348309278488159, -1.4859578609466553, -2.238790768326914, 1791227941046511024, 
2.342120885848999, -1.4939701557159424, -2.2200670831798033, 1791227941095218632, 
2.3342294692993164, -1.5048315525054932, -2.194611266924996, 1791227941161748995, 
2.3305866718292236, -1.5105057954788208, -2.1802940497490297, 1791227941196168799, 
2.3254354000091553, -1.5180977582931519, -2.160335628985719, 1791227941242551760, 
2.318315267562866, -1.529110074043274, -2.136086296695492, 1791227941304699098, 
2.3128912448883057, -1.5378555059432983, -2.115991413797609, 1791227941356816325, 
2.3082361221313477, -1.5458171367645264, -2.097109425028022, 1791227941401932056, 
2.303896427154541, -1.553546667098999, -2.0801782883981055, 1791227941445537468, 
2.2991931438446045, -1.5622594356536865, -2.061137648799184, 1791227941495594362, 
2.294705867767334, -1.5712475776672363, -2.0416846471111088, 1791227941545601634, 
2.2904303073883057, -1.5799263715744019, -2.022959095969171, 1791227941593492284, 
2.2852654457092285, -1.5910308361053467, -1.9982528820501646, 1791227941654893670, 
2.2812113761901855, -1.6001464128494263, -1.97775764381393, 1791227941705000917, 
2.277401924133301, -1.6091856956481934, -1.9577048139687085, 1791227941753514797, 
2.2737720012664795, -1.6185212135314941, -1.9380023745581731, 1791227941803589057, 
2.2707021236419678, -1.626625418663025, -1.921079949809963, 1791227941846622976, 
2.26733136177063, -1.6360867023468018, -1.9004960323149522, 1791227941895532737, 
2.264129877090454, -1.6457760334014893, -1.8802374160299042, 1791227941945669628, 
2.260580539703369, -1.6575522422790527, -1.856675072342286, 1791227942005970534, 
2.2579610347747803, -1.6674591302871704, -1.8376517785667572, 1791227942055584824, 
2.2553751468658447, -1.6773533821105957, -1.8181750756082615, 1791227942106512927, 
2.253138780593872, -1.686862587928772, -1.7985830128663953, 1791227942154581131, 
2.250919818878174, -1.6964524984359741, -1.7781428374874766, 1791227942204493209, 
2.2491888999938965, -1.704614281654358, -1.761268433042869, 1791227942247467431, 
2.2474513053894043, -1.7145798206329346, -1.7418031868105839, 1791227942297560195, 
2.245682716369629, -1.7248934507369995, -1.7199331825527981, 1791227942348180788, 
2.2444863319396973, -1.7345443964004517, -1.700616635925972, 1791227942395074927, 
2.243117094039917, -1.7465585470199585, -1.677242211002928, 1791227942456604866, 
2.242227077484131, -1.7563310861587524, -1.6587633366704586, 1791227942505546088, 
2.2414989471435547, -1.7662742137908936, -1.6393834396179519, 1791227942555521969, 
2.2408738136291504, -1.7759736776351929, -1.6187601943863397, 1791227942605548232, 
2.2404398918151855, -1.7842421531677246, -1.6013613145539414, 1791227942646467086, 
2.2403059005737305, -1.7941182851791382, -1.5824703654984147, 1791227942695556925, 
2.2402546405792236, -1.8083833456039429, -1.5548935083175894, 1791227942765607095, 
2.2403159141540527, -1.8145562410354614, -1.5420932571671078, 1791227942794869862, 
2.24070405960083, -1.8268826007843018, -1.5160717019182035, 1791227942857548100, 
2.241450548171997, -1.836954951286316, -1.4963268459146295, 1791227942905545465, 
2.242356061935425, -1.8472682237625122, -1.475610612492688, 1791227942955551057, 
2.2434980869293213, -1.8573715686798096, -1.456237483620686, 1791227943006503035, 
2.2445621490478516, -1.8655009269714355, -1.4411550093900376, 1791227943046474178, 
2.2459795475006104, -1.875529170036316, -1.419818915292776, 1791227943096569644, 
2.248349666595459, -1.8893489837646484, -1.3906658549464952, 1791227943166561487, 
2.249535083770752, -1.8950706720352173, -1.3789092895093447, 1791227943196009382, 
2.2521514892578125, -1.9073262214660645, -1.3547269297475362, 1791227943257605964, 
2.2544562816619873, -1.9169143438339233, -1.335214424506274, 1791227943305558390, 
2.2569520473480225, -1.92642343044281, -1.3145500697278234, 1791227943356548368, 
2.2596147060394287, -1.9360474348068237, -1.2953322966199576, 1791227943406549793, 
2.262011766433716, -1.9437192678451538, -1.2796952231005507, 1791227943446473207, 
2.2651798725128174, -1.953603982925415, -1.2599405184387065, 1791227943496573324, 
2.268629789352417, -1.9635510444641113, -1.2392647706750854, 1791227943545489179, 
2.272017002105713, -1.9729655981063843, -1.2185357285825695, 1791227943594747582, 
2.2762911319732666, -1.9841006994247437, -1.1945558683803048, 1791227943655386010, 
2.2801647186279297, -1.9934691190719604, -1.1748401128887276, 1791227943705527829, 
2.28411602973938, -2.0026438236236572, -1.1550071392421346, 1791227943755552284, 
2.2883341312408447, -2.01180362701416, -1.1359225092834095, 1791227943806549761, 
2.291851043701172, -2.0191431045532227, -1.1185290200861544, 1791227943846474653, 
2.296487808227539, -2.0283308029174805, -1.099227463571611, 1791227943895579459, 
2.3011653423309326, -2.0373144149780273, -1.0791713165902805, 1791227943945894580, 
2.3059728145599365, -2.046121835708618, -1.0591702088322281, 1791227943994952921, 
2.31203556060791, -2.05666184425354, -1.037122772042739, 1791227944055031400, 
2.317185163497925, -2.0652716159820557, -1.0165698226661215, 1791227944106624365, 
2.3225276470184326, -2.0735220909118652, -0.9966141460481388, 1791227944156628388, 
2.3280436992645264, -2.081899404525757, -0.9778034381004548, 1791227944206580838, 
2.332606077194214, -2.0884718894958496, -0.9631702904631805, 1791227944245854124, 
2.3388452529907227, -2.0971522331237793, -0.9427022992773516, 1791227944299584578, 
2.3468198776245117, -2.107813596725464, -0.9169275782036805, 1791227944365977416, 
2.3504769802093506, -2.112476110458374, -0.9056055566752923, 1791227944394651986, 
2.3585174083709717, -2.1225545406341553, -0.8799958107101152, 1791227944459164245, 
2.363980293273926, -2.1291067600250244, -0.8644090413706945, 1791227944501522499, 
2.371011734008789, -2.1372575759887695, -0.8426303210045708, 1791227944556554519, 
2.3777832984924316, -2.144789218902588, -0.8221157465198405, 1791227944606523529, 
2.383369207382202, -2.150653839111328, -0.8064509307123641, 1791227944646474835, 
2.3904292583465576, -2.1578712463378906, -0.7867664211397346, 1791227944696684219, 
2.3977363109588623, -2.165019989013672, -0.7661819617126155, 1791227944746513156, 
2.404979705810547, -2.171882152557373, -0.7449698237896336, 1791227944796560036, 
2.413895606994629, -2.180098056793213, -0.7196482294294372, 1791227944855881570, 
2.421668767929077, -2.186743974685669, -0.6992508546191527, 1791227944905550749, 
2.429149866104126, -2.192992925643921, -0.6785421102634615, 1791227944956525537, 
2.437000036239624, -2.199082136154175, -0.6596916311842291, 1791227945006553295, 
2.4435365200042725, -2.2039268016815186, -0.6436019787040369, 1791227945046477269, 
2.451575994491577, -2.209855079650879, -0.6234368860358778, 1791227945096625369, 
2.4596476554870605, -2.215466022491455, -0.60487204207863, 1791227945145774481, 
2.469738006591797, -2.222114086151123, -0.5819623990278979, 1791227945206382063, 
2.4781320095062256, -2.227421998977661, -0.5620967821409938, 1791227945255937355, 
2.4867475032806396, -2.232752561569214, -0.542001845993546, 1791227945306596674, 
2.4953453540802, -2.237765312194824, -0.5220119272544167, 1791227945356531591, 
2.5033702850341797, -2.2422571182250977, -0.5041124913657262, 1791227945401529231, 
2.511396646499634, -2.2465059757232666, -0.4858095176051981, 1791227945446422363, 
2.520556926727295, -2.2512423992156982, -0.46441818521066025, 1791227945496515569, 
2.5325522422790527, -2.257039785385132, -0.4357661475249882, 1791227945562297028, 
2.5388741493225098, -2.2598752975463867, -0.42179971060865934, 1791227945596585636, 
2.5502374172210693, -2.26473331451416, -0.3971955316833544, 1791227945656022811, 
2.5596516132354736, -2.2684731483459473, -0.37640925228982003, 1791227945706596482, 
2.5686862468719482, -2.27197265625, -0.35834077882706045, 1791227945755687134, 
2.577314853668213, -2.2750558853149414, -0.34024884134032835, 1791227945801827592, 
2.585681915283203, -2.2778618335723877, -0.3231927805193337, 1791227945846058548, 
2.595233917236328, -2.280972957611084, -0.3045493387332052, 1791227945895667616, 
2.6048014163970947, -2.283836841583252, -0.28543547929405805, 1791227945945239612, 
2.6144869327545166, -2.2865395545959473, -0.2651900107275319, 1791227945997442756, 
2.6261584758758545, -2.289437770843506, -0.24213824881157583, 1791227946055775060, 
2.6359028816223145, -2.291741371154785, -0.22214162237479443, 1791227946105722220, 
2.645669937133789, -2.2939553260803223, -0.2029577342645927, 1791227946157572624, 
2.65509295463562, -2.2956385612487793, -0.18613265782010743, 1791227946202926002, 
2.663656234741211, -2.297196626663208, -0.16818571317497197, 1791227946246044286, 
2.6734087467193604, -2.298901081085205, -0.14629923784232335, 1791227946296500589, 
2.6864984035491943, -2.300636053085327, -0.12006832685395814, 1791227946362452340, 
2.692741870880127, -2.3013954162597656, -0.10776829839743683, 1791227946393229502, 
2.705451250076294, -2.3025641441345215, -0.08342260755015958, 1791227946455745197, 
2.7153587341308594, -2.303194761276245, -0.06477100295176892, 1791227946506560131, 
2.7250349521636963, -2.3035061359405518, -0.04401501524422711, 1791227946554543392, 
2.7352166175842285, -2.3038344383239746, -0.023377713863977568, 1791227946604559996, 
2.7437572479248047, -2.3039560317993164, -0.007196632175054697, 1791227946646480912, 
2.753852367401123, -2.3039352893829346, 0.013061502889810176, 1791227946696507568, 
2.7674577236175537, -2.303557872772217, 0.04056160682688519, 1791227946764097109, 
2.7736332416534424, -2.3031845092773438, 0.052263510683993354, 1791227946794233296, 
2.78621768951416, -2.3023855686187744, 0.07805352621434089, 1791227946857553626, 
2.7961528301239014, -2.301478385925293, 0.09831112283537706, 1791227946908555197, 
2.8058724403381348, -2.3002610206604004, 0.11472146896907831, 1791227946955559731, 
2.8157894611358643, -2.298985719680786, 0.1346708799946876, 1791227947005533510, 
2.824181079864502, -2.297696352005005, 0.15222098284121133, 1791227947047484309, 
2.8338916301727295, -2.295964479446411, 0.17118036553897137, 1791227947096560092, 
2.8437154293060303, -2.29404878616333, 0.19020551745819805, 1791227947146507638, 
2.8556602001190186, -2.2915711402893066, 0.21502855890739758, 1791227947206123203, 
2.865546941757202, -2.2892093658447266, 0.2344778506143044, 1791227947255765973, 
2.875032663345337, -2.286792516708374, 0.2553293695955909, 1791227947305746750, 
2.8852341175079346, -2.2839691638946533, 0.2755024733988373, 1791227947356680098, 
2.8949782848358154, -2.281059741973877, 0.29534801658030213, 1791227947405728319, 
2.902686357498169, -2.278557062149048, 0.31129370100393705, 1791227947446497956, 
2.912282943725586, -2.2754149436950684, 0.33180030169227226, 1791227947495955559, 
2.9255807399749756, -2.2706010341644287, 0.3593499401490418, 1791227947566329312, 
2.9312047958374023, -2.2684810161590576, 0.37176296729541364, 1791227947595919016, 
2.9424502849578857, -2.263808488845825, 0.395434257929722, 1791227947655904427, 
2.9513494968414307, -2.2599761486053467, 0.41444481835962566, 1791227947706541590, 
2.9606738090515137, -2.2558138370513916, 0.43524573929862753, 1791227947756559035, 
2.9696967601776123, -2.2514023780822754, 0.4546837773279652, 1791227947806552947, 
2.97695255279541, -2.247925043106079, 0.4702817656299012, 1791227947846481926, 
2.9858005046844482, -2.243325710296631, 0.4909534718032163, 1791227947897507834, 
2.9945247173309326, -2.2385799884796143, 0.5101109211734098, 1791227947946513135, 
3.0031723976135254, -2.233640432357788, 0.5287846508741063, 1791227947996056789, 
3.0137577056884766, -2.2273998260498047, 0.5536924214296972, 1791227948058169368, 
3.0219671726226807, -2.221884250640869, 0.572473190136496, 1791227948105748725, 
3.0302789211273193, -2.2162182331085205, 0.5917299709438936, 1791227948156538490, 
3.038616180419922, -2.2105584144592285, 0.6125696318141056, 1791227948206534388, 
3.045332670211792, -2.2056374549865723, 0.6291455310410965, 1791227948246484410, 
3.053283929824829, -2.19974684715271, 0.6485805439676593, 1791227948296509132, 
3.06463623046875, -2.1910204887390137, 0.6768799960143246, 1791227948366600904, 
3.069425582885742, -2.1871235370635986, 0.6898153489727149, 1791227948395782605, 
3.078712224960327, -2.1794064044952393, 0.7142195072709603, 1791227948456365408, 
3.08615779876709, -2.1729536056518555, 0.7343975788573698, 1791227948506542260, 
3.0936379432678223, -2.1659770011901855, 0.7544650469288754, 1791227948556563639, 
3.1007959842681885, -2.1590769290924072, 0.7732888697296092, 1791227948606535551, 
3.1065785884857178, -2.1533896923065186, 0.7887262737541487, 1791227948647484916, 
3.113396406173706, -2.1461405754089355, 0.8091564729671352, 1791227948696510946, 
3.122828960418701, -2.1359033584594727, 0.8365576077257163, 1791227948766018821, 
3.1268303394317627, -2.131431818008423, 0.8483960864105242, 1791227948795716011, 
3.1347434520721436, -2.122079849243164, 0.8727963274984575, 1791227948855909843, 
3.140951156616211, -2.1145057678222656, 0.8915129268363278, 1791227948906564627, 
3.1471800804138184, -2.1065874099731445, 0.9121187718119332, 1791227948956534402, 
3.1532857418060303, -2.0985465049743652, 0.9327366639589534, 1791227949006565629, 
3.157938241958618, -2.0922152996063232, 0.9488207126766157, 1791227949047485561, 
3.1636087894439697, -2.083937883377075, 0.9674298912980539, 1791227949096553211, 
3.1689064502716064, -2.076037883758545, 0.9866893164609251, 1791227949141705794, 
3.1741786003112793, -2.0679025650024414, 1.007146881181568, 1791227949192122719, 
3.181230068206787, -2.0562005043029785, 1.033979135306926, 1791227949260341167, 
3.185704231262207, -2.0487234592437744, 1.0511018992637469, 1791227949302561744, 
3.1905972957611084, -2.040055751800537, 1.0713304851471506, 1791227949352574181, 
3.195298910140991, -2.0310704708099365, 1.0909699792078045, 1791227949401518061, 
3.1998448371887207, -2.0222325325012207, 1.1114786735257791, 1791227949451510584, 
3.2041258811950684, -2.0133442878723145, 1.1316040007338404, 1791227949501579675, 
3.20749568939209, -2.005784273147583, 1.1472480611388534, 1791227949542624018, 
3.2114148139953613, -1.996543049812317, 1.1663806916342028, 1791227949590734162, 
3.2166502475738525, -1.9837905168533325, 1.1942791973704703, 1791227949660994492, 
3.2195663452148438, -1.9760894775390625, 1.2103684015130467, 1791227949702603881, 
3.2229630947113037, -1.966686487197876, 1.2300739041291386, 1791227949750778714, 
3.2262654304504395, -1.9571384191513062, 1.2494909282806999, 1791227949802537411, 
3.229196548461914, -1.9475890398025513, 1.268400395499912, 1791227949851491034, 
3.2320361137390137, -1.9379100799560547, 1.287875476529086, 1791227949901028275, 
3.2343616485595703, -1.9301353693008423, 1.3042742082562855, 1791227949941569180, 
3.237740993499756, -1.9165351390838623, 1.3320659427047143, 1791227950011280432, 
3.240039587020874, -1.9067777395248413, 1.3517357574720448, 1791227950060716847, 
3.2417666912078857, -1.8987507820129395, 1.3668439964352268, 1791227950100799899, 
3.243603467941284, -1.888966679573059, 1.3862863730459853, 1791227950150790736, 
3.245469808578491, -1.8787189722061157, 1.4076183695569822, 1791227950202142624, 
3.246938705444336, -1.8688493967056274, 1.427563720948757, 1791227950251044594, 
3.248314380645752, -1.8588879108428955, 1.4476041561568505, 1791227950301016891, 
3.24926495552063, -1.850714921951294, 1.4641976134144667, 1791227950341627661, 
3.2506210803985596, -1.8368005752563477, 1.4927400890155957, 1791227950411065518, 
3.2511963844299316, -1.8280601501464844, 1.5099496531814733, 1791227950455654008, 
3.251711845397949, -1.8179439306259155, 1.5302554077906367, 1791227950506140242, 
3.252002477645874, -1.8078874349594116, 1.5498660645886473, 1791227950557416494, 
3.2520155906677246, -1.7984695434570312, 1.5666318847352645, 1791227950603235379, 
3.25201153755188, -1.7898942232131958, 1.584705278254667, 1791227950647493572, 
3.2516658306121826, -1.7797681093215942, 1.6044696609888571, 1791227950696048508, 
3.250915050506592, -1.7662426233291626, 1.6307497374248219, 1791227950763321158, 
3.250540018081665, -1.7594107389450073, 1.6447272473386392, 1791227950797181284, 
3.2494332790374756, -1.7476359605789185, 1.668118957292378, 1791227950856552687, 
3.248239517211914, -1.7373768091201782, 1.6878574466395433, 1791227950906572889, 
3.247138500213623, -1.7278945446014404, 1.7076044301872868, 1791227950952772295, 
3.2455334663391113, -1.7176920175552368, 1.726753268393649, 1791227951003689545, 
3.244040012359619, -1.7093638181686401, 1.742459786023469, 1791227951046577056, 
3.242264747619629, -1.6995941400527954, 1.7641387836085982, 1791227951096023271, 
3.240201234817505, -1.6896333694458008, 1.785065247148275, 1791227951145796659, 
3.237949848175049, -1.6799514293670654, 1.80421171745546, 1791227951194597549, 
3.234905958175659, -1.6678225994110107, 1.8287906598748782, 1791227951256532862, 
3.2321934700012207, -1.6581860780715942, 1.848422402216079, 1791227951306566457, 
3.2295138835906982, -1.6489864587783813, 1.8675658501071113, 1791227951354570604, 
3.226527690887451, -1.6394509077072144, 1.8887022479026165, 1791227951404567782, 
3.2237389087677, -1.6314952373504639, 1.9052169742828235, 1791227951446493519, 
3.2202770709991455, -1.6220123767852783, 1.9238566101658006, 1791227951497613006, 
3.2166929244995117, -1.6125388145446777, 1.9435646369943753, 1791227951548608430, 
3.2129123210906982, -1.603636622428894, 1.9615505328792178, 1791227951595031661, 
3.2081081867218018, -1.5924116373062134, 1.9860481341386762, 1791227951658580712, 
3.203946828842163, -1.5831836462020874, 2.006494489093065, 1791227951707554885, 
3.199427366256714, -1.5739935636520386, 2.0260085990841863, 1791227951756567158, 
3.1948466300964355, -1.5652087926864624, 2.0452429083216583, 1791227951806567740, 
3.19120192527771, -1.5581130981445312, 2.062591862036421, 1791227951846490796, 
3.1861932277679443, -1.5490080118179321, 2.085022890757118, 1791227951897616492, 
3.1812751293182373, -1.5404356718063354, 2.1053515420885307, 1791227951945891650, 
3.175912380218506, -1.5317976474761963, 2.124703870521428, 1791227951995947877, 
3.1693646907806396, -1.5216671228408813, 2.1485380856520737, 1791227952056529815, 
3.1638073921203613, -1.5134037733078003, 2.16928864913094, 1791227952105770030, 
3.1580193042755127, -1.505023717880249, 2.1901248505675226, 1791227952156552552, 
3.152010917663574, -1.4969043731689453, 2.209639546683324, 1791227952206544509, 
3.147308349609375, -1.490676760673523, 2.2246467129473864, 1791227952246496660, 
3.140947103500366, -1.4826674461364746, 2.245063317698857, 1791227952297617605, 
3.134481906890869, -1.4747811555862427, 2.2659373712206334, 1791227952346452928, 
3.1281089782714844, -1.4672874212265015, 2.2858658105724623, 1791227952395725118, 
3.120074510574341, -1.4584174156188965, 2.3077736028421194, 1791227952457569039, 
3.1131622791290283, -1.451056718826294, 2.3264347356458517, 1791227952506547038, 
3.1062164306640625, -1.4439715147018433, 2.3458371763858894, 1791227952556573617, 
3.0991663932800293, -1.4369523525238037, 2.3655456947297138, 1791227952606544244, 
3.093390941619873, -1.4314085245132446, 2.3816269646381176, 1791227952646493950, 
3.08601450920105, -1.4244530200958252, 2.401452513076846, 1791227952696516126, 
3.078490734100342, -1.417689323425293, 2.4211459320211546, 1791227952746490563, 
3.070770025253296, -1.4110872745513916, 2.441445397862573, 1791227952795817862, 
3.061502456665039, -1.4034192562103271, 2.465795795710524, 1791227952855925332, 
3.0535876750946045, -1.3971834182739258, 2.4868659160211264, 1791227952906572871, 
3.0454583168029785, -1.3910737037658691, 2.507049587202853, 1791227952956551891, 
3.037285804748535, -1.3853106498718262, 2.526074767772804, 1791227953006576084, 
3.0306224822998047, -1.380742073059082, 2.5419602695759345, 1791227953046497839, 
3.0221972465515137, -1.3750581741333008, 2.5627669735001493, 1791227953097015901, 
3.0137479305267334, -1.3697656393051147, 2.5820264217265674, 1791227953145945255, 
3.0053458213806152, -1.3646973371505737, 2.601073377497004, 1791227953195765059, 
2.9943573474884033, -1.3584673404693604, 2.6255118546868372, 1791227953256941666, 
2.9858548641204834, -1.3537476062774658, 2.645043836358411, 1791227953306572592, 
2.976903200149536, -1.3491743803024292, 2.6645784073766756, 1791227953356577289, 
2.9680516719818115, -1.3447076082229614, 2.6845929765445806, 1791227953406526105, 
2.9608094692230225, -1.3412007093429565, 2.7005657209705216, 1791227953447498423, 
2.951645851135254, -1.3370996713638306, 2.7195981197293553, 1791227953496533917, 
2.938798189163208, -1.331490159034729, 2.7484698144579633, 1791227953565939423, 
2.933523416519165, -1.3292560577392578, 2.760256085351687, 1791227953595809210, 
2.92203688621521, -1.3249478340148926, 2.7839236994049563, 1791227953656283294, 
2.912384510040283, -1.3214682340621948, 2.8053022041234708, 1791227953706579332, 
2.9028146266937256, -1.3181700706481934, 2.8259753511598444, 1791227953756573386, 
2.89339017868042, -1.315218448638916, 2.845526944580086, 1791227953806548104, 
2.88555645942688, -1.31288480758667, 2.86217306435804, 1791227953846498645, 
2.875763416290283, -1.3101081848144531, 2.882817671015898, 1791227953896565200, 
2.865812063217163, -1.307662010192871, 2.9017229147772663, 1791227953946620979, 
2.856334924697876, -1.3054331541061401, 2.922077663821749, 1791227953995960396, 
2.8443169593811035, -1.3028873205184937, 2.946622154591259, 1791227954055838565, 
2.8342444896698, -1.3010988235473633, 2.96566345063096, 1791227954106547262, 
2.824258327484131, -1.2994834184646606, 2.9857079970669123, 1791227954156619459, 
2.814586877822876, -1.2981106042861938, 3.005282863307909, 1791227954206574497, 
2.806380271911621, -1.2971282005310059, 3.020447233472036, 1791227954246498063, 
2.7965261936187744, -1.2960137128829956, 3.0411691676727646, 1791227954296547345, 
2.7863261699676514, -1.2951444387435913, 3.061345798744114, 1791227954345709970, 
2.7765376567840576, -1.2945594787597656, 3.079974407543252, 1791227954396251385, 
2.764191150665283, -1.2940425872802734, 3.103874689182446, 1791227954456608763, 
2.7540700435638428, -1.2937865257263184, 3.1241338278012747, 1791227954506580030, 
2.7440664768218994, -1.293744683265686, -3.139279603883226, 1791227954556551301, 
2.7341108322143555, -1.2938787937164307, -3.1190183154658575, 1791227954608549661, 
2.725830078125, -1.2942038774490356, -3.1038322470453066, 1791227954646535228, 
2.7156951427459717, -1.2946949005126953, -3.083676332880045, 1791227954695858730, 
2.702544927597046, -1.2956595420837402, -3.057105047899991, 1791227954762280130, 
2.6957712173461914, -1.2963156700134277, -3.043295631966757, 1791227954795795620, 
2.686379909515381, -1.2974042892456055, -3.024359230190672, 1791227954842591134, 
2.6733760833740234, -1.299010992050171, -2.9979462456584125, 1791227954905729268, 
2.663491725921631, -1.300594449043274, -2.9787995654782486, 1791227954955860707, 
2.6545586585998535, -1.3022127151489258, -2.9612336336582827, 1791227955001928914, 
2.645832061767578, -1.3038909435272217, -2.9425475656005156, 1791227955046337267, 
2.635955572128296, -1.3060460090637207, -2.9220230242388494, 1791227955096586133, 
2.6262776851654053, -1.3083348274230957, -2.903514910542504, 1791227955145942008, 
2.6164846420288086, -1.310776948928833, -2.8835384527061394, 1791227955196943532, 
2.6047706604003906, -1.314149022102356, -2.861372739499384, 1791227955256319928, 
2.5950796604156494, -1.3170603513717651, -2.841654052474803, 1791227955305990812, 
2.5854246616363525, -1.3201261758804321, -2.8196053324533157, 1791227955358147332, 
2.5766818523406982, -1.3232837915420532, -2.801485362052475, 1791227955403590793, 
2.568605422973633, -1.3263201713562012, -2.7850994740589172, 1791227955445703404, 
2.5590853691101074, -1.3298895359039307, -2.7644846180357874, 1791227955496595270, 
2.5466670989990234, -1.3350715637207031, -2.7384550348254932, 1791227955564282892, 
2.5410380363464355, -1.3375288248062134, -2.727047189913121, 1791227955594165517, 
2.5295488834381104, -1.3429038524627686, -2.702003262088974, 1791227955655819717, 
2.5202348232269287, -1.3474658727645874, -2.681879752432497, 1791227955706539307, 
2.5118942260742188, -1.3519264459609985, -2.6630027593674885, 1791227955754584192, 
2.5028724670410156, -1.3565534353256226, -2.640747821645925, 1791227955804558152, 
2.4953372478485107, -1.360883116722107, -2.622356082358582, 1791227955847503058, 
2.4866745471954346, -1.365976095199585, -2.603787186057467, 1791227955897575968, 
2.4749836921691895, -1.3732208013534546, -2.5778645883793043, 1791227955964894291, 
2.469694137573242, -1.3766343593597412, -2.5650236388557244, 1791227955994848521, 
2.4594554901123047, -1.3834819793701172, -2.5399595272984716, 1791227956057553524, 
2.4512853622436523, -1.3891385793685913, -2.5205247087872746, 1791227956107789025, 
2.443730115890503, -1.3947583436965942, -2.502730379171576, 1791227956154690177, 
2.43576717376709, -1.4008758068084717, -2.483675591211928, 1791227956205608801, 
2.4289252758026123, -1.4062347412109375, -2.4663350248299736, 1791227956247496344, 
2.4210009574890137, -1.4128079414367676, -2.4459471155739947, 1791227956297703250, 
2.410607099533081, -1.4220110177993774, -2.4189749214401264, 1791227956366268253, 
2.405975818634033, -1.426174283027649, -2.4070368943087437, 1791227956396282653, 
2.3969357013702393, -1.4346058368682861, -2.38112541742325, 1791227956457469316, 
2.3897202014923096, -1.4417346715927124, -2.359494244034322, 1791227956505830759, 
2.382847547531128, -1.4487159252166748, -2.339248570625573, 1791227956556598113, 
2.375809669494629, -1.4562134742736816, -2.3193512196613075, 1791227956605693291, 
2.370448350906372, -1.4621742963790894, -2.302783048288247, 1791227956645786806, 
2.3637616634368896, -1.469703197479248, -2.28237349201418, 1791227956697395028, 
2.357419013977051, -1.4772613048553467, -2.2631503244740174, 1791227956746220383, 
2.350982666015625, -1.485297441482544, -2.2428620055806268, 1791227956796902730, 
2.343418836593628, -1.4950662851333618, -2.2181735296677543, 1791227956857046402, 
2.3373911380767822, -1.5034799575805664, -2.1983080218522857, 1791227956906567063, 
2.3317439556121826, -1.5115035772323608, -2.178219196110804, 1791227956955712529, 
2.3264007568359375, -1.5199358463287354, -2.1596417329117843, 1791227957007629126, 
2.322146415710449, -1.5266175270080566, -2.145236499755301, 1791227957046497071, 
2.316864490509033, -1.5351176261901855, -2.126929626683123, 1791227957096857192, 
2.3117294311523438, -1.5436209440231323, -2.107858971719475, 1791227957145812321, 
2.3052477836608887, -1.5548254251480103, -2.083156517994543, 1791227957206997663, 
